Battery voltage [21],Coolant temp [18],Intake air temp [17],Lambda [5],MAP [20],RPM [61],Engine Oil Pressure [804],Engine Oil Temp [805],EGT 1  [128],EGT 2  [129],VSS Gear [90]
13,84.5999984741211,44.2000007629395,0.00100000004749745,57,4194,24.8999996185303,106.099998474121,470,343,0
12.9099998474121,84.5999984741211,44.2000007629395,0.00100000004749745,42.9000015258789,4992,47.2999992370605,106,470,343,0
12.8999996185303,84.5999984741211,44.2000007629395,0.00100000004749745,34.5,5360,186,105.900001525879,470,343,0
12.9300003051758,84.5999984741211,44.2000007629395,0.00100000004749745,29.7999992370605,5042,291.5,105.699996948242,470,344,0
13.0299997329712,84.5,44.2000007629395,0.00100000004749745,28.1000003814697,4442,268,105.699996948242,470,346,0
13.0299997329712,84.5,44.2000007629395,0.00100000004749745,28.2999992370605,3772,243.600006103516,105.699996948242,472,348,0
12.8999996185303,84.5,44.2000007629395,0.00100000004749745,29.8999996185303,3580,242.600006103516,105.699996948242,475,350,0
12.8599996566772,84.5,44.2000007629395,0.00100000004749745,31.2000007629395,3469,236.800003051758,105.699996948242,478,352,0
13.0200004577637,84.5,44.2000007629395,0.00100000004749745,32,3418,234.800003051758,106.099998474121,480,354,0
13.039999961853,84.5,44.2000007629395,0.00100000004749745,32.7000007629395,3431,232.899993896484,106,480,354,0
13.0299997329712,84.4000015258789,44.0999984741211,0.00100000004749745,33.5999984741211,3390,232.899993896484,105.699996948242,482,356,0
12.8999996185303,84.4000015258789,44.0999984741211,0.00100000004749745,34.0999984741211,3308,232.899993896484,105.699996948242,485,357,0
12.960000038147,84.4000015258789,44.0999984741211,0.00100000004749745,34,3265,231.899993896484,105.699996948242,488,358,0
13.0299997329712,84.4000015258789,44.0999984741211,0.00100000004749745,34.2999992370605,3347,232.899993896484,105.699996948242,491,360,0
13.0699996948242,84.3000030517578,44.0999984741211,0.00100000004749745,34.7999992370605,3234,227,105.699996948242,495,361,0
13,84.3000030517578,44.0999984741211,0.00100000004749745,34.7000007629395,3194,226,105.900001525879,498,361,0
12.9300003051758,84.3000030517578,44.0999984741211,0.00100000004749745,34.5,3172,228,106.099998474121,498,363,0
12.9200000762939,84.3000030517578,44.0999984741211,0.00100000004749745,35,3242,227,106,502,364,0
13.0299997329712,84.3000030517578,44.0999984741211,0.00100000004749745,34.7999992370605,3170,224.100006103516,105.900001525879,506,366,0
13.1000003814697,84.1999969482422,44.0999984741211,0.00100000004749745,34.4000015258789,3148,227,105.699996948242,510,368,0
13,84.1999969482422,44.0999984741211,0.00100000004749745,35,3186,224.100006103516,105.900001525879,514,369,0
12.960000038147,84.1999969482422,44.0999984741211,0.00100000004749745,35,3231,224.100006103516,105.699996948242,518,369,0
13.1000003814697,84.1999969482422,44.0999984741211,0.00100000004749745,34.5999984741211,3205,227,105.900001525879,518,370,0
13.1099996566772,84.0999984741211,44.0999984741211,0.00100000004749745,34.7999992370605,3267,228,106.400001525879,523,372,0
13.0900001525879,84.0999984741211,44.0999984741211,0.00100000004749745,35,3229,224.100006103516,106.099998474121,527,373,0
13,84.0999984741211,44.0999984741211,0.00100000004749745,34.5999984741211,3152,224.100006103516,106,531,374,0
13.0100002288818,84.0999984741211,44.0999984741211,0.00100000004749745,35.2000007629395,3215,222.100006103516,105.900001525879,535,376,0
13,84.0999984741211,44.0999984741211,0.00100000004749745,35,3212,223.100006103516,105.900001525879,539,377,0
13.1199998855591,84,44.0999984741211,0.00100000004749745,34.7999992370605,3121,226,105.900001525879,539,377,0
12.8800001144409,84,44.0999984741211,0.00100000004749745,35.5999984741211,3158,222.100006103516,105.699996948242,543,379,0
13.1199998855591,84,44.0999984741211,0.00100000004749745,34.5999984741211,3076,223.100006103516,105.900001525879,547,380,0
13.0100002288818,84,44.0999984741211,0.00100000004749745,35.7000007629395,3116,220.199996948242,106.400001525879,551,381,0
13.1099996566772,84,44.0999984741211,0.00100000004749745,35.4000015258789,3034,219.199996948242,106.099998474121,555,383,0
13.1300001144409,83.9000015258789,44.0999984741211,0.00100000004749745,35.5999984741211,3040,218.199996948242,105.900001525879,559,384,0
13.039999961853,84,44.0999984741211,0.00100000004749745,36.0999984741211,3131,220.199996948242,105.900001525879,559,384,0
13.0299997329712,83.9000015258789,44.0999984741211,0.00100000004749745,35.4000015258789,3041,222.100006103516,105.900001525879,563,385,0
13.1099996566772,83.9000015258789,44.0999984741211,0.00100000004749745,36.2000007629395,3116,219.199996948242,105.699996948242,567,386,0
13.1300001144409,83.9000015258789,44.0999984741211,0.00100000004749745,35.2000007629395,3071,222.100006103516,105.900001525879,571,388,0
13.1499996185303,83.9000015258789,44.0999984741211,0.00100000004749745,35.7999992370605,3187,225.100006103516,106.099998474121,575,389,0
13.039999961853,83.9000015258789,44.2000007629395,0.00100000004749745,35.7000007629395,3207,223.100006103516,106.400001525879,578,390,0
13.0100002288818,83.8000030517578,44.2000007629395,0.00100000004749745,35.2999992370605,3138,225.100006103516,106,582,390,0
12.6899995803833,83.8000030517578,44.2000007629395,0.00100000004749745,36.0999984741211,3160,221.199996948242,105.699996948242,582,392,0
12.9700002670288,83.8000030517578,44.2000007629395,0.00100000004749745,35.2999992370605,3086,224.100006103516,105.900001525879,586,393,0
12.9399995803833,83.8000030517578,44.2000007629395,0.00100000004749745,35.7000007629395,3186,221.199996948242,105.699996948242,589,395,0
12.8800001144409,83.8000030517578,44.2000007629395,0.00100000004749745,35.9000015258789,3205,224.100006103516,105.900001525879,592,396,0
12.9200000762939,83.8000030517578,44.2000007629395,0.00100000004749745,34.9000015258789,3119,224.100006103516,105.900001525879,596,397,0
13.0100002288818,83.8000030517578,44.2000007629395,0.00100000004749745,35.7999992370605,3195,225.100006103516,106.400001525879,599,397,0
13.0100002288818,83.6999969482422,44.2000007629395,0.00100000004749745,35.7999992370605,3123,218.199996948242,106,599,398,0
12.9200000762939,83.6999969482422,44.2000007629395,0.00100000004749745,35.2000007629395,3111,222.100006103516,105.900001525879,602,399,0
12.4799995422363,83.6999969482422,44.2000007629395,0.00100000004749745,36.0999984741211,3140,222.100006103516,105.699996948242,606,400,1
12.9899997711182,83.6999969482422,44.2000007629395,0.00100000004749745,35.4000015258789,2932,217.199996948242,105.699996948242,609,402,1
13,83.6999969482422,44.2000007629395,0.00100000004749745,37.7999992370605,2979,213.300003051758,105.699996948242,612,402,1
12.9700002670288,83.6999969482422,44.2000007629395,0.00100000004749745,38,2854,206.5,105.699996948242,616,404,1
12.8500003814697,83.5999984741211,44.2000007629395,0.00100000004749745,39.7999992370605,2777,211.399993896484,105.699996948242,616,404,1
12.539999961853,83.6999969482422,44.2000007629395,0.00100000004749745,41.5999984741211,2837,209.399993896484,106.099998474121,619,405,1
12.9799995422363,83.5999984741211,44.2000007629395,0.00100000004749745,40.7000007629395,2810,214.300003051758,106,621,406,1
12.960000038147,83.5999984741211,44.2999992370605,0.00100000004749745,42.7000007629395,3079,217.199996948242,105.699996948242,625,407,1
13.0100002288818,83.5999984741211,44.2999992370605,0.00100000004749745,39.7999992370605,3239,229.899993896484,105.699996948242,627,408,1
12.8699998855591,83.5999984741211,44.2999992370605,0.00100000004749745,38.7999992370605,3269,229.899993896484,105.699996948242,629,409,1
12.960000038147,83.5999984741211,44.2999992370605,0.00100000004749745,37.5999984741211,3475,235.800003051758,105.699996948242,629,409,1
12.7399997711182,83.5999984741211,44.2999992370605,0.00100000004749745,36.7000007629395,3367,228,105.699996948242,632,410,1
13.0299997329712,83.5999984741211,44.2999992370605,0.00100000004749745,36.9000015258789,3271,228,106.099998474121,634,412,1
13.0299997329712,83.5999984741211,44.2999992370605,0.00100000004749745,38,3202,227,106,636,412,1
12.9899997711182,83.5,44.2999992370605,0.00100000004749745,38.7999992370605,3338,229,105.900001525879,639,414,1
13.0100002288818,83.5,44.2999992370605,0.00100000004749745,38.2000007629395,3384,230.899993896484,105.699996948242,642,415,1
13.0299997329712,83.5,44.2999992370605,0.00100000004749745,37.0999984741211,3372,233.800003051758,105.699996948242,642,415,1
12.960000038147,83.5,44.2999992370605,0.00100000004749745,37.9000015258789,3415,234.800003051758,105.699996948242,645,416,1
13.0500001907349,83.5,44.2999992370605,0.00100000004749745,44.5999984741211,3400,234.800003051758,105.599998474121,648,418,1
13.0699996948242,83.5,44.2999992370605,0.00100000004749745,44.9000015258789,3663,243.600006103516,106,650,419,1
13.0500001907349,83.5,44.2999992370605,0.00100000004749745,38.9000015258789,4032,258.299987792969,106.099998474121,653,420,1
12.9899997711182,83.5,44.2999992370605,0.989000022411346,34.2000007629395,4307,266.100006103516,105.900001525879,656,421,1
13.0799999237061,83.5,44.2999992370605,0.948000013828278,38,4225,263.100006103516,105.699996948242,658,421,1
13.0200004577637,83.5,44.2999992370605,1.0110000371933,38.2000007629395,4282,266.100006103516,105.599998474121,658,422,1
12.6499996185303,83.5,44.2999992370605,1.02900004386902,37.5999984741211,4311,269,105.599998474121,661,424,1
13.0500001907349,83.5,44.4000015258789,1.00800001621246,38.2999992370605,4255,267.100006103516,105.599998474121,664,426,1
12.8000001907349,83.5,44.4000015258789,1.02999997138977,40.2999992370605,4111,261.200012207031,105.599998474121,667,428,1
13.0299997329712,83.4000015258789,44.4000015258789,1.03999996185303,40.7999992370605,4235,264.100006103516,106,671,430,1
13.0500001907349,83.5,44.4000015258789,1.04200005531311,42.5999984741211,4095,260.200012207031,106,674,432,1
13.0299997329712,83.5,44.4000015258789,1.03699994087219,43.2000007629395,4166,253.399993896484,105.900001525879,674,432,1
13.1099996566772,83.5,44.4000015258789,1.06500005722046,45.2999992370605,4058,260.200012207031,105.699996948242,678,435,1
13.0299997329712,83.5,44.4000015258789,1.04499995708466,46,4215,263.100006103516,105.599998474121,681,438,1
13.0100002288818,83.5,44.4000015258789,1.05900001525879,47.5999984741211,4078,260.200012207031,105.699996948242,684,440,1
13.0299997329712,83.5,44.4000015258789,1.03600001335144,48.5,4244,260.200012207031,105.599998474121,689,443,1
13.1400003433228,83.5,44.4000015258789,1.04999995231628,49,4230,264.100006103516,105.699996948242,692,446,1
13.1700000762939,83.4000015258789,44.5,1.05900001525879,48.7000007629395,4372,267.100006103516,106.099998474121,692,446,1
13.0600004196167,83.4000015258789,44.5,1.06900000572205,50,4181,266.100006103516,106,696,448,1
13.0799999237061,83.4000015258789,44.5,1.057000041008,49,4372,262.200012207031,105.699996948242,698,451,1
13.1199998855591,83.4000015258789,44.5,1.04900002479553,49.9000015258789,4264,266.100006103516,105.699996948242,702,454,1
13.1499996185303,83.4000015258789,44.5,1.05400002002716,48.9000015258789,4323,264.100006103516,105.599998474121,705,457,1
13.0699996948242,83.4000015258789,44.5,1.04900002479553,50.0999984741211,4119,259.200012207031,105.599998474121,708,459,1
13.1099996566772,83.4000015258789,44.5,1.05599999427795,48,4242,256.299987792969,105.699996948242,711,459,1
13.1000003814697,83.4000015258789,44.5,1.01699995994568,47.7999992370605,4094,256.299987792969,105.599998474121,711,462,1
13.1599998474121,83.4000015258789,44.5,1.01499998569489,45.4000015258789,4145,253.399993896484,106.099998474121,714,465,1
13.1899995803833,83.4000015258789,44.5,0.99099999666214,45.5999984741211,4045,258.299987792969,105.900001525879,717,468,1
13.0799999237061,83.4000015258789,44.5,1.00899994373322,44.5999984741211,4068,249.5,105.599998474121,720,471,1
13.0600004196167,83.4000015258789,44.5,0.998000025749207,45.2000007629395,3871,243.600006103516,105.599998474121,723,474,1
13.1800003051758,83.4000015258789,44.5,1.00100004673004,46.2000007629395,3869,249.5,105.599998474121,725,476,1
13.1999998092651,83.4000015258789,44.5,1.00600004196167,45.5999984741211,3963,246.5,105.599998474121,725,476,1
13.1800003051758,83.4000015258789,44.5,0.986999988555908,44.7999992370605,3896,245.600006103516,105.599998474121,728,478,1
13.210000038147,83.4000015258789,44.5,1.00899994373322,45,3841,243.600006103516,105.599998474121,730,480,1
13.1599998474121,83.4000015258789,44.5,1.01499998569489,45.2000007629395,3623,236.800003051758,106,733,483,1
13.2200002670288,83.4000015258789,44.5,0.998000025749207,44.5,3685,242.600006103516,105.699996948242,735,484,1
13.1999998092651,83.4000015258789,44.5,0.994000017642975,43.7999992370605,3674,242.600006103516,105.599998474121,736,486,1
13.1899995803833,83.4000015258789,44.5,1.00300002098083,43.2999992370605,3828,246.5,105.599998474121,738,486,1
13.0600004196167,83.4000015258789,44.5,0.998000025749207,41.2000007629395,4083,251.399993896484,105.599998474121,738,488,1
13.2399997711182,83.4000015258789,44.5,0.998000025749207,39.5999984741211,4194,260.200012207031,105.599998474121,739,489,1
13.210000038147,83.4000015258789,44.5,0.99099999666214,37.5,4377,263.100006103516,105.599998474121,740,491,1
13.2399997711182,83.4000015258789,44.5,1.00399994850159,34.2000007629395,4297,268,106,742,493,1
13.1899995803833,83.4000015258789,44.5,0.936999976634979,32,4258,260.200012207031,105.900001525879,744,494,1
13.1899995803833,83.3000030517578,44.5,0.908999979496002,31.2999992370605,4222,256.299987792969,105.599998474121,746,495,1
13.1099996566772,83.3000030517578,44.5,0.896000027656555,29.8999996185303,3982,249.5,105.599998474121,746,495,1
13.1899995803833,83.4000015258789,44.5,0.962999999523163,30.6000003814697,3723,240.699996948242,105.599998474121,746,495,1
13.1899995803833,83.3000030517578,44.5,0.949999988079071,31.1000003814697,3670,240.699996948242,105.599998474121,747,497,1
13.0699996948242,83.4000015258789,44.5,0.894999980926514,31.7999992370605,3577,237.800003051758,105.599998474121,750,498,1
13.1000003814697,83.3000030517578,44.5,0.879999995231628,32.7000007629395,3484,234.800003051758,105.900001525879,751,499,1
13.1899995803833,83.3000030517578,44.5,0.875999987125397,33.4000015258789,3391,229.899993896484,106,752,499,1
13.210000038147,83.4000015258789,44.5,0.883000016212463,34.5,3398,229.899993896484,105.699996948242,754,500,1
13.1999998092651,83.4000015258789,44.5,0.887000024318695,35.2000007629395,3383,226,105.599998474121,755,500,1
12.9899997711182,83.4000015258789,44.5,0.882000029087067,35.2000007629395,3275,225.100006103516,105.599998474121,755,500,1
13.0200004577637,83.4000015258789,44.5,0.889999985694885,35.9000015258789,3239,225.100006103516,105.599998474121,756,500,1
13.0699996948242,83.3000030517578,44.5,0.892000019550323,36.5,3285,224.100006103516,105.599998474121,757,500,1
13.1099996566772,83.4000015258789,44.5,0.897000014781952,36.5,3287,223.100006103516,105.300003051758,757,500,1
13.0500001907349,83.4000015258789,44.4000015258789,0.922999978065491,36.5,3138,224.100006103516,105.900001525879,758,500,1
13.0100002288818,83.4000015258789,44.4000015258789,0.934000015258789,37.0999984741211,3254,222.100006103516,105.900001525879,757,500,1
13.1099996566772,83.4000015258789,44.4000015258789,0.938000023365021,36.7999992370605,3161,220.199996948242,105.599998474121,757,499,1
13.1800003051758,83.4000015258789,44.4000015258789,0.944000005722046,36.7999992370605,3101,219.199996948242,105.599998474121,758,499,1
12.8000001907349,83.4000015258789,44.4000015258789,0.945999979972839,37.5999984741211,3140,217.199996948242,105.199996948242,759,499,1
13.0600004196167,83.4000015258789,44.4000015258789,0.940999984741211,36.7000007629395,3045,223.100006103516,105.300003051758,759,499,1
12.9899997711182,83.4000015258789,44.4000015258789,0.952000021934509,37.4000015258789,3161,221.199996948242,105.599998474121,759,499,1
12.9499998092651,83.4000015258789,44.4000015258789,0.967999994754791,37.5999984741211,3084,218.199996948242,105.300003051758,759,499,1
13.0799999237061,83.4000015258789,44.4000015258789,0.96399998664856,37.0999984741211,3084,220.199996948242,106,759,499,1
13.0699996948242,83.4000015258789,44.4000015258789,0.968999981880188,38,3130,217.199996948242,105.900001525879,759,499,1
13.1000003814697,83.4000015258789,44.4000015258789,0.958000004291534,37,3081,223.100006103516,105.599998474121,759,498,1
13.0200004577637,83.4000015258789,44.4000015258789,0.973999977111816,37.5999984741211,3159,221.199996948242,105.300003051758,760,498,1
12.9700002670288,83.4000015258789,44.4000015258789,0.967999994754791,37.5999984741211,3106,221.199996948242,105.599998474121,760,498,1
13.039999961853,83.4000015258789,44.4000015258789,0.97299998998642,37.4000015258789,3058,214.300003051758,105.599998474121,760,498,1
12.7399997711182,83.4000015258789,44.4000015258789,0.967000007629395,37.7999992370605,3190,220.199996948242,105.300003051758,760,498,1
13.1000003814697,83.4000015258789,44.4000015258789,0.971000015735626,36.7000007629395,3046,221.199996948242,105.300003051758,761,497,1
13.0900001525879,83.4000015258789,44.4000015258789,0.971000015735626,37.7999992370605,3140,220.199996948242,106,761,498,1
13.0100002288818,83.4000015258789,44.4000015258789,0.966000020503998,37.4000015258789,3074,219.199996948242,105.900001525879,762,497,1
13.1000003814697,83.4000015258789,44.4000015258789,0.976999998092651,37.7000007629395,3172,217.199996948242,105.599998474121,762,497,1
13.0699996948242,83.4000015258789,44.4000015258789,0.980000019073486,38.0999984741211,3150,219.199996948242,105.300003051758,762,497,1
13.1099996566772,83.4000015258789,44.4000015258789,0.976000010967255,37.0999984741211,3032,219.199996948242,105.300003051758,762,497,1
12.960000038147,83.5,44.4000015258789,0.975000023841858,38.0999984741211,3126,219.199996948242,105.199996948242,763,497,1
12.9899997711182,83.5,44.4000015258789,0.982999980449677,37.0999984741211,2999,218.199996948242,105.300003051758,763,497,1
13.0900001525879,83.5,44.4000015258789,0.980000019073486,38,3113,217.199996948242,105.199996948242,763,497,1
13.0500001907349,83.5,44.4000015258789,0.99099999666214,37.5999984741211,2952,216.300003051758,105.900001525879,764,497,1
13.0299997329712,83.5,44.4000015258789,0.992999970912933,38.2999992370605,3030,219.199996948242,105.599998474121,764,497,1
13.1199998855591,83.5,44.4000015258789,1.00399994850159,38.0999984741211,2815,212.399993896484,105.300003051758,765,497,1
13.0600004196167,83.5,44.4000015258789,1.03999996185303,40.2000007629395,2849,207.5,105.199996948242,765,497,1
13.1099996566772,83.5,44.4000015258789,1.02799999713898,39.9000015258789,2797,208.5,105.300003051758,765,497,1
13.0200004577637,83.5,44.4000015258789,1.04900002479553,43.2999992370605,2772,208.5,105.300003051758,766,497,1
13,83.5,44.4000015258789,1.08399999141693,44.7000007629395,3030,216.300003051758,105.199996948242,766,497,1
12.9799995422363,83.5,44.4000015258789,1.09800004959106,42.7999992370605,3059,223.100006103516,105.900001525879,766,497,1
13.0699996948242,83.5,44.4000015258789,1.01400005817413,41.5,3329,222.100006103516,105.599998474121,767,497,1
13.0600004196167,83.5999984741211,44.4000015258789,0.980000019073486,39.7999992370605,3467,232.899993896484,105.300003051758,767,497,1
13.0900001525879,83.5999984741211,44.4000015258789,0.980000019073486,37.5999984741211,3554,233.800003051758,105.300003051758,767,497,1
12.8299999237061,83.5999984741211,44.4000015258789,0.986999988555908,35.7999992370605,3546,231.899993896484,105.199996948242,766,497,1
13.0500001907349,83.5999984741211,44.4000015258789,0.98199999332428,35,3596,233.800003051758,105.199996948242,766,497,1
13.2399997711182,83.5999984741211,44.4000015258789,0.971000015735626,34.5999984741211,3483,233.800003051758,105.199996948242,766,497,1
13.3000001907349,83.5999984741211,44.4000015258789,0.949000000953674,34.2999992370605,3438,231.899993896484,105.699996948242,767,497,1
13.1499996185303,83.5999984741211,44.4000015258789,0.930000007152557,34.5,3403,230.899993896484,105.699996948242,767,497,1
13.2399997711182,83.5999984741211,44.4000015258789,0.925000011920929,34.5999984741211,3376,231.899993896484,105.599998474121,767,497,1
13.25,83.6999969482422,44.4000015258789,0.906000018119812,35.0999984741211,3446,228,105.300003051758,768,497,1
13.2600002288818,83.6999969482422,44.4000015258789,0.898000001907349,35.7000007629395,3404,228,105.300003051758,768,497,1
12.9799995422363,83.6999969482422,44.4000015258789,0.892000019550323,36.2000007629395,3411,227,105.199996948242,768,497,1
13.1000003814697,83.6999969482422,44.4000015258789,0.890999972820282,36.0999984741211,3304,227,105.199996948242,769,497,1
13.2799997329712,83.6999969482422,44.4000015258789,0.899999976158142,36.0999984741211,3287,228,105.199996948242,768,497,1
13.2299995422363,83.6999969482422,44.4000015258789,0.898000001907349,36.7999992370605,3272,221.199996948242,106,768,497,1
13.2399997711182,83.6999969482422,44.4000015258789,0.896000027656555,37.5,3145,220.199996948242,105.599998474121,769,497,1
13.1099996566772,83.8000030517578,44.2999992370605,0.925000011920929,36.7000007629395,3160,223.100006103516,105.599998474121,769,497,1
13.1599998474121,83.8000030517578,44.2999992370605,0.936999976634979,37.5,3205,222.100006103516,105.300003051758,769,496,1
13.2600002288818,83.8000030517578,44.2999992370605,0.935000002384186,37.9000015258789,3143,218.199996948242,105.300003051758,769,497,1
13.2399997711182,83.8000030517578,44.2999992370605,0.944000005722046,37.2999992370605,3123,223.100006103516,105.300003051758,769,496,1
13.2200002670288,83.8000030517578,44.2999992370605,0.948000013828278,37.7999992370605,3244,221.199996948242,105.199996948242,769,496,1
13.1599998474121,83.8000030517578,44.2999992370605,0.950999975204468,37.5,3158,222.100006103516,105.199996948242,769,496,1
13.0900001525879,83.8000030517578,44.2999992370605,0.947000026702881,37.2999992370605,3146,219.199996948242,105.900001525879,769,496,1
12.9899997711182,83.9000015258789,44.2999992370605,0.940999984741211,37.9000015258789,3178,218.199996948242,105.699996948242,769,496,1
13.2700004577637,83.9000015258789,44.2999992370605,0.944999992847443,37.0999984741211,3083,222.100006103516,105.599998474121,770,496,1
13.1899995803833,83.9000015258789,44.2999992370605,0.957000017166138,37.5999984741211,3078,215.300003051758,105.300003051758,769,496,1
13.1999998092651,83.9000015258789,44.2999992370605,0.96399998664856,38,3164,218.199996948242,105.300003051758,769,496,1
13.2799997329712,83.9000015258789,44.2999992370605,0.953000009059906,37.0999984741211,3130,224.100006103516,105.199996948242,770,496,1
13.1400003433228,83.9000015258789,44.2999992370605,0.957000017166138,37.7000007629395,3227,224.100006103516,105.199996948242,770,496,1
13.1400003433228,84,44.2999992370605,0.954999983310699,37.7000007629395,3246,222.100006103516,105.900001525879,770,495,1
13.0299997329712,84,44.2999992370605,0.952000021934509,36.9000015258789,3147,223.100006103516,105.599998474121,770,495,1
13.25,84,44.2999992370605,0.958000004291534,37.5,3238,223.100006103516,105.300003051758,770,495,1
13.2799997329712,84,44.2999992370605,0.950999975204468,37.5999984741211,3278,222.100006103516,105.199996948242,770,495,1
13.2700004577637,84,44.2999992370605,0.962000012397766,36.9000015258789,3206,224.100006103516,105.300003051758,770,495,1
13.289999961853,84,44.2999992370605,0.954999983310699,37,3306,226,105.300003051758,771,495,1
13.0299997329712,84,44.2999992370605,0.953000009059906,37,3314,225.100006103516,105.199996948242,770,495,1
13.2799997329712,84.0999984741211,44.2999992370605,0.945999979972839,36.5999984741211,3299,229.899993896484,105.199996948242,771,495,1
13.3000001907349,84.0999984741211,44.2999992370605,0.940999984741211,36.0999984741211,3361,231.899993896484,105.900001525879,771,495,1
13.3000001907349,84.0999984741211,44.2999992370605,0.933000028133392,35.9000015258789,3406,228,105.699996948242,771,495,1
13.289999961853,84.0999984741211,44.2999992370605,0.912000000476837,35.4000015258789,3414,233.800003051758,105.300003051758,771,495,1
13.1800003051758,84.0999984741211,44.2999992370605,0.943000018596649,37.2999992370605,3104,216.300003051758,105.300003051758,771,495,0
13.2399997711182,84.0999984741211,44.2999992370605,1.09599995613098,37.2999992370605,3024,217.199996948242,105.300003051758,772,495,0
12.8800001144409,84.1999969482422,44.2999992370605,1.02199995517731,38.5999984741211,3070,215.300003051758,105.199996948242,771,495,0
13.2299995422363,84.1999969482422,44.2999992370605,0.995000004768372,37.7000007629395,3033,217.199996948242,105.300003051758,772,494,0
13.1099996566772,84.1999969482422,44.2999992370605,0.980000019073486,38.4000015258789,3209,222.100006103516,105.699996948242,771,494,0
13.1199998855591,84.1999969482422,44.2999992370605,0.994000017642975,38.2999992370605,3293,222.100006103516,105.900001525879,771,494,0
13.3000001907349,84.1999969482422,44.2999992370605,0.976000010967255,37.2999992370605,3262,229.899993896484,105.599998474121,771,494,0
13.2700004577637,84.1999969482422,44.2999992370605,0.967999994754791,37.5999984741211,3320,227,105.199996948242,771,494,0
13.2700004577637,84.3000030517578,44.2999992370605,0.953000009059906,37,3429,229.899993896484,105.300003051758,770,494,0
13.2799997329712,84.3000030517578,44.2999992370605,0.938000023365021,36.5,3444,227,105.199996948242,771,494,0
13.1800003051758,84.3000030517578,44.2999992370605,0.920000016689301,35.7999992370605,3545,230.899993896484,105.300003051758,771,494,0
13.289999961853,84.3000030517578,44.2999992370605,0.920000016689301,34.7000007629395,3578,229,105.300003051758,772,494,0
13.3199996948242,84.3000030517578,44.2999992370605,0.921999990940094,34.2000007629395,3621,235.800003051758,105.699996948242,771,494,0
13.25,84.4000015258789,44.2999992370605,0.908999979496002,33.5999984741211,3659,233.800003051758,105.699996948242,772,494,0
13.1999998092651,84.4000015258789,44.2999992370605,0.899999976158142,32.9000015258789,3712,236.800003051758,105.599998474121,772,494,0
13.2700004577637,84.4000015258789,44.2999992370605,0.893999993801117,32.4000015258789,3757,240.699996948242,105.199996948242,772,494,0
13.3000001907349,84.4000015258789,44.2999992370605,0.887000024318695,31.5,3799,239.699996948242,105.199996948242,772,494,0
13.3299999237061,84.4000015258789,44.2999992370605,0.879000008106232,30.7999992370605,3837,241.699996948242,105.300003051758,773,494,0
13.2299995422363,84.4000015258789,44.2999992370605,0.870999991893768,30.3999996185303,3768,242.600006103516,105.300003051758,773,494,0
13.210000038147,84.5,44.2999992370605,0.874000012874603,30.3999996185303,3764,244.600006103516,105.199996948242,773,494,0
13.3400001525879,84.5,44.2999992370605,0.869000017642975,30.3999996185303,3765,244.600006103516,105.900001525879,772,494,0
13.3100004196167,84.5,44.2999992370605,0.861000001430511,30.5,3825,244.600006103516,105.699996948242,773,493,0
12.9200000762939,84.5,44.2999992370605,0.865000009536743,30.2999992370605,3786,240.699996948242,105.300003051758,772,493,0
13.210000038147,84.5,44.2999992370605,0.861999988555908,30.6000003814697,3787,241.699996948242,105.199996948242,772,493,0
13.1899995803833,84.5,44.2999992370605,0.860000014305115,30.5,3793,241.699996948242,105.300003051758,772,493,0
13.289999961853,84.5,44.2999992370605,0.853999972343445,30.6000003814697,3729,242.600006103516,105.199996948242,772,493,0
13.3400001525879,84.5,44.2000007629395,0.856000006198883,31,3698,243.600006103516,105.300003051758,772,493,0
13.3400001525879,84.5,44.2000007629395,0.856000006198883,31.1000003814697,3702,244.600006103516,105.599998474121,772,493,0
13.2600002288818,84.5,44.2000007629395,0.85699999332428,30.8999996185303,3710,243.600006103516,106,771,493,0
13.2399997711182,84.5999984741211,44.2000007629395,0.860000014305115,31,3738,241.699996948242,105.599998474121,770,492,0
13.25,84.5999984741211,44.2000007629395,0.853999972343445,30.6000003814697,3799,244.600006103516,105.599998474121,770,492,0
13.3199996948242,84.6999969482422,44.2000007629395,0.861000001430511,30.5,3796,239.699996948242,105.300003051758,769,492,0
13.3199996948242,84.6999969482422,44.2000007629395,0.861000001430511,30.6000003814697,3798,240.699996948242,105.300003051758,769,492,0
13.1899995803833,84.6999969482422,44.2000007629395,0.857999980449677,30.3999996185303,3743,243.600006103516,105.300003051758,768,491,0
13.2600002288818,84.6999969482422,44.2000007629395,0.852999985218048,30.6000003814697,3741,243.600006103516,105.300003051758,767,491,0
13.25,84.8000030517578,44.2000007629395,0.852999985218048,30.5,3739,242.600006103516,105.900001525879,767,491,0
13.3100004196167,84.8000030517578,44.2000007629395,0.848999977111816,30.8999996185303,3720,244.600006103516,105.699996948242,766,491,0
13.3299999237061,84.8000030517578,44.2000007629395,0.852999985218048,30.7999992370605,3766,241.699996948242,105.599998474121,766,491,0
13,84.8000030517578,44.2000007629395,0.84799998998642,30.7999992370605,3757,242.600006103516,105.300003051758,766,491,0
13.210000038147,84.8000030517578,44.2000007629395,0.84799998998642,31,3741,238.699996948242,105.300003051758,765,491,0
13.3400001525879,84.8000030517578,44.2000007629395,0.843999981880188,31.5,3692,242.600006103516,105.300003051758,764,490,0
13.3000001907349,84.8000030517578,44.2000007629395,0.846000015735626,31.7999992370605,3701,240.699996948242,105.199996948242,764,490,0
13.210000038147,84.8000030517578,44.2000007629395,0.842999994754791,31.7999992370605,3726,241.699996948242,105.900001525879,763,490,0
13.210000038147,84.9000015258789,44.2000007629395,0.845000028610229,31.8999996185303,3743,240.699996948242,106,763,490,0
13.3100004196167,84.9000015258789,44.2000007629395,0.852999985218048,31.8999996185303,3682,244.600006103516,105.699996948242,763,489,0
13.3500003814697,84.9000015258789,44.2000007629395,0.851999998092651,31.6000003814697,3709,246.5,105.599998474121,762,489,0
13.3299999237061,84.9000015258789,44.2000007629395,0.856000006198883,31.1000003814697,3738,245.600006103516,105.300003051758,761,489,0
13.2399997711182,84.9000015258789,44.2000007629395,0.852999985218048,30.8999996185303,3754,244.600006103516,105.300003051758,760,489,0
12.960000038147,85,44.2000007629395,0.857999980449677,30.6000003814697,3806,245.600006103516,105.300003051758,760,489,0
13.3299999237061,85,44.2000007629395,0.851000010967255,30.3999996185303,3821,244.600006103516,105.300003051758,759,489,0
13.3599996566772,85.0999984741211,44.2000007629395,0.855000019073486,30.5,3814,242.600006103516,105.900001525879,759,489,0
13.3199996948242,85.0999984741211,44.2000007629395,0.845000028610229,30.3999996185303,3795,244.600006103516,106,759,489,0
13.210000038147,85.0999984741211,44.2000007629395,0.853999972343445,30.7000007629395,3690,243.600006103516,105.599998474121,758,489,0
13.2200002670288,85.0999984741211,44.2000007629395,0.845000028610229,31.1000003814697,3676,246.5,105.300003051758,758,489,0
13.3400001525879,85.0999984741211,44.2000007629395,0.839999973773956,31.3999996185303,3656,241.699996948242,105.300003051758,757,489,0
13.2200002670288,85.0999984741211,44.2000007629395,0.837999999523163,31.6000003814697,3705,238.699996948242,105.300003051758,757,488,0
13.25,85.0999984741211,44.2000007629395,0.83899998664856,31.8999996185303,3695,241.699996948242,105.300003051758,757,488,0
13.3400001525879,85.0999984741211,44.2000007629395,0.837999999523163,32.2000007629395,3712,238.699996948242,105.900001525879,757,488,0
13.1899995803833,85.1999969482422,44.2000007629395,0.83899998664856,31.8999996185303,3756,241.699996948242,105.900001525879,756,488,0
13.1899995803833,85.1999969482422,44.2000007629395,0.848999977111816,31.2999992370605,3770,243.600006103516,105.599998474121,755,488,0
13.289999961853,85.1999969482422,44.2000007629395,0.852999985218048,31.1000003814697,3781,241.699996948242,105.300003051758,755,488,0
13.3299999237061,85.1999969482422,44.2000007629395,0.85699999332428,30.7000007629395,3726,243.600006103516,105.300003051758,754,488,0
13.3400001525879,85.3000030517578,44.2000007629395,0.853999972343445,30.7000007629395,3748,247.5,105.300003051758,753,488,0
13.2799997329712,85.3000030517578,44.2000007629395,0.851000010967255,30.6000003814697,3743,245.600006103516,105.599998474121,753,488,0
13.2600002288818,85.3000030517578,44.2000007629395,0.852999985218048,30.7999992370605,3794,243.600006103516,105.300003051758,753,487,0
13.2299995422363,85.3000030517578,44.2000007629395,0.851000010967255,30.6000003814697,3797,241.699996948242,106,753,487,0
13.3400001525879,85.4000015258789,44.2000007629395,0.846000015735626,30.3999996185303,3801,240.699996948242,105.699996948242,752,487,0
13.3400001525879,85.4000015258789,44.2000007629395,0.84799998998642,30.2999992370605,3806,242.600006103516,105.599998474121,751,487,0
13.3199996948242,85.4000015258789,44.2000007629395,0.846000015735626,30.3999996185303,3728,240.699996948242,105.300003051758,751,487,0
13.2399997711182,85.4000015258789,44.2000007629395,0.843999981880188,30.5,3739,243.600006103516,105.599998474121,751,487,0
13.3199996948242,85.5,44.2000007629395,0.843999981880188,30.5,3739,244.600006103516,105.599998474121,751,487,0
13.3400001525879,85.5,44.2000007629395,0.845000028610229,30.6000003814697,3730,244.600006103516,105.599998474121,751,487,0
13.3299999237061,85.5,44.2000007629395,0.842999994754791,30.6000003814697,3768,242.600006103516,105.900001525879,749,487,0
13.3100004196167,85.5,44.2000007629395,0.839999973773956,30.7000007629395,3753,239.699996948242,106,749,487,0
13.0900001525879,85.5,44.2000007629395,0.839999973773956,30.8999996185303,3764,239.699996948242,105.699996948242,749,487,0
13.1300001144409,85.5999984741211,44.2000007629395,0.837000012397766,31.2000007629395,3732,239.699996948242,105.599998474121,748,487,0
13.3299999237061,85.5999984741211,44.2000007629395,0.842999994754791,31.2999992370605,3748,243.600006103516,105.300003051758,749,487,0
13.3299999237061,85.5999984741211,44.2000007629395,0.832000017166138,31.2999992370605,3762,244.600006103516,105.599998474121,748,486,0
13.2700004577637,85.5999984741211,44.2000007629395,0.842000007629395,31.1000003814697,3681,240.699996948242,105.599998474121,747,486,0
13.289999961853,85.6999969482422,44.2000007629395,0.846000015735626,31.2000007629395,3693,241.699996948242,105.300003051758,747,486,0
13.3299999237061,85.6999969482422,44.2000007629395,0.852999985218048,31.2000007629395,3697,244.600006103516,106,747,486,0
13.2799997329712,85.6999969482422,44.2000007629395,0.845000028610229,31.2000007629395,3694,244.600006103516,105.900001525879,746,486,0
13.3299999237061,85.6999969482422,44.2000007629395,0.842000007629395,31.1000003814697,3705,242.600006103516,105.699996948242,745,486,0
13.289999961853,85.8000030517578,44.2000007629395,0.846000015735626,31,3749,240.699996948242,105.599998474121,745,485,0
12.9099998474121,85.8000030517578,44.2000007629395,0.846000015735626,31.1000003814697,3777,245.600006103516,105.300003051758,745,486,0
13.3000001907349,85.8000030517578,44.2000007629395,0.848999977111816,30.7999992370605,3773,243.600006103516,105.599998474121,744,485,0
13.3400001525879,85.8000030517578,44.2000007629395,0.845000028610229,30.7999992370605,3773,241.699996948242,105.599998474121,744,485,0
13.3400001525879,85.8000030517578,44.2000007629395,0.843999981880188,30.8999996185303,3761,242.600006103516,105.599998474121,744,485,0
13.0799999237061,85.9000015258789,44.2000007629395,0.847000002861023,31,3695,241.699996948242,106,743,485,0
13.1099996566772,85.9000015258789,44.2000007629395,0.850000023841858,31,3706,243.600006103516,106,743,485,0
13.25,85.9000015258789,44.2000007629395,0.846000015735626,30.8999996185303,3707,243.600006103516,105.699996948242,743,485,0
13.3599996566772,85.9000015258789,44.2000007629395,0.847000002861023,30.7999992370605,3710,243.600006103516,105.599998474121,742,485,0
13.2700004577637,86,44.2000007629395,0.845000028610229,30.7000007629395,3767,239.699996948242,105.599998474121,743,485,0
13.1099996566772,86,44.2000007629395,0.83899998664856,30.8999996185303,3757,241.699996948242,105.300003051758,742,485,0
12.9099998474121,86,44.2000007629395,0.83899998664856,30.8999996185303,3726,235.800003051758,105.300003051758,741,485,0
13.1000003814697,86,44.0999984741211,0.842000007629395,31.3999996185303,3706,237.800003051758,105.300003051758,741,485,0
13.2299995422363,86.0999984741211,44.0999984741211,0.836000025272369,31.7999992370605,3668,237.800003051758,106,740,485,0
13.3400001525879,86.0999984741211,44.0999984741211,0.828000009059906,32.2000007629395,3666,234.800003051758,105.699996948242,741,485,0
13.2799997329712,86.0999984741211,44.0999984741211,0.839999973773956,32.4000015258789,3654,236.800003051758,105.599998474121,741,485,0
13.2700004577637,86.0999984741211,44.0999984741211,0.845000028610229,32.5,3679,239.699996948242,105.599998474121,740,485,0
13.3400001525879,86.1999969482422,44.0999984741211,0.846000015735626,32.4000015258789,3707,239.699996948242,105.599998474121,740,485,0
13.4099998474121,86.1999969482422,44.0999984741211,0.851000010967255,31.8999996185303,3744,238.699996948242,105.599998474121,739,485,0
13.3800001144409,86.1999969482422,44.0999984741211,0.853999972343445,31.5,3697,241.699996948242,105.599998474121,739,485,0
13.2700004577637,86.1999969482422,44.0999984741211,0.851999998092651,31.1000003814697,3709,244.600006103516,106,739,485,0
13.2299995422363,86.1999969482422,44.0999984741211,0.848999977111816,30.8999996185303,3719,244.600006103516,106,739,485,0
13.3800001144409,86.1999969482422,44.0999984741211,0.851999998092651,30.7999992370605,3730,243.600006103516,105.699996948242,738,485,0
13.3599996566772,86.1999969482422,44.0999984741211,0.847000002861023,30.6000003814697,3714,241.699996948242,105.599998474121,738,485,0
13.3699998855591,86.3000030517578,44.0999984741211,0.836000025272369,30.7000007629395,3730,238.699996948242,105.599998474121,737,485,0
12.8900003433228,86.3000030517578,44.0999984741211,0.834999978542328,31.2999992370605,3712,240.699996948242,105.300003051758,737,485,0
12.8299999237061,86.3000030517578,44.0999984741211,0.83899998664856,31.6000003814697,3704,239.699996948242,105.599998474121,737,484,0
13.3800001144409,86.4000015258789,44.0999984741211,0.836000025272369,31.7999992370605,3717,238.699996948242,105.300003051758,737,484,0
13.3599996566772,86.4000015258789,44.0999984741211,0.830999970436096,31.7000007629395,3690,238.699996948242,106.099998474121,737,484,0
13.3299999237061,86.5,44.0999984741211,0.832000017166138,32,3697,238.699996948242,105.900001525879,736,484,0
13.3100004196167,86.5,44.0999984741211,0.83899998664856,31.7999992370605,3720,237.800003051758,105.699996948242,736,484,0
13.3299999237061,86.5,44.0999984741211,0.833999991416931,31.7000007629395,3725,235.800003051758,105.599998474121,736,484,0
13.3699998855591,86.5,44.0999984741211,0.83899998664856,31.2999992370605,3680,238.699996948242,105.699996948242,736,484,0
13.3999996185303,86.5,44.0999984741211,0.837999999523163,31.5,3671,239.699996948242,105.599998474121,735,484,0
13.3299999237061,86.5,44.0999984741211,0.839999973773956,31.5,3655,239.699996948242,105.599998474121,735,484,0
13.2600002288818,86.5,44.0999984741211,0.842999994754791,31.7000007629395,3654,241.699996948242,105.599998474121,734,484,0
13.3599996566772,86.5,44.0999984741211,0.837000012397766,31.7000007629395,3633,237.800003051758,106.099998474121,734,484,0
13.3299999237061,86.5999984741211,44.0999984741211,0.83899998664856,31.8999996185303,3645,239.699996948242,105.900001525879,734,484,0
13.3900003433228,86.5999984741211,44.0999984741211,0.847000002861023,31.8999996185303,3656,237.800003051758,105.699996948242,733,484,0
13.2799997329712,86.5999984741211,44.0999984741211,0.851000010967255,31.7999992370605,3669,237.800003051758,105.599998474121,734,484,0
13.1099996566772,86.5999984741211,44.0999984741211,0.842999994754791,31.3999996185303,3768,244.600006103516,105.599998474121,733,484,0
13.2200002670288,86.6999969482422,44.0999984741211,0.843999981880188,30.8999996185303,3792,242.600006103516,105.599998474121,734,484,0
13.2399997711182,86.8000030517578,44.0999984741211,0.842999994754791,30.7999992370605,3792,241.699996948242,105.599998474121,733,484,0
13.2700004577637,86.8000030517578,44.0999984741211,0.843999981880188,30.7999992370605,3747,238.699996948242,106,733,484,0
13.3500003814697,86.8000030517578,44.0999984741211,0.84799998998642,31.1000003814697,3729,239.699996948242,106.099998474121,734,485,0
13.25,86.9000015258789,44.0999984741211,0.839999973773956,31.6000003814697,3678,238.699996948242,105.900001525879,732,484,0
13.3699998855591,86.9000015258789,44.0999984741211,0.837000012397766,32.0999984741211,3590,238.699996948242,105.599998474121,733,484,0
13.4200000762939,86.9000015258789,44.0999984741211,0.83899998664856,32.4000015258789,3601,236.800003051758,105.599998474121,733,484,0
13.3599996566772,86.9000015258789,44.0999984741211,0.83899998664856,32.5,3623,238.699996948242,105.699996948242,733,484,0
13.3000001907349,86.9000015258789,44.0999984741211,0.843999981880188,32.0999984741211,3668,238.699996948242,105.599998474121,732,484,0
13.3800001144409,86.9000015258789,44.0999984741211,0.850000023841858,31.8999996185303,3667,240.699996948242,105.900001525879,732,484,0
13.4099998474121,86.9000015258789,44.0999984741211,0.846000015735626,31.6000003814697,3752,237.800003051758,106,732,484,0
13.2700004577637,86.9000015258789,44.0999984741211,0.842999994754791,31.2999992370605,3759,236.800003051758,105.699996948242,732,484,0
12.8999996185303,87,44.0999984741211,0.842000007629395,31.1000003814697,3784,238.699996948242,105.699996948242,732,484,0
13.3500003814697,87,44,0.842999994754791,30.7999992370605,3768,238.699996948242,105.699996948242,731,484,0
13.3699998855591,87,44,0.83899998664856,30.8999996185303,3702,239.699996948242,105.599998474121,731,484,0
13.3999996185303,87,44,0.843999981880188,31,3679,236.800003051758,105.599998474121,731,484,0
13.2799997329712,87.0999984741211,44,0.83899998664856,31.2000007629395,3663,234.800003051758,105.699996948242,731,484,0
13.3000001907349,87.0999984741211,44,0.839999973773956,31.5,3621,237.800003051758,106.099998474121,732,485,0
13.3999996185303,87.0999984741211,44,0.83899998664856,32.0999984741211,3559,237.800003051758,106,731,484,0
13.3900003433228,87.0999984741211,44,0.832000017166138,32.7000007629395,3563,238.699996948242,105.699996948242,731,484,0
13.4099998474121,87.1999969482422,44,0.836000025272369,32.9000015258789,3556,234.800003051758,105.699996948242,730,484,0
13.2700004577637,87.1999969482422,44,0.846000015735626,32.9000015258789,3582,237.800003051758,105.699996948242,730,484,0
13.289999961853,87.1999969482422,44,0.853999972343445,33,3578,237.800003051758,105.699996948242,730,484,0
13.3999996185303,87.1999969482422,44,0.857999980449677,32.7999992370605,3591,238.699996948242,105.699996948242,730,484,0
13.4200000762939,87.3000030517578,44,0.856000006198883,32.7000007629395,3622,237.800003051758,105.599998474121,730,485,0
13.4200000762939,87.3000030517578,44,0.859000027179718,32.2999992370605,3651,240.699996948242,106.099998474121,730,484,0
13.3199996948242,87.3000030517578,44,0.852999985218048,31.8999996185303,3672,240.699996948242,106,730,485,0
13.2700004577637,87.3000030517578,44,0.853999972343445,31.7999992370605,3679,239.699996948242,105.699996948242,730,485,0
13.4200000762939,87.4000015258789,44,0.851000010967255,31.7000007629395,3751,235.800003051758,105.699996948242,730,485,0
13.4099998474121,87.4000015258789,44,0.839999973773956,31.3999996185303,3767,234.800003051758,105.699996948242,730,485,0
12.960000038147,87.4000015258789,44,0.851000010967255,31.1000003814697,3783,239.699996948242,105.699996948242,731,485,0
13.3400001525879,87.4000015258789,44,0.842999994754791,30.7000007629395,3778,239.699996948242,105.699996948242,730,485,0
13.4099998474121,87.5,44,0.842999994754791,30.6000003814697,3783,236.800003051758,106,730,485,0
13.4300003051758,87.5,44,0.846000015735626,30.6000003814697,3715,239.699996948242,106,730,485,0
13.4200000762939,87.5,44,0.83899998664856,30.7999992370605,3682,236.800003051758,106,730,485,0
13.3000001907349,87.5,44,0.836000025272369,30.8999996185303,3664,240.699996948242,105.699996948242,731,485,0
13.2700004577637,87.5999984741211,44,0.833000004291534,31.2999992370605,3671,238.699996948242,105.699996948242,730,485,0
13.3800001144409,87.5999984741211,44,0.837999999523163,31.5,3678,241.699996948242,105.699996948242,730,485,0
13.4200000762939,87.5999984741211,44,0.837999999523163,31.6000003814697,3758,238.699996948242,105.699996948242,730,485,0
13.4200000762939,87.5999984741211,44,0.83899998664856,31.5,3725,236.800003051758,105.699996948242,730,485,0
13.0799999237061,87.6999969482422,44,0.836000025272369,31.3999996185303,3707,241.699996948242,106.099998474121,730,485,0
13.3400001525879,87.6999969482422,44,0.833000004291534,31.7000007629395,3686,236.800003051758,105.900001525879,730,485,0
13.3800001144409,87.6999969482422,44,0.834999978542328,32,3692,235.800003051758,105.900001525879,730,485,0
13.3999996185303,87.6999969482422,44,0.833000004291534,32,3726,238.699996948242,105.699996948242,730,485,0
13.3299999237061,87.8000030517578,44,0.83899998664856,31.7999992370605,3713,239.699996948242,105.699996948242,729,485,0
13.2700004577637,87.8000030517578,44,0.832000017166138,31.7999992370605,3716,237.800003051758,105.699996948242,729,485,0
13.3000001907349,87.8000030517578,44,0.83899998664856,31.5,3745,236.800003051758,105.699996948242,729,485,0
13.3900003433228,87.8000030517578,44,0.836000025272369,31.5,3681,239.699996948242,105.699996948242,729,485,0
13.4099998474121,87.9000015258789,44,0.839999973773956,31.3999996185303,3663,239.699996948242,106.099998474121,729,485,0
13.3699998855591,87.9000015258789,44,0.836000025272369,31.5,3681,241.699996948242,105.900001525879,729,486,0
13.2700004577637,87.9000015258789,43.9000015258789,0.842000007629395,31.3999996185303,3680,239.699996948242,105.900001525879,729,485,0
13.2799997329712,87.9000015258789,43.9000015258789,0.83899998664856,31.2999992370605,3694,237.800003051758,105.699996948242,729,485,0
13.3999996185303,87.9000015258789,43.9000015258789,0.837000012397766,31.2999992370605,3778,235.800003051758,105.699996948242,729,485,0
13.210000038147,87.9000015258789,43.9000015258789,0.839999973773956,30.8999996185303,3773,240.699996948242,105.699996948242,729,485,0
13.3100004196167,87.9000015258789,43.9000015258789,0.836000025272369,30.7999992370605,3780,238.699996948242,105.699996948242,728,486,0
13.3000001907349,88,43.9000015258789,0.833999991416931,30.7999992370605,3790,241.699996948242,106.099998474121,728,485,0
13.4200000762939,88,43.9000015258789,0.837999999523163,30.8999996185303,3768,239.699996948242,106.099998474121,728,486,0
13.4200000762939,88,43.9000015258789,0.842000007629395,31,3687,239.699996948242,105.900001525879,728,486,0
13.4399995803833,88.0999984741211,43.9000015258789,0.833999991416931,31.1000003814697,3692,240.699996948242,105.699996948242,728,486,0
13.4399995803833,88.0999984741211,43.9000015258789,0.837999999523163,31.1000003814697,3660,240.699996948242,105.699996948242,728,486,0
13.2700004577637,88.1999969482422,43.9000015258789,0.833000004291534,31.7000007629395,3649,239.699996948242,105.900001525879,727,485,0
13.3999996185303,88.1999969482422,43.9000015258789,0.834999978542328,32,3644,236.800003051758,105.699996948242,727,486,0
13.4300003051758,88.1999969482422,43.9000015258789,0.836000025272369,31.8999996185303,3626,236.800003051758,105.900001525879,727,486,0
13.4200000762939,88.1999969482422,43.9000015258789,0.829999983310699,32.2999992370605,3603,238.699996948242,106.099998474121,727,486,0
13.3500003814697,88.3000030517578,43.9000015258789,0.830999970436096,32.2999992370605,3618,233.800003051758,106,727,486,0
13.3299999237061,88.3000030517578,43.9000015258789,0.842000007629395,32.4000015258789,3625,233.800003051758,106,727,486,0
13.460000038147,88.3000030517578,43.9000015258789,0.845000028610229,32.5,3685,238.699996948242,105.699996948242,727,486,0
13.3500003814697,88.3000030517578,43.9000015258789,0.839999973773956,32.4000015258789,3734,241.699996948242,105.699996948242,727,486,0
13.4399995803833,88.3000030517578,43.9000015258789,0.83899998664856,31.5,3799,240.699996948242,105.699996948242,727,486,0
13.3400001525879,88.3000030517578,43.9000015258789,0.842999994754791,31.1000003814697,3825,238.699996948242,105.699996948242,726,486,0
13.289999961853,88.3000030517578,43.9000015258789,0.850000023841858,30.7000007629395,3763,240.699996948242,105.699996948242,727,486,0
13.4399995803833,88.4000015258789,43.9000015258789,0.839999973773956,30.8999996185303,3699,242.600006103516,106.400001525879,727,486,0
13.4399995803833,88.4000015258789,43.9000015258789,0.842999994754791,31,3700,241.699996948242,106,726,486,0
13.4499998092651,88.5,43.9000015258789,0.83899998664856,31.1000003814697,3698,239.699996948242,105.900001525879,726,486,0
13.4200000762939,88.5,43.9000015258789,0.834999978542328,31.2999992370605,3641,235.800003051758,105.900001525879,726,486,0
13.3800001144409,88.5,43.9000015258789,0.830999970436096,31.7000007629395,3648,233.800003051758,105.699996948242,726,486,0
13.460000038147,88.5999984741211,43.9000015258789,0.828999996185303,31.8999996185303,3631,234.800003051758,105.900001525879,726,486,0
13.4300003051758,88.5999984741211,43.9000015258789,0.824999988079071,31.8999996185303,3645,233.800003051758,105.699996948242,726,486,0
13.289999961853,88.5999984741211,43.9000015258789,0.828999996185303,31.8999996185303,3687,239.699996948242,106.099998474121,726,486,0
13.0600004196167,88.5999984741211,43.9000015258789,0.828999996185303,32,3715,235.800003051758,106.099998474121,726,487,0
13.289999961853,88.5999984741211,43.9000015258789,0.833000004291534,31.7000007629395,3758,239.699996948242,106,726,486,0
13.4099998474121,88.5999984741211,43.9000015258789,0.834999978542328,31.5,3772,242.600006103516,105.900001525879,726,487,0
13.460000038147,88.5999984741211,43.9000015258789,0.839999973773956,31.1000003814697,3807,242.600006103516,105.900001525879,726,486,0
13.3400001525879,88.5999984741211,43.9000015258789,0.836000025272369,30.7999992370605,3745,243.600006103516,105.900001525879,726,487,0
13.4700002670288,88.6999969482422,43.9000015258789,0.837999999523163,30.7000007629395,3735,241.699996948242,105.900001525879,725,487,0
13.4700002670288,88.6999969482422,43.9000015258789,0.845000028610229,30.6000003814697,3784,241.699996948242,106.099998474121,725,487,0
13.3299999237061,88.6999969482422,43.9000015258789,0.837999999523163,30.6000003814697,3776,244.600006103516,106.400001525879,725,487,0
13.3599996566772,88.6999969482422,43.9000015258789,0.833000004291534,30.8999996185303,3728,239.699996948242,106,725,487,0
13.4799995422363,88.8000030517578,43.9000015258789,0.825999975204468,31.2999992370605,3725,238.699996948242,105.900001525879,725,487,0
13.4300003051758,88.8000030517578,43.9000015258789,0.829999983310699,31.5,3734,235.800003051758,105.900001525879,725,487,0
13.3400001525879,88.8000030517578,43.9000015258789,0.825999975204468,31.7000007629395,3654,237.800003051758,105.900001525879,724,487,0
13.3500003814697,88.8000030517578,43.9000015258789,0.833999991416931,31.7999992370605,3647,239.699996948242,105.900001525879,724,487,0
13.4099998474121,88.8000030517578,43.9000015258789,0.837000012397766,31.7999992370605,3652,239.699996948242,105.900001525879,725,487,0
13.4499998092651,88.9000015258789,43.9000015258789,0.837999999523163,31.7000007629395,3648,241.699996948242,106.099998474121,724,487,0
13.4200000762939,88.9000015258789,43.9000015258789,0.839999973773956,31.8999996185303,3661,242.600006103516,106,725,487,0
13.2700004577637,88.9000015258789,43.9000015258789,0.83899998664856,31.7999992370605,3622,236.800003051758,105.900001525879,724,487,0
13.4300003051758,89,43.9000015258789,0.830999970436096,32.2000007629395,3625,237.800003051758,105.900001525879,724,487,0
13.4399995803833,89,43.9000015258789,0.837999999523163,32.2000007629395,3635,237.800003051758,105.900001525879,724,487,0
13.4399995803833,89,43.9000015258789,0.834999978542328,32.4000015258789,3642,235.800003051758,105.900001525879,724,487,0
13.3500003814697,89,43.9000015258789,0.836000025272369,32.0999984741211,3745,235.800003051758,105.900001525879,725,487,0
12.9799995422363,89,43.9000015258789,0.837000012397766,31.5,3767,239.699996948242,106.400001525879,724,487,0
13.3500003814697,89.0999984741211,43.9000015258789,0.837999999523163,31.2000007629395,3777,240.699996948242,106.099998474121,724,487,0
13.4700002670288,89.0999984741211,43.9000015258789,0.836000025272369,30.8999996185303,3799,237.800003051758,106,723,487,0
13.4799995422363,89.0999984741211,43.9000015258789,0.837000012397766,30.6000003814697,3732,240.699996948242,105.900001525879,724,487,0
13.4300003051758,89.0999984741211,43.9000015258789,0.836000025272369,30.7000007629395,3713,241.699996948242,105.900001525879,724,487,0
13.3400001525879,89.1999969482422,43.9000015258789,0.834999978542328,30.7999992370605,3693,241.699996948242,105.900001525879,724,487,0
13.3699998855591,89.1999969482422,43.7999992370605,0.834999978542328,31.2000007629395,3660,239.699996948242,105.900001525879,723,487,0
13.4799995422363,89.1999969482422,43.7999992370605,0.833999991416931,31.5,3646,235.800003051758,106.099998474121,723,487,0
13.3800001144409,89.1999969482422,43.7999992370605,0.832000017166138,31.8999996185303,3603,234.800003051758,106.400001525879,723,487,0
13.3500003814697,89.1999969482422,43.7999992370605,0.829999983310699,32.2999992370605,3606,236.800003051758,106,723,487,0
13.1899995803833,89.3000030517578,43.7999992370605,0.832000017166138,32.4000015258789,3614,234.800003051758,106,723,487,0
13.3199996948242,89.3000030517578,43.7999992370605,0.833999991416931,32.4000015258789,3683,235.800003051758,105.900001525879,723,487,0
13.1300001144409,89.3000030517578,43.7999992370605,0.83899998664856,32.2999992370605,3711,239.699996948242,105.900001525879,723,487,0
12.9200000762939,89.3000030517578,43.7999992370605,0.836000025272369,32.2000007629395,3718,239.699996948242,105.900001525879,724,488,0
13.1599998474121,89.4000015258789,43.7999992370605,0.837999999523163,31.8999996185303,3730,238.699996948242,105.900001525879,723,487,0
13.3299999237061,89.4000015258789,43.7999992370605,0.83899998664856,31.7999992370605,3728,240.699996948242,106.5,723,488,0
13.3100004196167,89.4000015258789,43.7999992370605,0.837000012397766,31.7000007629395,3735,237.800003051758,106.400001525879,723,488,1
13.3100004196167,89.4000015258789,43.7999992370605,0.837000012397766,31.7000007629395,3707,237.800003051758,106,723,487,-2
13.1899995803833,89.5,43.7999992370605,0.83899998664856,32.2999992370605,3650,231.899993896484,106,723,488,-2
13.25,89.5,43.7999992370605,0.837000012397766,32.7000007629395,3614,230.899993896484,106,723,488,0
13.2700004577637,89.5,43.7999992370605,0.829999983310699,33.0999984741211,3594,229.899993896484,105.900001525879,722,488,0
13.3199996948242,89.5,43.7999992370605,0.839999973773956,33.2999992370605,3616,228,105.900001525879,723,488,0
13.3000001907349,89.5999984741211,43.7999992370605,0.850000023841858,33.2000007629395,3668,233.800003051758,105.900001525879,723,488,0
13.2299995422363,89.5999984741211,43.7999992370605,0.859000027179718,32.7999992370605,3716,237.800003051758,106.5,723,488,0
13.2399997711182,89.5999984741211,43.7999992370605,0.851999998092651,32.2000007629395,3753,240.699996948242,106.400001525879,723,488,0
13.1899995803833,89.5999984741211,43.7999992370605,0.847000002861023,31.7000007629395,3708,245.600006103516,106,723,488,0
13.3100004196167,89.5999984741211,43.7999992370605,0.83899998664856,31.2000007629395,3748,246.5,106,723,488,0
13.3199996948242,89.5999984741211,43.7999992370605,0.834999978542328,30.7999992370605,3723,240.699996948242,105.900001525879,723,489,0
13.3400001525879,89.5999984741211,43.7999992370605,0.833000004291534,30.8999996185303,3718,237.800003051758,106,723,489,0
12.9700002670288,89.5999984741211,43.7999992370605,0.83899998664856,30.7000007629395,3765,239.699996948242,106,723,489,0
13.210000038147,89.6999969482422,43.7999992370605,0.833000004291534,30.8999996185303,3746,240.699996948242,105.900001525879,723,489,0
13.3400001525879,89.6999969482422,43.7999992370605,0.829999983310699,31.1000003814697,3720,240.699996948242,106.5,723,489,0
13.3100004196167,89.8000030517578,43.7999992370605,0.828999996185303,31.8999996185303,3664,238.699996948242,106.099998474121,723,489,0
13.2700004577637,89.8000030517578,43.7999992370605,0.820999979972839,32.4000015258789,3656,237.800003051758,106,723,489,1
13.1999998092651,89.8000030517578,43.7999992370605,0.815999984741211,32.7999992370605,3612,232.899993896484,106,723,488,1
13.3100004196167,89.9000015258789,43.7999992370605,0.824999988079071,33.4000015258789,3564,233.800003051758,105.900001525879,723,489,1
13.3400001525879,89.9000015258789,43.7999992370605,0.834999978542328,33.7999992370605,3569,232.899993896484,105.900001525879,723,489,1
13.1899995803833,89.9000015258789,43.7999992370605,0.851999998092651,34,3544,230.899993896484,105.900001525879,723,489,1
13.1899995803833,89.9000015258789,43.7999992370605,0.862999975681305,34.2999992370605,3472,228,106.5,723,489,1
13.1999998092651,89.9000015258789,43.7999992370605,0.870999991893768,34.5999984741211,3451,233.800003051758,106.5,723,489,1
13.3100004196167,89.9000015258789,43.7999992370605,0.874000012874603,34.5,3464,232.899993896484,106.099998474121,723,489,1
13.4700002670288,89.9000015258789,43.7999992370605,0.879999995231628,34.5,3487,235.800003051758,106,723,489,1
13.3500003814697,90,43.7999992370605,0.883000016212463,34.2999992370605,3551,238.699996948242,106,723,489,1
13.2200002670288,90,43.7999992370605,0.884999990463257,34.5,3586,237.800003051758,106,723,489,1
13.4499998092651,90,43.7999992370605,0.88400000333786,45.5,3650,244.600006103516,106,724,489,1
13.5,90.0999984741211,43.7999992370605,0.828999996185303,54.9000015258789,4455,271.899993896484,106,724,490,1
13.5,90.0999984741211,43.7999992370605,0.898000001907349,44.4000015258789,5036,286.600006103516,106.699996948242,724,490,1
12.6099996566772,90.0999984741211,43.7999992370605,0.847000002861023,36.5999984741211,5254,282.700012207031,106.400001525879,724,490,1
12.5699996948242,90.1999969482422,43.7999992370605,0.848999977111816,39.5,5280,289.5,106,724,490,1
12.789999961853,90.1999969482422,43.7999992370605,0.806999981403351,46.5999984741211,5613,293.399993896484,106,725,491,1
12.8500003814697,90.1999969482422,43.7999992370605,0.897000014781952,50.5999984741211,6070,291.5,106,726,491,1
12.8900003433228,90.1999969482422,43.7999992370605,0.958999991416931,50.2999992370605,6801,316.899993896484,106,727,493,1
12.8599996566772,90.3000030517578,43.7999992370605,0.898000001907349,45.9000015258789,6930,308.100006103516,106,728,494,1
12.9399995803833,90.3000030517578,43.7999992370605,0.931999981403351,44.0999984741211,6893,321.700012207031,106.099998474121,729,496,1
12.7399997711182,90.4000015258789,43.7999992370605,0.938000023365021,44.4000015258789,6802,308.100006103516,106.400001525879,730,496,1
13.0600004196167,90.4000015258789,43.7999992370605,0.970000028610229,44.5999984741211,6440,300.299987792969,106.099998474121,730,498,1
12.9899997711182,90.4000015258789,43.7999992370605,0.99099999666214,47.2999992370605,6129,303.200012207031,106.099998474121,731,501,1
12.9499998092651,90.5,43.7999992370605,0.994000017642975,51.7999992370605,5820,296.299987792969,106,733,504,1
13.0799999237061,90.5,43.7999992370605,1.01600003242493,57,5759,291.5,106,735,506,1
13.1099996566772,90.5,43.7999992370605,1.04700005054474,62.2999992370605,5938,287.600006103516,106,738,510,1
13.1099996566772,90.5,43.7999992370605,1.02999997138977,61.2999992370605,6188,293.399993896484,106,739,513,1
13.1099996566772,90.5999984741211,43.7999992370605,0.973999977111816,60.2999992370605,6283,308.100006103516,106.5,742,513,1
12.8100004196167,90.5999984741211,43.7999992370605,0.941999971866608,59.5999984741211,6345,296.299987792969,106.400001525879,742,516,1
13.0299997329712,90.5999984741211,43.7999992370605,0.976999998092651,64.6999969482422,6186,306.100006103516,106.099998474121,744,520,1
13.1899995803833,90.5999984741211,43.7999992370605,0.991999983787537,69.1999969482422,6057,299.299987792969,106,747,523,1
12.8500003814697,90.6999969482422,43.7999992370605,0.976000010967255,70,5899,295.399993896484,106,749,527,1
13.0799999237061,90.6999969482422,43.7999992370605,0.984000027179718,72,5500,291.5,106,751,531,1
13.0799999237061,90.6999969482422,43.7999992370605,0.986000001430511,75.1999969482422,5358,287.600006103516,106,753,531,1
13.1800003051758,90.6999969482422,43.7999992370605,1,79,4602,262.200012207031,106.5,753,534,1
13.1700000762939,90.6999969482422,43.7999992370605,1.02699995040894,79.0999984741211,3542,229.899993896484,106.400001525879,755,537,1
13.0900001525879,90.8000030517578,43.7999992370605,1.00199997425079,75.4000015258789,4079,252.399993896484,106.099998474121,757,541,1
13.0600004196167,90.9000015258789,43.7999992370605,1.00899994373322,77.0999984741211,4245,248.5,106,759,544,1
13.1700000762939,90.9000015258789,43.7999992370605,1.04100000858307,71.1999969482422,4555,258.299987792969,106.099998474121,761,547,1
13.1800003051758,90.9000015258789,43.7999992370605,1.00699996948242,72,4516,269,106,762,550,1
13.039999961853,91,43.7999992370605,1.04100000858307,61.2999992370605,4650,275.799987792969,106,762,550,1
13.0100002288818,91,43.9000015258789,0.925000011920929,49.7999992370605,4717,276.799987792969,106.5,764,553,1
13.0900001525879,91,43.7999992370605,0.898000001907349,53.7000007629395,4780,272.899993896484,106.5,766,556,1
13.1700000762939,91,43.7999992370605,1,55.5,4850,276.799987792969,106.099998474121,767,559,1
13.1899995803833,91.0999984741211,43.7999992370605,1.00899994373322,56.5999984741211,4926,282.700012207031,106.099998474121,768,561,1
13.0799999237061,91.0999984741211,43.7999992370605,1.00300002098083,57.4000015258789,4957,281.700012207031,106.099998474121,770,563,1
13.0900001525879,91.0999984741211,43.7999992370605,0.995999991893768,57.2999992370605,5199,285.600006103516,106,771,563,1
13.1899995803833,91.0999984741211,43.7999992370605,0.986000001430511,56,5237,281.700012207031,106,771,565,1
13.1400003433228,91.0999984741211,43.7999992370605,0.953000009059906,57.5,5195,290.5,106,772,567,1
13.1300001144409,91.1999969482422,43.7999992370605,0.986999988555908,61.5,5398,285.600006103516,106.5,773,570,1
13.1099996566772,91.1999969482422,43.7999992370605,0.987999975681305,66.3000030517578,5467,290.5,106.5,776,572,1
13.1000003814697,91.1999969482422,43.7999992370605,0.964999973773956,66.9000015258789,5806,292.399993896484,106.099998474121,777,573,1
13.210000038147,91.1999969482422,43.7999992370605,0.958999991416931,69,5902,293.399993896484,106.099998474121,779,575,1
13.1999998092651,91.3000030517578,43.7999992370605,0.943000018596649,63.5999984741211,6122,298.299987792969,106.099998474121,779,575,1
13.1800003051758,91.3000030517578,43.7999992370605,0.921999990940094,62.2999992370605,6193,292.399993896484,106.099998474121,779,575,1
13.0299997329712,91.3000030517578,43.7999992370605,0.950999975204468,52.9000015258789,6111,296.299987792969,106.099998474121,781,580,1
13.1199998855591,91.3000030517578,43.7999992370605,0.887000024318695,52.5,6183,295.399993896484,106.699996948242,782,582,1
13.0299997329712,91.4000015258789,43.7999992370605,0.927999973297119,65.5,6552,306.100006103516,106.699996948242,783,584,1
13.1400003433228,91.4000015258789,43.7999992370605,0.915000021457672,71.5,6550,303.200012207031,106.400001525879,785,586,1
13.1099996566772,91.5,43.7999992370605,0.950999975204468,71.8000030517578,6937,305.100006103516,106.099998474121,786,586,1
13.1499996185303,91.5,43.7000007629395,1.00399994850159,73.6999969482422,7062,319.799987792969,106.099998474121,786,586,1
13.1599998474121,91.5,43.7000007629395,0.998000025749207,73,7029,322.700012207031,106,786,588,1
12.8900003433228,91.5999984741211,43.7000007629395,0.99099999666214,78.5,7142,320.799987792969,106.400001525879,787,590,1
12.8100004196167,91.5999984741211,43.7000007629395,1.04700005054474,87.4000015258789,7367,319.799987792969,106.699996948242,788,593,1
13.0600004196167,91.5999984741211,43.7000007629395,0.989000022411346,88.8000030517578,7748,316.899993896484,106.400001525879,789,596,1
12.9700002670288,91.5999984741211,43.7000007629395,0.907000005245209,88.8000030517578,8058,336.399993896484,106.099998474121,790,599,1
12.7399997711182,91.6999969482422,43.7000007629395,0.897000014781952,85.8000030517578,8519,334.399993896484,106.099998474121,791,602,1
13.0600004196167,91.6999969482422,43.7000007629395,0.879999995231628,85.4000015258789,9006,341.299987792969,106.099998474121,793,602,1
13.0699996948242,91.6999969482422,43.7000007629395,0.878000020980835,83.6999969482422,9188,328.600006103516,106.099998474121,793,606,1
13.0900001525879,91.6999969482422,43.7000007629395,1.125,86.9000015258789,7700,290.5,106,794,610,2
13.1099996566772,91.8000030517578,43.7000007629395,1.73000001907349,88.6999969482422,7218,298.299987792969,106.699996948242,796,614,2
13.0100002288818,91.9000015258789,43.7000007629395,1.00199997425079,90.4000015258789,7143,306.100006103516,106.5,798,617,2
13.0299997329712,91.9000015258789,43.7000007629395,0.986000001430511,89.0999984741211,7350,314.899993896484,106.400001525879,798,620,2
13.0299997329712,92,43.7000007629395,0.958000004291534,89.8000030517578,7424,333.5,106.099998474121,798,623,2
12.9499998092651,92,43.7000007629395,0.98199999332428,89.4000015258789,7672,304.200012207031,106.099998474121,798,623,2
12.9899997711182,92,43.7000007629395,0.898000001907349,53.2000007629395,7193,317.799987792969,106.099998474121,799,627,2
12.9200000762939,92.0999984741211,43.7000007629395,0.755999982357025,28.2999992370605,6957,307.100006103516,106.099998474121,800,629,2
12.8199996948242,92.0999984741211,43.7000007629395,0.78600001335144,21.5,6380,305.100006103516,106.099998474121,800,633,2
13.0900001525879,92.1999969482422,43.5999984741211,1.12000000476837,21.2999992370605,5709,294.399993896484,106.699996948242,801,635,2
13.0799999237061,92.1999969482422,43.5999984741211,1.58599996566772,23.5,5206,286.600006103516,106.400001525879,801,638,2
13.039999961853,92.1999969482422,43.5999984741211,1.94599997997284,25.7999992370605,4563,268,106.099998474121,802,638,2
12.9200000762939,92.1999969482422,43.5999984741211,2.27300000190735,27.7000007629395,4323,255.300003051758,106.099998474121,802,639,2
12.9300003051758,92.3000030517578,43.5,2.40000009536743,28.8999996185303,4756,277.799987792969,106.099998474121,801,639,2
12.9499998092651,92.3000030517578,43.5,1.15699994564056,29.3999996185303,4734,277.799987792969,106.099998474121,800,638,2
13.0200004577637,92.3000030517578,43.4000015258789,0.898000001907349,29.2999992370605,4415,258.299987792969,106.099998474121,798,636,2
13.1000003814697,92.3000030517578,43.4000015258789,1.30299997329712,29.5,4165,246.5,106.5,796,635,2
13.1400003433228,92.3000030517578,43.4000015258789,2.22399997711182,28.7999992370605,4125,247.5,106.699996948242,793,635,2
13.0900001525879,92.4000015258789,43.2999992370605,2.40000009536743,30.2000007629395,4010,250.5,106.5,793,633,2
13.1400003433228,92.4000015258789,43.2999992370605,1.96000003814697,31.1000003814697,4104,247.5,106.099998474121,791,631,2
13.0799999237061,92.4000015258789,43.2999992370605,1.08899998664856,31.7000007629395,3970,237.800003051758,106.099998474121,788,629,2
13.1400003433228,92.4000015258789,43.2999992370605,0.943000018596649,33.2000007629395,3757,242.600006103516,106.099998474121,786,627,2
13.1599998474121,92.5,43.2999992370605,0.916000008583069,34.2999992370605,3782,240.699996948242,106.099998474121,784,625,2
12.9799995422363,92.5,43.2999992370605,0.921999990940094,34.5,3835,234.800003051758,106.099998474121,781,623,2
13.0100002288818,92.5,43.2999992370605,0.925000011920929,35.2999992370605,3703,231.899993896484,106.699996948242,781,623,2
12.9899997711182,92.5,43.2000007629395,0.939999997615814,37.2000007629395,3522,229,106.5,780,621,2
12.7299995422363,92.5999984741211,43.2000007629395,0.926999986171722,38.9000015258789,3594,226,106.099998474121,778,619,2
12.8900003433228,92.5999984741211,43.2000007629395,0.933000028133392,51.7000007629395,3660,229.899993896484,106.099998474121,778,617,2
12.9200000762939,92.6999969482422,43.2000007629395,0.86599999666214,68.4000015258789,3825,229,106,777,616,2
13.0299997329712,92.6999969482422,43.2000007629395,0.894999980926514,82,4044,242.600006103516,106.099998474121,777,614,2
13.0200004577637,92.6999969482422,43.2000007629395,0.924000024795532,94.5,3881,237.800003051758,106.099998474121,777,614,2
13.1599998474121,92.8000030517578,43.2000007629395,0.889999985694885,96.3000030517578,4033,244.600006103516,106,777,612,2
13.0500001907349,92.8000030517578,43.2000007629395,0.828999996185303,97.3000030517578,4163,248.5,106.5,776,612,2
13.0799999237061,92.8000030517578,43.2000007629395,0.875,94.5,4582,260.200012207031,106.5,776,611,2
13.039999961853,92.8000030517578,43.2000007629395,0.940999984741211,97.3000030517578,4332,256.299987792969,106.099998474121,776,611,2
13.0900001525879,92.9000015258789,43.2000007629395,0.970000028610229,98.0999984741211,4493,263.100006103516,106.099998474121,776,611,2
13.0500001907349,92.9000015258789,43.2000007629395,0.948000013828278,97.0999984741211,4601,261.200012207031,106,776,611,2
13.0500001907349,92.9000015258789,43.2000007629395,0.954999983310699,96.5,4759,276.799987792969,106.099998474121,775,611,2
12.960000038147,92.9000015258789,43.2000007629395,0.958999991416931,97.5,5192,277.799987792969,106.099998474121,775,611,2
13.0500001907349,93,43.2000007629395,0.968999981880188,96.1999969482422,5398,276.799987792969,106.400001525879,775,612,2
13.0699996948242,93,43.2000007629395,0.936999976634979,94.1999969482422,5310,289.5,106.5,775,613,2
13.1800003051758,93,43.2000007629395,0.970000028610229,95.9000015258789,5648,288.5,106.099998474121,775,614,2
13.1300001144409,93,43.2000007629395,0.959999978542328,94.5999984741211,5892,295.399993896484,106.099998474121,775,614,2
13,93.0999984741211,43.2000007629395,0.936999976634979,92.9000015258789,5775,301.200012207031,106,775,616,2
13.1800003051758,93.0999984741211,43.2000007629395,0.978999972343445,92.5,6204,302.200012207031,106.099998474121,776,618,2
13.1800003051758,93.1999969482422,43.2000007629395,0.917999982833862,93.4000015258789,6404,307.100006103516,106.099998474121,777,620,2
13.1800003051758,93.1999969482422,43.2000007629395,0.948000013828278,92.6999969482422,6519,317.799987792969,106,777,622,2
13,93.1999969482422,43.2000007629395,0.944000005722046,92.9000015258789,6496,318.799987792969,106.699996948242,779,624,2
13.0200004577637,93.1999969482422,43.2000007629395,0.930000007152557,91.3000030517578,6898,312,106.5,779,626,2
12.7299995422363,93.3000030517578,43.2000007629395,0.930000007152557,90.3000030517578,7203,313,106,779,626,2
13.1700000762939,93.3000030517578,43.2000007629395,0.982999980449677,91.3000030517578,7173,316.899993896484,106,780,629,2
13.1400003433228,93.3000030517578,43.2000007629395,0.958000004291534,90.5999984741211,7454,330.5,106,781,631,2
13.0900001525879,93.3000030517578,43.2000007629395,0.936999976634979,90.3000030517578,7525,323.700012207031,106,781,634,2
13,93.4000015258789,43.2000007629395,0.930000007152557,89.1999969482422,7841,326.600006103516,106,783,637,2
13.1000003814697,93.4000015258789,43.2000007629395,0.925999999046326,87.4000015258789,8100,330.5,106.5,784,640,2
13.0699996948242,93.4000015258789,43.2000007629395,0.893999993801117,72.4000015258789,7915,317.799987792969,106.5,786,640,2
12.7299995422363,93.4000015258789,43.2000007629395,0.896000027656555,56.5,7988,312,106.099998474121,786,643,2
13.039999961853,93.4000015258789,43.2000007629395,0.99099999666214,49,7834,319.799987792969,106,788,646,2
12.8999996185303,93.4000015258789,43.2000007629395,0.959999978542328,32.9000015258789,7704,320.799987792969,106,789,649,2
12.960000038147,93.5,43.2000007629395,0.832000017166138,23.1000003814697,7445,308.100006103516,106,791,652,2
13.1099996566772,93.5,43.2000007629395,0.824999988079071,19.7000007629395,7087,301.200012207031,106,792,654,2
13.0500001907349,93.5,43.2000007629395,0.829999983310699,18.3999996185303,6788,308.100006103516,106,793,656,2
12.960000038147,93.5,43.2000007629395,0.847000002861023,18.6000003814697,6678,312,106.5,793,656,2
12.9700002670288,93.5,43.0999984741211,1.11899995803833,18.6000003814697,6591,308.100006103516,106.400001525879,795,657,2
13.0600004196167,93.5,43.0999984741211,0.973999977111816,19.1000003814697,6403,300.299987792969,106,796,658,2
13.0500001907349,93.5999984741211,43.0999984741211,0.898000001907349,20.2999992370605,6306,316.899993896484,106,798,657,2
13.1599998474121,93.5999984741211,43.0999984741211,0.90200001001358,22.8999996185303,6263,301.200012207031,106,798,657,2
13.2299995422363,93.5999984741211,43.0999984741211,0.883000016212463,34.7999992370605,6428,313,106,800,655,2
13.0299997329712,93.5999984741211,43,0.904999971389771,38.2999992370605,6204,307.100006103516,106,801,654,2
13.1700000762939,93.5999984741211,43,0.986999988555908,46.9000015258789,6176,311,106.400001525879,801,654,2
13.1499996185303,93.5999984741211,43,1.02199995517731,62.7999992370605,6422,303.200012207031,106.400001525879,802,652,2
13.1999998092651,93.5999984741211,43,0.976999998092651,64.9000015258789,6552,306.100006103516,106.099998474121,804,652,2
13.1099996566772,93.6999969482422,43,0.935000002384186,67.9000015258789,6391,303.200012207031,106,806,651,2
13.1300001144409,93.6999969482422,43,0.968999981880188,71.8000030517578,6680,311,105.900001525879,807,650,2
13.1599998474121,93.6999969482422,43,0.986000001430511,73.9000015258789,6607,312,105.900001525879,808,651,2
13.210000038147,93.6999969482422,43,0.976000010967255,73.0999984741211,6832,321.700012207031,105.900001525879,809,651,2
12.8699998855591,93.8000030517578,43,0.968999981880188,71.6999969482422,7014,314.899993896484,105.900001525879,809,651,2
13.1800003051758,93.8000030517578,43,0.984000027179718,67,6965,325.600006103516,106.5,809,651,2
13.0500001907349,93.8000030517578,43,0.953999996185303,50.0999984741211,7006,316.899993896484,106.099998474121,810,652,2
13.1199998855591,93.8000030517578,43,0.853999972343445,32.5999984741211,6925,307.100006103516,106,811,654,2
13.1099996566772,93.8000030517578,43,0.869000017642975,23.7000007629395,6576,313.899993896484,105.900001525879,813,655,2
13.0500001907349,93.9000015258789,43,0.889999985694885,21.8999996185303,6244,298.299987792969,105.900001525879,813,657,2
13.0900001525879,93.9000015258789,43,0.888999998569489,22.7999992370605,5940,299.299987792969,105.900001525879,814,658,2
13.0900001525879,93.9000015258789,43,0.889999985694885,23.2999992370605,5659,296.299987792969,105.900001525879,815,658,2
13.1000003814697,94,43,0.875,24.7000007629395,5421,301.200012207031,106.400001525879,815,658,2
13.0900001525879,94,42.9000015258789,0.887000024318695,26.6000003814697,5152,281.700012207031,106.400001525879,816,658,1
13.0299997329712,94,42.9000015258789,1.39900004863739,27.3999996185303,5180,289.5,106,817,658,1
13.1099996566772,94,42.9000015258789,1.77199995517731,28,5216,282.700012207031,105.900001525879,818,657,1
13.1400003433228,94,42.9000015258789,2.14800000190735,28.7000007629395,5247,291.5,105.900001525879,819,655,1
13.1400003433228,94,42.7999992370605,2.11999988555908,29,5291,284.600006103516,105.900001525879,817,654,1
13.1499996185303,94,42.7999992370605,0.921999990940094,29.1000003814697,5107,290.5,105.699996948242,817,654,1
13.0299997329712,94.0999984741211,42.7999992370605,0.879000008106232,30.3999996185303,4852,273.899993896484,105.900001525879,816,651,1
13.1599998474121,94.0999984741211,42.7999992370605,0.857999980449677,31.2000007629395,4706,269,106.400001525879,815,649,1
13.1099996566772,94.0999984741211,42.7999992370605,0.837999999523163,31.3999996185303,4641,272.899993896484,106.099998474121,813,646,1
13.1199998855591,94.0999984741211,42.7999992370605,0.853999972343445,32.5,4721,273.899993896484,105.900001525879,812,644,1
13.25,94.0999984741211,42.7999992370605,0.870999991893768,33,4794,267.100006103516,105.900001525879,810,641,1
13.1199998855591,94.0999984741211,42.7999992370605,0.875,33.2999992370605,4641,262.200012207031,105.699996948242,810,640,1
13.210000038147,94.0999984741211,42.7999992370605,0.869000017642975,34.5,4516,259.200012207031,105.699996948242,810,640,1
13.1899995803833,94.0999984741211,42.7999992370605,0.879000008106232,36.4000015258789,4477,256.299987792969,105.699996948242,810,638,1
13.2700004577637,94.0999984741211,42.7999992370605,0.893999993801117,46,4845,270,106.099998474121,809,636,1
13.25,94.0999984741211,42.7999992370605,0.931999981403351,51.7999992370605,4987,281.700012207031,106.099998474121,810,634,1
13.0699996948242,94.1999969482422,42.7999992370605,0.875999987125397,63.0999984741211,4430,262.200012207031,105.900001525879,810,633,1
13.1099996566772,94.1999969482422,42.7999992370605,0.972000002861023,62.2999992370605,4750,270,105.699996948242,810,632,1
13.25,94.1999969482422,42.7999992370605,0.986000001430511,75.5,5290,284.600006103516,105.699996948242,811,632,1
13.2299995422363,94.1999969482422,42.7999992370605,0.936999976634979,72.3000030517578,5223,283.700012207031,105.699996948242,810,631,1
13.1099996566772,94.1999969482422,42.7000007629395,0.907000005245209,69.3000030517578,5211,285.600006103516,105.699996948242,810,630,1
12.7700004577637,94.1999969482422,42.7000007629395,0.995999991893768,73.6999969482422,5693,294.399993896484,105.699996948242,810,630,1
13.2600002288818,94.1999969482422,42.7000007629395,0.915000021457672,70.3000030517578,5528,296.299987792969,106.400001525879,812,631,1
13.1700000762939,94.1999969482422,42.7000007629395,0.894999980926514,65.8000030517578,5737,289.5,105.900001525879,812,631,1
13.1000003814697,94.1999969482422,42.7000007629395,0.953000009059906,65.9000015258789,5833,284.600006103516,105.699996948242,812,631,1
13.1899995803833,94.1999969482422,42.7000007629395,0.971000015735626,65,6068,292.399993896484,105.699996948242,812,631,1
13.1899995803833,94.3000030517578,42.7000007629395,0.967999994754791,61.0999984741211,6250,305.100006103516,105.699996948242,813,632,1
13.1300001144409,94.3000030517578,42.7000007629395,0.943000018596649,59.9000015258789,6518,304.200012207031,105.699996948242,813,633,1
13.1000003814697,94.3000030517578,42.7000007629395,0.934000015258789,49,6515,293.399993896484,105.699996948242,813,634,1
12.9899997711182,94.3000030517578,42.7000007629395,0.882000029087067,30.7000007629395,6186,297.299987792969,106.099998474121,814,635,1
13.1199998855591,94.4000015258789,42.7000007629395,0.889999985694885,25.6000003814697,5808,295.399993896484,106,814,636,1
13.1499996185303,94.4000015258789,42.7000007629395,0.90200001001358,25.2999992370605,5501,292.399993896484,105.699996948242,815,636,1
13.1300001144409,94.4000015258789,42.7000007629395,0.875999987125397,26.2999992370605,5185,292.399993896484,105.699996948242,815,638,1
12.960000038147,94.4000015258789,42.7000007629395,0.870999991893768,27,5438,297.299987792969,105.599998474121,815,638,1
13.1000003814697,94.4000015258789,42.7000007629395,0.925999999046326,27,5291,288.5,105.699996948242,816,639,1
13.2200002670288,94.4000015258789,42.7000007629395,0.888000011444092,29.7000007629395,5161,294.399993896484,105.599998474121,817,638,1
12.8999996185303,94.4000015258789,42.7000007629395,0.871999979019165,32.9000015258789,5174,289.5,105.599998474121,817,637,1
13.210000038147,94.4000015258789,42.7000007629395,0.874000012874603,33.5,5222,290.5,106,818,637,1
13.2700004577637,94.5,42.5999984741211,0.888000011444092,35.2999992370605,5095,289.5,105.900001525879,818,636,1
13.2700004577637,94.5,42.5999984741211,0.893999993801117,40.5999984741211,4952,281.700012207031,105.699996948242,818,636,1
13.0799999237061,94.5,42.5999984741211,0.936999976634979,43.0999984741211,5037,282.700012207031,105.699996948242,820,634,1
13.2700004577637,94.5,42.5999984741211,0.949999988079071,45.0999984741211,5128,284.600006103516,105.599998474121,820,633,1
13.2700004577637,94.5,42.5999984741211,0.961000025272369,44.2999992370605,5115,279.700012207031,105.599998474121,821,632,1
13.3400001525879,94.5,42.5999984741211,0.921999990940094,45.7000007629395,4897,275.799987792969,105.699996948242,822,632,1
13.25,94.5,42.5999984741211,0.968999981880188,51.7000007629395,4876,272.899993896484,105.699996948242,823,632,1
13.1899995803833,94.5,42.5999984741211,1.00699996948242,56.2000007629395,4839,271,106.099998474121,823,631,1
13.3199996948242,94.5,42.5,1,65.0999984741211,4962,281.700012207031,105.900001525879,824,631,1
13.1800003051758,94.5,42.5,0.952000021934509,71.3000030517578,5284,285.600006103516,105.599998474121,825,630,1
13.289999961853,94.5,42.5,0.998000025749207,70.6999969482422,5377,290.5,105.599998474121,826,631,1
13.1499996185303,94.5,42.5,0.913999974727631,71.8000030517578,5551,285.600006103516,105.599998474121,826,632,1
13.2700004577637,94.5,42.5,0.920000016689301,61.4000015258789,5402,286.600006103516,105.599998474121,828,632,1
13.2799997329712,94.5,42.5,0.85699999332428,49.2999992370605,5372,285.600006103516,105.599998474121,827,632,1
13.3400001525879,94.5,42.5,0.861000001430511,37.2999992370605,5372,292.399993896484,106,828,633,1
13.0299997329712,94.5,42.5,0.865000009536743,32.7000007629395,5321,286.600006103516,105.900001525879,828,633,1
13.2299995422363,94.5,42.5,0.846000015735626,30.5,5208,281.700012207031,105.699996948242,829,634,1
13.210000038147,94.5999984741211,42.5,0.823000013828278,29.7999992370605,5070,270,105.599998474121,828,634,1
13.3400001525879,94.5999984741211,42.5,0.814999997615814,29.8999996185303,5009,277.799987792969,105.599998474121,829,634,1
13.289999961853,94.5,42.5,0.813000023365021,30,5057,286.600006103516,105.300003051758,829,634,1
13.1800003051758,94.5,42.5,0.813000023365021,32.5,5032,277.799987792969,105.599998474121,829,634,1
13.2399997711182,94.5,42.5,0.843999981880188,44,5072,275.799987792969,105.699996948242,829,634,1
13.289999961853,94.5,42.5,0.890999972820282,48.2999992370605,4949,281.700012207031,105.900001525879,829,634,1
13.289999961853,94.5999984741211,42.5,0.970000028610229,51.5999984741211,5001,282.700012207031,105.599998474121,830,633,1
13.2799997329712,94.5999984741211,42.5,0.978999972343445,57.2999992370605,4917,275.799987792969,105.599998474121,829,632,1
13.3000001907349,94.5999984741211,42.5,1.00199997425079,58.4000015258789,5120,285.600006103516,105.599998474121,829,631,1
13.3400001525879,94.5999984741211,42.4000015258789,0.967999994754791,58.2999992370605,5288,283.700012207031,105.599998474121,830,630,1
13.3100004196167,94.5999984741211,42.4000015258789,0.973999977111816,62.5,5322,283.700012207031,105.300003051758,829,631,1
13.3900003433228,94.5999984741211,42.4000015258789,0.954999983310699,74.8000030517578,5528,298.299987792969,105.300003051758,829,631,1
13.1700000762939,94.5999984741211,42.4000015258789,0.944000005722046,74.5,5871,301.200012207031,105.900001525879,829,630,1
13.3299999237061,94.5999984741211,42.4000015258789,0.917999982833862,79,5995,300.299987792969,105.699996948242,830,631,1
13.1899995803833,94.5999984741211,42.4000015258789,0.889999985694885,83.5999984741211,6337,305.100006103516,105.300003051758,830,632,1
13.2399997711182,94.5999984741211,42.4000015258789,0.88400000333786,89.3000030517578,6548,297.299987792969,105.599998474121,832,633,1
12.8800001144409,94.5999984741211,42.4000015258789,0.896000027656555,89.1999969482422,6935,308.100006103516,105.199996948242,831,633,1
13.210000038147,94.5999984741211,42.4000015258789,0.934000015258789,90.5999984741211,6929,314.899993896484,105.300003051758,831,633,1
13.3400001525879,94.5999984741211,42.4000015258789,0.898000001907349,90.0999984741211,7208,316.899993896484,105.699996948242,830,634,1
13.289999961853,94.5999984741211,42.4000015258789,0.945999979972839,89.5999984741211,7459,325.600006103516,105.900001525879,831,636,1
13.2200002670288,94.5999984741211,42.4000015258789,0.922999978065491,88.1999969482422,7863,314.899993896484,105.599998474121,831,638,1
13.0299997329712,94.5999984741211,42.4000015258789,0.893999993801117,88.5,7865,327.600006103516,105.300003051758,830,640,1
13.3699998855591,94.5999984741211,42.4000015258789,0.898000001907349,88.0999984741211,8137,324.700012207031,105.300003051758,830,642,1
13.3900003433228,94.5999984741211,42.4000015258789,0.882000029087067,85,8422,332.5,105.599998474121,831,642,1
13.289999961853,94.5999984741211,42.4000015258789,0.889999985694885,84.5999984741211,8655,332.5,105.300003051758,831,645,1
13.4099998474121,94.5999984741211,42.4000015258789,1.28999996185303,88.5999984741211,7083,314.899993896484,105.900001525879,831,648,2
13.3800001144409,94.5999984741211,42.4000015258789,1.39600002765656,93.1999969482422,6682,308.100006103516,105.900001525879,831,651,2
13.4099998474121,94.5999984741211,42.4000015258789,0.976000010967255,90.3000030517578,7031,322.700012207031,105.599998474121,832,653,2
13.3699998855591,94.5999984741211,42.4000015258789,0.994000017642975,89.9000015258789,7339,319.799987792969,105.300003051758,831,655,2
13.1700000762939,94.5999984741211,42.4000015258789,0.958999991416931,90.9000015258789,7533,314.899993896484,105.300003051758,830,657,2
13.3999996185303,94.5999984741211,42.4000015258789,0.948000013828278,89,7578,321.700012207031,105.300003051758,830,657,2
13.3900003433228,94.5999984741211,42.4000015258789,0.916999995708466,88.1999969482422,7709,312,105.300003051758,830,659,2
13.3000001907349,94.5999984741211,42.4000015258789,0.925000011920929,89.0999984741211,8102,332.5,105.900001525879,829,661,2
13.0100002288818,94.5999984741211,42.4000015258789,0.896000027656555,88.8000030517578,8278,325.600006103516,105.699996948242,829,663,2
13.3500003814697,94.5999984741211,42.4000015258789,0.885999977588654,86.0999984741211,8474,336.399993896484,105.599998474121,830,666,2
13.4899997711182,94.5999984741211,42.4000015258789,0.887000024318695,85.8000030517578,8592,330.5,105.300003051758,829,668,2
13.3400001525879,94.5999984741211,42.4000015258789,0.892000019550323,85.3000030517578,8813,329.600006103516,105.199996948242,829,671,2
13.460000038147,94.5999984741211,42.2999992370605,0.875,85.5,8892,333.5,105.199996948242,829,671,2
13.3800001144409,94.5999984741211,42.4000015258789,0.86599999666214,85,8888,325.600006103516,105,829,673,2
13.460000038147,94.5999984741211,42.4000015258789,0.875999987125397,84.6999969482422,9188,336.399993896484,105.199996948242,829,675,2
13.539999961853,94.5999984741211,42.4000015258789,0.861000001430511,83.5999984741211,9135,327.600006103516,105.900001525879,830,678,2
13.4899997711182,94.5999984741211,42.2999992370605,0.839999973773956,83.6999969482422,9280,342.200012207031,105.699996948242,830,680,2
13.4099998474121,94.5999984741211,42.2999992370605,0.851999998092651,75.5,9417,338.299987792969,105.300003051758,830,683,2
13.4200000762939,94.5999984741211,42.2999992370605,0.800999999046326,34.2999992370605,8774,326.600006103516,105.199996948242,831,683,2
13.3199996948242,94.5999984741211,42.2999992370605,0.759999990463257,21.3999996185303,8299,327.600006103516,105.199996948242,831,685,2
13.3199996948242,94.5999984741211,42.2999992370605,0.71399998664856,18.6000003814697,7838,331.5,105,831,687,2
13.4499998092651,94.5999984741211,42.2999992370605,0.778999984264374,18.5,7363,325.600006103516,105,831,688,2
13.4899997711182,94.5999984741211,42.2999992370605,0.776000022888184,19.2999992370605,7024,326.600006103516,105.199996948242,830,689,2
13.4499998092651,94.5999984741211,42.2999992370605,0.824999988079071,20.1000003814697,6844,314.899993896484,105.699996948242,830,689,2
13.3299999237061,94.5999984741211,42.2000007629395,0.865000009536743,20.3999996185303,6560,311,105.599998474121,831,689,2
13.2799997329712,94.5999984741211,42.2000007629395,0.879999995231628,20.2999992370605,6199,304.200012207031,105.300003051758,831,689,2
13.4200000762939,94.5999984741211,42.0999984741211,0.879999995231628,22.1000003814697,5847,300.299987792969,105.199996948242,831,688,2
13.4200000762939,94.5999984741211,42.0999984741211,0.884999990463257,23.6000003814697,5994,299.299987792969,105.199996948242,831,686,2
13.4200000762939,94.5999984741211,42.0999984741211,0.883000016212463,34.5999984741211,6178,298.299987792969,105,832,684,2
13.4899997711182,94.5999984741211,42.0999984741211,0.848999977111816,46.4000015258789,6025,299.299987792969,105,832,682,2
13.4300003051758,94.5999984741211,42,0.931999981403351,54.0999984741211,6079,298.299987792969,105.599998474121,832,680,2
13.460000038147,94.5999984741211,42,1,68.5,6200,303.200012207031,105.699996948242,832,679,2
13.1099996566772,94.5999984741211,42,0.915000021457672,71.3000030517578,6253,295.399993896484,105.199996948242,832,679,2
13.539999961853,94.5999984741211,42,0.920000016689301,71.1999969482422,6382,306.100006103516,105,833,678,2
13.3900003433228,94.5999984741211,42,0.944999992847443,75.5999984741211,6375,305.100006103516,105,834,677,2
13.1499996185303,94.5999984741211,42,0.931999981403351,73.5,6697,317.799987792969,105,834,677,2
13.4899997711182,94.5999984741211,42,0.948000013828278,72.0999984741211,6639,309,105.199996948242,834,677,2
13.539999961853,94.5999984741211,42,0.958999991416931,70.0999984741211,6927,309,105,834,677,2
13.5799999237061,94.5999984741211,42,0.975000023841858,68.3000030517578,6989,324.700012207031,105.699996948242,835,677,2
13.5100002288818,94.5999984741211,42,0.977999985218048,65.1999969482422,6871,310,105.300003051758,835,678,2
13.4499998092651,94.5999984741211,42,0.964999973773956,58.7999992370605,6945,312,105.199996948242,835,679,2
13.539999961853,94.5999984741211,42,0.954999983310699,58.0999984741211,6985,301.200012207031,105,835,680,2
13.5699996948242,94.5999984741211,42,0.980000019073486,58.2000007629395,6952,310,105,836,681,2
13.5699996948242,94.5999984741211,42,0.958000004291534,56.4000015258789,7050,307.100006103516,105,836,681,2
13.4799995422363,94.5999984741211,42,0.958999991416931,55.4000015258789,7106,310,105,836,682,2
13.3699998855591,94.6999969482422,42,0.970000028610229,55.4000015258789,7168,313,105.300003051758,837,683,2
13.5,94.6999969482422,42,1.00100004673004,68.3000030517578,7187,313,105.300003051758,838,683,2
13.6300001144409,94.6999969482422,42,1.02799999713898,74.5,7215,321.700012207031,105.199996948242,838,685,2
13.4799995422363,94.6999969482422,42,0.998000025749207,71.5999984741211,7230,322.700012207031,105,838,686,2
13.3699998855591,94.6999969482422,42,0.953000009059906,70.5999984741211,7321,320.799987792969,105,838,687,2
13.6099996566772,94.6999969482422,42,0.971000015735626,68.4000015258789,7614,313.899993896484,105,839,689,2
13.6000003814697,94.6999969482422,42,0.940999984741211,64.6999969482422,7752,311,105,840,690,2
13.5,94.6999969482422,41.9000015258789,0.916999995708466,40.7999992370605,7483,329.600006103516,105.300003051758,841,692,2
13.0299997329712,94.6999969482422,41.9000015258789,0.851000010967255,25.2000007629395,7228,323.700012207031,105.300003051758,841,692,2
13.5299997329712,94.6999969482422,41.9000015258789,0.869000017642975,22.2000007629395,6833,320.799987792969,105,842,694,2
13.5500001907349,94.6999969482422,41.9000015258789,0.884999990463257,21.6000003814697,6501,317.799987792969,105,842,696,2
13.5,94.6999969482422,41.9000015258789,0.898000001907349,20.7999992370605,6184,301.200012207031,105,843,697,2
13.4099998474121,94.6999969482422,41.9000015258789,0.859000027179718,22.1000003814697,5757,287.600006103516,105,844,697,2
13.5200004577637,94.6999969482422,41.9000015258789,0.876999974250793,23.8999996185303,5781,296.299987792969,105,845,698,2
13.5299997329712,94.6999969482422,41.7999992370605,0.88400000333786,24.7999992370605,5666,300.299987792969,105.300003051758,845,698,2
13.4700002670288,94.6999969482422,41.7999992370605,0.874000012874603,25.7999992370605,5407,290.5,105.300003051758,845,696,2
13.4799995422363,94.6999969482422,41.7999992370605,0.870999991893768,26.8999996185303,5415,296.299987792969,105,846,696,2
13.6000003814697,94.6999969482422,41.7999992370605,0.842000007629395,26.7000007629395,5395,290.5,105,847,694,2
13.6300001144409,94.6999969482422,41.7000007629395,0.843999981880188,27.6000003814697,5255,288.5,104.900001525879,847,693,2
13.6400003433228,94.6999969482422,41.7000007629395,0.828999996185303,28.2999992370605,5129,280.700012207031,104.900001525879,848,691,2
13.5200004577637,94.6999969482422,41.7000007629395,0.820999979972839,28.7000007629395,5077,284.600006103516,104.900001525879,848,691,2
13.4300003051758,94.6999969482422,41.7000007629395,0.810999989509583,29.7000007629395,4950,273.899993896484,104.900001525879,848,689,2
13.5,94.6999969482422,41.7000007629395,0.810000002384186,30.8999996185303,4840,271.899993896484,105.599998474121,849,687,2
13.5200004577637,94.6999969482422,41.7000007629395,0.785000026226044,31.2000007629395,4581,262.200012207031,105,850,684,2
13.5299997329712,94.6999969482422,41.7000007629395,0.804000020027161,31.3999996185303,4455,257.299987792969,105,850,682,2
13.5500001907349,94.6999969482422,41.7000007629395,0.802999973297119,32,4280,249.5,104.900001525879,851,680,2
13.4399995803833,94.6999969482422,41.7000007629395,0.926999986171722,32.9000015258789,4054,243.600006103516,104.900001525879,850,678,2
13.2700004577637,94.6999969482422,41.7000007629395,1.13800001144409,33.0999984741211,4142,246.5,104.900001525879,850,678,2
13.6000003814697,94.6999969482422,41.5999984741211,1.34899997711182,38.7999992370605,4369,256.299987792969,104.900001525879,850,676,2
13.5799999237061,94.8000030517578,41.5999984741211,0.896000027656555,39.7000007629395,4236,247.5,105,850,674,2
13.4200000762939,94.8000030517578,41.5999984741211,0.919000029563904,43.2999992370605,4093,243.600006103516,105,849,672,2
13.5600004196167,94.8000030517578,41.5999984741211,0.941999971866608,54.0999984741211,4594,257.299987792969,105,848,670,2
13.5900001525879,94.8000030517578,41.5999984741211,0.936999976634979,65.0999984741211,4157,249.5,104.900001525879,848,669,2
13.5900001525879,94.8000030517578,41.5999984741211,0.981000006198883,65.5,4459,261.200012207031,104.900001525879,847,667,2
13.6499996185303,94.8000030517578,41.5999984741211,1.05299997329712,70.6999969482422,4378,253.399993896484,104.900001525879,847,667,2
13.5299997329712,94.8000030517578,41.5999984741211,1.03100001811981,63,4897,268,104.599998474121,846,666,2
13.6599998474121,94.8000030517578,41.5999984741211,0.961000025272369,60,4269,252.399993896484,104.900001525879,846,665,2
13.6800003051758,94.8000030517578,41.5999984741211,0.908999979496002,45.2000007629395,4459,246.5,105.199996948242,845,665,2
13.5200004577637,94.8000030517578,41.5999984741211,0.887000024318695,39.7999992370605,4162,246.5,104.900001525879,846,665,2
13.3900003433228,94.8000030517578,41.5999984741211,0.882000029087067,36.2000007629395,3969,234.800003051758,104.599998474121,845,664,2
13.460000038147,94.8000030517578,41.5999984741211,0.984000027179718,34.4000015258789,3873,239.699996948242,104.599998474121,845,664,2
13.4499998092651,94.8000030517578,41.5999984741211,0.925000011920929,33.2999992370605,3853,240.699996948242,104.599998474121,845,664,2
13.5200004577637,94.8000030517578,41.5999984741211,0.879999995231628,32.5,3804,229,104.599998474121,844,664,2
13.6499996185303,94.8000030517578,41.5999984741211,0.839999973773956,32.4000015258789,3797,236.800003051758,104.599998474121,844,664,2
13.5500001907349,94.8000030517578,41.5999984741211,0.842999994754791,32.4000015258789,3786,236.800003051758,105,844,663,2
13.6499996185303,94.8000030517578,41.5999984741211,0.837000012397766,33.2999992370605,3857,233.800003051758,105,843,662,2
13.6400003433228,94.8000030517578,41.5999984741211,0.837999999523163,35.2000007629395,3671,233.800003051758,104.900001525879,843,662,2
13.5799999237061,94.8000030517578,41.5999984741211,0.857999980449677,44.4000015258789,3652,237.800003051758,104.599998474121,843,661,2
13.6599998474121,94.8000030517578,41.5999984741211,0.892000019550323,59.0999984741211,3522,228,104.599998474121,843,660,2
13.539999961853,94.8000030517578,41.5999984741211,0.839999973773956,78.0999984741211,3646,243.600006103516,104.599998474121,842,659,2
13.6300001144409,94.8000030517578,41.5,0.874000012874603,87.6999969482422,3678,233.800003051758,104.5,841,657,2
13.7399997711182,94.8000030517578,41.5,0.879000008106232,93.1999969482422,4211,253.399993896484,104.599998474121,840,656,2
13.6800003051758,94.8000030517578,41.5,0.870000004768372,95.5999984741211,4014,249.5,105,840,655,2
13.6800003051758,94.8000030517578,41.5,0.876999974250793,94.5,4388,248.5,105,840,655,2
13.8100004196167,94.8000030517578,41.5999984741211,0.869000017642975,97.5999984741211,4224,259.200012207031,104.599998474121,839,655,2
13.8100004196167,94.8000030517578,41.5999984741211,0.885999977588654,94.5999984741211,4652,248.5,104.599998474121,837,654,2
13.8299999237061,94.8000030517578,41.5999984741211,0.906000018119812,94.4000015258789,4702,272.899993896484,104.599998474121,836,654,2
13.4200000762939,94.8000030517578,41.5999984741211,0.959999978542328,96.1999969482422,4761,260.200012207031,104.5,835,654,2
13.1800003051758,94.8000030517578,41.5999984741211,0.957000017166138,97.4000015258789,4695,267.100006103516,104.5,834,654,2
13.7799997329712,94.8000030517578,41.5999984741211,0.947000026702881,95.5,5163,280.700012207031,104.900001525879,833,654,2
13.8000001907349,94.8000030517578,41.5999984741211,0.936999976634979,94.3000030517578,4965,264.100006103516,105,833,654,2
13.8299999237061,94.8000030517578,41.5999984741211,0.96399998664856,96.5999984741211,5387,290.5,104.599998474121,832,654,2
13.7299995422363,94.8000030517578,41.5999984741211,0.944000005722046,95.5999984741211,5526,289.5,104.599998474121,831,655,2
13.6700000762939,94.8000030517578,41.5999984741211,0.968999981880188,94.0999984741211,5572,284.600006103516,104.5,830,655,2
13.8599996566772,94.8000030517578,41.5999984741211,0.958999991416931,94.1999969482422,5508,278.799987792969,104.5,829,658,2
13.4700002670288,94.8000030517578,41.5999984741211,0.940999984741211,86.0999984741211,5640,275.799987792969,104.5,828,658,2
13.7799997329712,94.8000030517578,41.5999984741211,0.879000008106232,72.6999969482422,5591,295.399993896484,104.5,828,658,2
13.75,94.8000030517578,41.5999984741211,0.874000012874603,48.7000007629395,5621,256.299987792969,105.199996948242,828,660,2
13.4099998474121,94.8000030517578,41.5999984741211,0.825999975204468,35.4000015258789,5683,283.700012207031,104.900001525879,828,661,2
13.8299999237061,94.8000030517578,41.5999984741211,0.864000022411346,29.8999996185303,5508,282.700012207031,104.5,827,663,2
13.6999998092651,94.8000030517578,41.5999984741211,0.85699999332428,28.1000003814697,5468,279.700012207031,104.5,827,664,2
13.6499996185303,94.8000030517578,41.5999984741211,0.825999975204468,27.7999992370605,5254,283.700012207031,104.5,827,664,2
13.539999961853,94.8000030517578,41.5999984741211,0.814999997615814,28.6000003814697,5126,282.700012207031,104.5,827,664,2
13.6599998474121,94.8000030517578,41.5999984741211,0.804000020027161,29.2999992370605,4977,281.700012207031,104.5,826,664,2
13.6599998474121,94.8000030517578,41.5999984741211,0.790000021457672,30.3999996185303,4760,271.899993896484,105,826,664,2
13.6700000762939,94.8000030517578,41.5999984741211,0.790000021457672,30.8999996185303,4250,252.399993896484,105,826,663,2
13.5799999237061,94.8000030517578,41.5999984741211,1.12800002098083,32.5,4582,261.200012207031,104.599998474121,826,662,2
13.6499996185303,94.8000030517578,41.5999984741211,0.865000009536743,47.0999984741211,4797,275.799987792969,104.5,826,661,2
13.8199996948242,94.8000030517578,41.5,0.86599999666214,55.5,4591,262.200012207031,104.5,825,661,2
13.8100004196167,94.8000030517578,41.5,1.00100004673004,59.0999984741211,4532,261.200012207031,104.5,825,659,2
13.7600002288818,94.8000030517578,41.5,1.00300002098083,65.6999969482422,4914,278.799987792969,104.400001525879,825,659,2
13.8100004196167,94.8000030517578,41.5,1.02999997138977,71.3000030517578,4859,262.200012207031,104.5,825,658,2
13.8500003814697,94.8000030517578,41.5,1.02300000190735,71.5,4873,262.200012207031,105,824,658,2
13.8100004196167,94.8000030517578,41.5,0.995999991893768,74.6999969482422,4799,267.100006103516,104.599998474121,824,657,2
13.8599996566772,94.8000030517578,41.5,1.00199997425079,74.1999969482422,4930,279.700012207031,104.5,825,658,2
13.8400001525879,94.8000030517578,41.5,0.976000010967255,73.5,5068,283.700012207031,104.400001525879,825,658,2
13.8000001907349,94.8000030517578,41.5,0.975000023841858,74,4952,267.100006103516,104.5,826,658,2
13.8599996566772,94.8000030517578,41.5,0.987999975681305,69.4000015258789,5182,285.600006103516,104.5,826,658,2
13.8800001144409,94.8000030517578,41.5,0.930000007152557,69,5255,289.5,104.400001525879,826,659,2
13.8599996566772,94.6999969482422,41.5,0.971000015735626,65.1999969482422,5160,276.799987792969,104.900001525879,827,659,2
13.8400001525879,94.8000030517578,41.5,0.947000026702881,63.4000015258789,5056,285.600006103516,104.900001525879,827,660,2
13.4200000762939,94.6999969482422,41.5,0.925999999046326,61.5,5321,285.600006103516,104.5,827,660,2
13.8100004196167,94.8000030517578,41.5,0.925999999046326,59.5,5211,284.600006103516,104.400001525879,827,661,2
13.6199998855591,94.8000030517578,41.5,0.96399998664856,59.5999984741211,5400,294.399993896484,104.400001525879,828,661,2
13.8100004196167,94.8000030517578,41.5,0.926999986171722,54,5411,300.299987792969,104.5,828,661,2
13.8299999237061,94.6999969482422,41.5,0.888000011444092,42.0999984741211,5263,283.700012207031,104.400001525879,828,662,2
13.7299995422363,94.8000030517578,41.5,0.865000009536743,38.5999984741211,5148,284.600006103516,104.400001525879,828,662,2
13.6800003051758,94.6999969482422,41.5,0.88400000333786,34.5,5078,283.700012207031,104.900001525879,828,664,2
13.8299999237061,94.6999969482422,41.5,0.860000014305115,33.7999992370605,4953,268,104.900001525879,829,664,2
13.8299999237061,94.6999969482422,41.5,0.851999998092651,41,4958,277.799987792969,104.5,829,664,2
13.7799997329712,94.6999969482422,41.5,0.925999999046326,42.2000007629395,4922,271.899993896484,104.400001525879,828,664,2
13.7299995422363,94.6999969482422,41.5,0.903999984264374,52,4932,274.899993896484,104.400001525879,829,664,2
13.8400001525879,94.6999969482422,41.5,0.936999976634979,64.5,5166,283.700012207031,104.400001525879,829,663,2
13.7299995422363,94.6999969482422,41.5,0.949999988079071,68.0999984741211,5226,286.600006103516,104.400001525879,830,663,2
13.5299997329712,94.6999969482422,41.5,0.973999977111816,89.4000015258789,5412,287.600006103516,104.900001525879,830,663,2
13.7299995422363,94.6999969482422,41.4000015258789,0.887000024318695,87.4000015258789,5255,275.799987792969,104.599998474121,831,663,2
13.5100002288818,94.6999969482422,41.4000015258789,0.976999998092651,90.3000030517578,5675,286.600006103516,104.400001525879,831,663,2
13.8100004196167,94.6999969482422,41.4000015258789,0.869000017642975,90.0999984741211,5391,273.899993896484,104.400001525879,831,663,2
13.8100004196167,94.6999969482422,41.4000015258789,0.958999991416931,91.4000015258789,5638,297.299987792969,104.400001525879,832,664,2
13.6400003433228,94.6999969482422,41.5,0.869000017642975,93.3000030517578,6024,295.399993896484,104.400001525879,832,664,2
13.789999961853,94.6999969482422,41.5,0.848999977111816,94.1999969482422,6154,301.200012207031,104.400001525879,832,664,2
13.8400001525879,94.6999969482422,41.5,0.853999972343445,93.0999984741211,6164,312,104.599998474121,832,665,2
13.8500003814697,94.6999969482422,41.5,0.916999995708466,89.5999984741211,6272,288.5,104.900001525879,832,665,2
13.6000003814697,94.6999969482422,41.5,0.920000016689301,80.0999984741211,6649,300.299987792969,104.5,832,666,2
13.5699996948242,94.6999969482422,41.5,0.948000013828278,80.5999984741211,6584,295.399993896484,104.400001525879,832,667,2
13.3800001144409,94.6999969482422,41.5,0.943000018596649,82.8000030517578,6803,295.399993896484,104.400001525879,832,669,2
13.7299995422363,94.6999969482422,41.5,0.933000028133392,81.0999984741211,6759,308.100006103516,104.400001525879,831,670,2
13.8100004196167,94.6999969482422,41.5,0.939999997615814,76.9000015258789,6815,300.299987792969,104.400001525879,831,671,2
13.6999998092651,94.6999969482422,41.5,0.947000026702881,64.8000030517578,7082,313.899993896484,104.5,831,673,2
13.4300003051758,94.6999969482422,41.5,0.934000015258789,58.5,7120,303.200012207031,104.599998474121,831,673,2
13.75,94.6999969482422,41.5,0.919000029563904,54,7153,306.100006103516,104.5,831,675,2
13.9099998474121,94.6999969482422,41.5,0.927999973297119,52.2999992370605,7073,314.899993896484,104.400001525879,831,677,2
13.8500003814697,94.6999969482422,41.5,0.948000013828278,49.7000007629395,7089,314.899993896484,104.400001525879,831,678,2
13.8000001907349,94.6999969482422,41.5,0.879999995231628,42.0999984741211,7014,316.899993896484,104.400001525879,831,680,2
13.6700000762939,94.6999969482422,41.5,0.944999992847443,42.0999984741211,7014,307.100006103516,104.400001525879,832,682,2
13.6599998474121,94.6999969482422,41.5,0.939999997615814,43.9000015258789,7065,299.299987792969,104.199996948242,832,683,2
13.8100004196167,94.6999969482422,41.5,0.958000004291534,45.2000007629395,7098,313,104.400001525879,832,683,2
13.8699998855591,94.6999969482422,41.5,0.952000021934509,46,7061,302.200012207031,104.900001525879,832,684,2
13.8699998855591,94.6999969482422,41.5,0.953000009059906,46.2999992370605,6897,306.100006103516,104.400001525879,834,685,2
13.7200002670288,94.6999969482422,41.4000015258789,0.925999999046326,47.5,6805,295.399993896484,104.400001525879,834,686,2
13.6499996185303,94.6999969482422,41.4000015258789,0.986000001430511,53.5999984741211,7075,314.899993896484,104.199996948242,835,687,2
13.6400003433228,94.5999984741211,41.4000015258789,0.976000010967255,68.5999984741211,7069,313,104.400001525879,835,688,2
13.6800003051758,94.6999969482422,41.4000015258789,0.967999994754791,62.5999984741211,7266,307.100006103516,104.199996948242,836,688,2
13.9200000762939,94.5999984741211,41.4000015258789,0.944999992847443,63.9000015258789,6950,309,104.199996948242,836,688,2
13.7399997711182,94.5999984741211,41.4000015258789,0.976999998092651,63.7999992370605,7020,313,104.599998474121,837,689,2
13.8000001907349,94.5999984741211,41.4000015258789,0.957000017166138,61.2000007629395,6957,310,104.599998474121,838,690,2
13.7200002670288,94.5999984741211,41.4000015258789,0.89300000667572,41.5999984741211,6811,298.299987792969,104.400001525879,839,692,2
13.5500001907349,94.5999984741211,41.4000015258789,0.961000025272369,35.2000007629395,6791,309,104.400001525879,840,693,2
13.6700000762939,94.5999984741211,41.4000015258789,0.885999977588654,27.5,6682,308.100006103516,104.199996948242,840,694,2
13.3199996948242,94.5999984741211,41.4000015258789,0.882000029087067,22.3999996185303,6497,293.399993896484,104.199996948242,840,694,2
13.6800003051758,94.5999984741211,41.4000015258789,0.874000012874603,21.2999992370605,6257,310,104.199996948242,841,695,2
13.7399997711182,94.5999984741211,41.2999992370605,0.879000008106232,21.8999996185303,6206,313.899993896484,104.400001525879,842,696,2
13.6999998092651,94.5999984741211,41.2999992370605,0.870999991893768,22.1000003814697,6051,292.399993896484,104.900001525879,843,696,2
13.6000003814697,94.5999984741211,41.2999992370605,0.86599999666214,22.8999996185303,5893,297.299987792969,104.5,843,696,2
13.6499996185303,94.5999984741211,41.2000007629395,0.890999972820282,33.2000007629395,5957,291.5,104.199996948242,844,695,2
13.6700000762939,94.5999984741211,41.2000007629395,0.916999995708466,44.4000015258789,6227,306.100006103516,104.199996948242,844,693,2
13.7299995422363,94.5999984741211,41.2000007629395,0.870999991893768,50.2000007629395,5911,293.399993896484,104.400001525879,844,693,2
13.8199996948242,94.5999984741211,41.2000007629395,0.976000010967255,65.4000015258789,6034,305.100006103516,104.199996948242,845,692,2
13.9200000762939,94.5999984741211,41.2000007629395,0.930000007152557,75.5,6063,305.100006103516,104.5,846,691,2
13.6700000762939,94.5999984741211,41.2000007629395,0.898000001907349,75.5999984741211,6205,297.299987792969,104.5,846,691,2
13.960000038147,94.5999984741211,41.2000007629395,0.922999978065491,80.4000015258789,6456,296.299987792969,104.400001525879,847,690,2
13.7600002288818,94.5999984741211,41.2000007629395,0.925999999046326,81.0999984741211,6555,299.299987792969,104.199996948242,848,689,2
13.7700004577637,94.5999984741211,41.2000007629395,0.938000023365021,86.1999969482422,6421,299.299987792969,104.099998474121,848,689,2
13.710000038147,94.5999984741211,41.2000007629395,0.922999978065491,85.3000030517578,6654,307.100006103516,104.199996948242,848,690,2
13.7299995422363,94.5999984741211,41.2000007629395,0.931999981403351,82.9000015258789,6774,315.899993896484,104.199996948242,848,690,2
13.6599998474121,94.5999984741211,41.2000007629395,0.958999991416931,83.9000015258789,7282,313.899993896484,104.199996948242,847,691,2
13.7600002288818,94.5999984741211,41.2000007629395,0.99099999666214,85.1999969482422,7365,311,104.599998474121,847,691,2
13.6800003051758,94.5999984741211,41.2000007629395,0.96399998664856,83.8000030517578,7367,323.700012207031,104.5,848,692,2
13.6499996185303,94.5999984741211,41.2000007629395,0.945999979972839,85.6999969482422,7539,306.100006103516,104.199996948242,848,693,2
13.6499996185303,94.5999984741211,41.2000007629395,0.920000016689301,90.9000015258789,7772,322.700012207031,104.199996948242,848,695,2
13.710000038147,94.5999984741211,41.2000007629395,0.903999984264374,86.6999969482422,7785,308.100006103516,104.199996948242,848,695,2
13.6000003814697,94.5999984741211,41.2000007629395,0.893999993801117,87.8000030517578,8164,328.600006103516,104.099998474121,848,696,2
13.7200002670288,94.5,41.2000007629395,0.901000022888184,86.9000015258789,8059,325.600006103516,104.199996948242,848,699,2
13.75,94.5999984741211,41.2000007629395,0.913999974727631,86.3000030517578,8245,328.600006103516,104.5,849,701,2
13.6000003814697,94.5,41.2999992370605,0.896000027656555,61.2000007629395,8007,326.600006103516,104.400001525879,849,703,2
13.539999961853,94.5,41.2999992370605,0.72299998998642,30.2000007629395,7672,303.200012207031,104.199996948242,848,704,2
13.6499996185303,94.5,41.2999992370605,0.763999998569489,21.2999992370605,7175,308.100006103516,104.199996948242,849,706,2
13.7600002288818,94.5,41.2999992370605,0.818000018596649,21.2999992370605,6743,303.200012207031,104.199996948242,849,706,2
13.7200002670288,94.5,41.2000007629395,0.869000017642975,21.1000003814697,6428,302.200012207031,104.199996948242,849,708,2
13.6000003814697,94.5,41.2000007629395,0.879000008106232,21.2999992370605,6021,286.600006103516,104.199996948242,848,709,2
13.5799999237061,94.5,41.2000007629395,0.865000009536743,22.6000003814697,5896,287.600006103516,104.599998474121,849,709,2
13.6599998474121,94.5,41.2000007629395,0.889999985694885,23.5,6014,290.5,104.5,849,708,2
13.7299995422363,94.5,41.2000007629395,0.888999998569489,34.4000015258789,6072,295.399993896484,104.199996948242,849,708,2
13.7700004577637,94.5,41.2000007629395,0.903999984264374,34,6130,294.399993896484,104.099998474121,849,708,2
13.7299995422363,94.5,41.2000007629395,0.935000002384186,38.2000007629395,5896,286.600006103516,104.199996948242,849,707,2
13.7299995422363,94.5,41.0999984741211,0.916999995708466,34.2000007629395,5947,287.600006103516,104.099998474121,849,705,2
13.3000001907349,94.5,41.0999984741211,0.922999978065491,31.3999996185303,5751,293.399993896484,104.099998474121,850,704,2
13.7399997711182,94.5,41.0999984741211,0.878000020980835,30.2999992370605,5534,289.5,104.099998474121,850,702,2
13.7299995422363,94.5,41.0999984741211,0.875999987125397,41.5,5756,281.700012207031,104.5,851,702,2
13.710000038147,94.5,41.0999984741211,0.901000022888184,48.2999992370605,5795,292.399993896484,104.400001525879,851,700,2
13.5500001907349,94.5,41,0.890999972820282,63.0999984741211,5752,292.399993896484,104.099998474121,851,700,2
13.8000001907349,94.5,41,0.862999975681305,83.4000015258789,5846,280.700012207031,104.099998474121,851,699,2
13.8199996948242,94.5,41,0.851999998092651,90.5,6071,287.600006103516,104.099998474121,852,698,2
13.8100004196167,94.5,41,0.874000012874603,85.8000030517578,6354,301.200012207031,104.099998474121,852,697,2
13.6400003433228,94.5,41,0.897000014781952,83.9000015258789,6522,285.600006103516,104.099998474121,853,696,2
13.6999998092651,94.5,41,0.959999978542328,87.3000030517578,6463,299.299987792969,104.5,853,696,2
13.8100004196167,94.5,41,0.890999972820282,91,6859,298.299987792969,104.400001525879,852,696,2
13.8599996566772,94.5,41,0.890999972820282,90.5,7018,314.899993896484,104.199996948242,853,696,2
13.8199996948242,94.5,41,0.921999990940094,90.4000015258789,6801,313.899993896484,104.099998474121,853,697,2
13.7700004577637,94.5,41,0.930000007152557,90.8000030517578,6946,297.299987792969,104.099998474121,853,697,2
13.6899995803833,94.5,41,0.912999987602234,90.5,7129,318.799987792969,104.099998474121,851,698,2
13.8100004196167,94.5,41,0.952000021934509,89.5999984741211,7358,312,104.099998474121,851,699,2
13.8000001907349,94.5,41,0.915000021457672,89,7572,314.899993896484,104.099998474121,851,701,2
13.789999961853,94.5,41.0999984741211,0.898000001907349,89.3000030517578,7680,312,104.599998474121,851,702,2
13.5799999237061,94.5,41.0999984741211,0.896000027656555,89.5,7659,321.700012207031,104.400001525879,851,702,2
13.7299995422363,94.5,41.0999984741211,0.898000001907349,88.3000030517578,7926,303.200012207031,104.099998474121,851,703,2
13.710000038147,94.5,41.0999984741211,0.903999984264374,88.5999984741211,7898,315.899993896484,103.800003051758,851,705,2
13.6400003433228,94.5,41.0999984741211,0.908999979496002,87.5,8261,329.600006103516,104.099998474121,850,707,2
13.7799997329712,94.5,41.0999984741211,0.882000029087067,86.3000030517578,8554,326.600006103516,104.099998474121,851,708,2
13.6999998092651,94.5,41.0999984741211,0.887000024318695,86.0999984741211,8599,334.399993896484,104.099998474121,851,710,2
13.460000038147,94.5,41.0999984741211,0.885999977588654,85.9000015258789,8802,319.799987792969,104.5,850,712,2
13.6099996566772,94.5,41.0999984741211,0.879999995231628,76.4000015258789,8771,331.5,104.400001525879,850,712,2
13.1300001144409,94.5,41.0999984741211,0.888999998569489,39.5,8212,318.799987792969,104.099998474121,850,714,2
13.5900001525879,94.5,41.0999984741211,0.773000001907349,25.1000003814697,7616,313,104.099998474121,850,715,2
13.5900001525879,94.5,41.0999984741211,0.745999991893768,21.8999996185303,7103,313,104.099998474121,850,716,2
13.539999961853,94.5,41.0999984741211,0.828999996185303,21,6671,304.200012207031,103.800003051758,849,717,2
13.7299995422363,94.5,41,0.83899998664856,21.2000007629395,6226,292.399993896484,104.099998474121,848,717,2
13.6700000762939,94.5,41,0.883000016212463,22.2999992370605,5659,279.700012207031,104.199996948242,849,717,1
13.7399997711182,94.5,41,0.944999992847443,24.2999992370605,5656,303.200012207031,104.5,849,716,1
13.7200002670288,94.5,41,1.39999997615814,25.1000003814697,5581,302.200012207031,104.199996948242,848,715,1
13.5600004196167,94.5999984741211,41,1.65799999237061,26.8999996185303,5416,292.399993896484,104.099998474121,847,714,1
13.6899995803833,94.5999984741211,40.9000015258789,1.91799998283386,27.7999992370605,5567,286.600006103516,104.099998474121,846,712,1
13.8100004196167,94.5999984741211,40.9000015258789,0.957000017166138,28,5376,280.700012207031,104.099998474121,844,710,1
13.7799997329712,94.5999984741211,40.9000015258789,0.879000008106232,29.2999992370605,5020,284.600006103516,103.800003051758,842,708,1
13.5100002288818,94.5999984741211,40.9000015258789,0.851999998092651,31.1000003814697,4830,272.899993896484,103.800003051758,842,708,1
13.5900001525879,94.5999984741211,40.9000015258789,0.828000009059906,32,4779,271.899993896484,104.199996948242,840,705,1
13.6800003051758,94.5999984741211,40.7999992370605,0.823000013828278,32.2999992370605,4564,263.100006103516,104.400001525879,839,702,1
13.6899995803833,94.5999984741211,40.7999992370605,0.837000012397766,32.9000015258789,4422,262.200012207031,104.099998474121,838,700,1
13.1899995803833,94.5999984741211,40.7999992370605,0.839999973773956,33.5999984741211,4256,245.600006103516,103.800003051758,836,698,1
13.539999961853,94.5999984741211,40.7999992370605,0.857999980449677,34,4122,248.5,103.800003051758,836,696,1
13.6899995803833,94.5999984741211,40.7999992370605,0.862999975681305,35.9000015258789,4047,244.600006103516,103.800003051758,836,696,1
13.710000038147,94.5999984741211,40.7999992370605,0.878000020980835,36,4078,248.5,104.099998474121,834,696,1
13.6899995803833,94.5999984741211,40.7999992370605,0.885999977588654,36.7000007629395,3703,230.899993896484,103.800003051758,834,694,1
13.7299995422363,94.5999984741211,40.7999992370605,0.882000029087067,37.2999992370605,3677,229,104.400001525879,835,692,1
13.8100004196167,94.5999984741211,40.7999992370605,0.896000027656555,39.0999984741211,3470,218.199996948242,104.199996948242,835,690,1
13.8299999237061,94.5999984741211,40.7000007629395,0.894999980926514,40.2999992370605,3531,223.100006103516,104.099998474121,834,689,1
13.8199996948242,94.5999984741211,40.7000007629395,0.902999997138977,40.0999984741211,3594,228,103.800003051758,834,687,1
13.7200002670288,94.5999984741211,40.7000007629395,0.920000016689301,40.4000015258789,3458,222.100006103516,103.800003051758,834,685,1
13.8299999237061,94.5999984741211,40.7000007629395,0.892000019550323,40.5,3558,214.300003051758,103.800003051758,834,685,1
13.8800001144409,94.5999984741211,40.7000007629395,0.89300000667572,40.5999984741211,3533,213.300003051758,103.699996948242,834,684,1
13.7200002670288,94.5999984741211,40.7000007629395,0.892000019550323,40.9000015258789,3488,216.300003051758,104.400001525879,834,682,1
13.6800003051758,94.5999984741211,40.7000007629395,0.897000014781952,42.4000015258789,3382,215.300003051758,104.099998474121,834,680,1
13.7799997329712,94.5999984741211,40.7000007629395,0.888999998569489,43.5,3297,216.300003051758,103.800003051758,833,679,1
13.6099996566772,94.5999984741211,40.7000007629395,0.889999985694885,46.5999984741211,3365,226,103.699996948242,834,678,1
13.8000001907349,94.5999984741211,40.7000007629395,0.88400000333786,54.0999984741211,3466,220.199996948242,103.800003051758,833,678,1
13.75,94.5999984741211,40.7000007629395,0.88400000333786,57.7000007629395,3581,214.300003051758,103.699996948242,833,677,1
13.8299999237061,94.5999984741211,40.7000007629395,0.879999995231628,58.7999992370605,3605,220.199996948242,103.699996948242,833,675,1
13.6700000762939,94.5999984741211,40.7000007629395,0.892000019550323,61.4000015258789,3861,242.600006103516,104.400001525879,832,674,1
13.8299999237061,94.5999984741211,40.7000007629395,0.919000029563904,66.4000015258789,3957,236.800003051758,104.199996948242,832,673,1
13.6599998474121,94.5999984741211,40.7000007629395,0.922999978065491,81.1999969482422,4356,261.200012207031,103.800003051758,831,671,1
13.8100004196167,94.5999984741211,40.7000007629395,0.925999999046326,87.6999969482422,4541,252.399993896484,103.800003051758,831,671,1
13.7299995422363,94.5999984741211,40.7000007629395,0.875,87.3000030517578,4687,271,103.800003051758,831,670,1
13.7299995422363,94.5999984741211,40.7000007629395,0.902999997138977,92.3000030517578,5649,290.5,103.800003051758,830,669,1
13.6099996566772,94.5999984741211,40.7000007629395,0.885999977588654,93.5,5136,294.399993896484,103.800003051758,830,669,1
13.6400003433228,94.5999984741211,40.7000007629395,0.853999972343445,96.4000015258789,5688,296.299987792969,104.199996948242,829,669,1
13.710000038147,94.5999984741211,40.7000007629395,0.857999980449677,95.0999984741211,5455,285.600006103516,104.199996948242,828,669,1
13.7799997329712,94.5999984741211,40.7000007629395,0.878000020980835,94.5999984741211,5554,273.899993896484,103.800003051758,828,669,1
13.8000001907349,94.5999984741211,40.7000007629395,0.925999999046326,95.1999969482422,5707,298.299987792969,103.699996948242,828,669,1
13.4799995422363,94.5999984741211,40.7000007629395,0.898999989032745,93.5999984741211,6257,285.600006103516,103.699996948242,827,669,1
13.6099996566772,94.5999984741211,40.7999992370605,0.913999974727631,94,6437,314.899993896484,103.800003051758,827,669,1
13.6300001144409,94.5999984741211,40.7999992370605,0.917999982833862,92.3000030517578,6720,305.100006103516,103.699996948242,826,670,1
13.6000003814697,94.5999984741211,40.7999992370605,0.910000026226044,67.3000030517578,6790,311,103.800003051758,826,671,1
13.6800003051758,94.5999984741211,40.7999992370605,0.810000002384186,37.0999984741211,6715,310,104.199996948242,824,672,1
13.6000003814697,94.5999984741211,40.7999992370605,0.869000017642975,25.5,6523,303.200012207031,104.099998474121,825,673,1
13.5799999237061,94.6999969482422,40.7999992370605,0.862999975681305,21.8999996185303,6063,290.5,103.800003051758,825,674,1
13.6899995803833,94.5999984741211,40.7999992370605,0.842999994754791,22.6000003814697,5578,286.600006103516,103.699996948242,825,675,1
13.6700000762939,94.5999984741211,40.7999992370605,0.829999983310699,25.2000007629395,5146,282.700012207031,103.699996948242,824,676,1
13.2200002670288,94.5999984741211,40.7999992370605,0.836000025272369,27.8999996185303,4895,273.899993896484,103.699996948242,824,677,1
13.4099998474121,94.5999984741211,40.7999992370605,0.806999981403351,30,4753,266.100006103516,103.699996948242,824,677,1
13.6000003814697,94.5999984741211,40.7999992370605,0.796000003814697,31.6000003814697,4718,264.100006103516,104.199996948242,824,676,1
13.7299995422363,94.5999984741211,40.7999992370605,0.799000024795532,33.9000015258789,4675,264.100006103516,104.099998474121,824,676,1
13.75,94.5999984741211,40.7999992370605,0.846000015735626,37.7999992370605,4710,265.100006103516,103.800003051758,824,676,1
13.8000001907349,94.5999984741211,40.7000007629395,0.820999979972839,52.5999984741211,4773,269,103.699996948242,825,674,1
13.8100004196167,94.5999984741211,40.7000007629395,0.907999992370605,56.5,4749,270,103.800003051758,825,673,1
13.5100002288818,94.5999984741211,40.7000007629395,0.97299998998642,73.9000015258789,5377,291.5,103.699996948242,825,672,1
13.7700004577637,94.5999984741211,40.7000007629395,0.96399998664856,70,5211,283.700012207031,103.800003051758,826,672,1
13.710000038147,94.5999984741211,40.7000007629395,0.857999980449677,65.6999969482422,5083,284.600006103516,103.699996948242,826,672,1
13.8900003433228,94.5999984741211,40.7000007629395,0.830999970436096,65.5,5317,284.600006103516,104.400001525879,826,671,1
13.8500003814697,94.5999984741211,40.7000007629395,0.962000012397766,69.5999984741211,5339,292.399993896484,104.099998474121,827,671,1
13.6499996185303,94.5999984741211,40.7000007629395,0.861999988555908,76.6999969482422,5536,288.5,103.699996948242,828,670,1
13.5799999237061,94.5999984741211,40.7000007629395,0.799000024795532,78.0999984741211,5667,294.399993896484,103.800003051758,828,671,1
13.0200004577637,94.5999984741211,40.7000007629395,0.825999975204468,77.6999969482422,6426,303.200012207031,103.699996948242,828,671,1
13.3800001144409,94.5999984741211,40.7000007629395,0.797999978065491,84.3000030517578,5626,285.600006103516,103.699996948242,827,672,1
13.3400001525879,94.5999984741211,40.7000007629395,0.97299998998642,83.4000015258789,6133,298.299987792969,103.699996948242,828,672,1
13.5,94.5999984741211,40.7000007629395,0.989000022411346,83.6999969482422,5948,286.600006103516,104.199996948242,827,672,1
13.4700002670288,94.5999984741211,40.7000007629395,1.00800001621246,71.4000015258789,6025,292.399993896484,104.199996948242,828,673,1
13.6499996185303,94.5999984741211,40.7000007629395,0.910000026226044,56.7999992370605,6241,298.299987792969,103.800003051758,828,674,1
13.5,94.5999984741211,40.7000007629395,0.959999978542328,43.2000007629395,6082,310,103.800003051758,827,675,1
13.6999998092651,94.5999984741211,40.7000007629395,0.88400000333786,32,5874,306.100006103516,103.699996948242,827,676,1
13.6300001144409,94.5999984741211,40.7000007629395,0.875999987125397,27.2999992370605,5344,291.5,103.699996948242,826,676,1
13.7299995422363,94.5999984741211,40.7000007629395,1.11199998855591,27.7999992370605,4797,274.899993896484,103.800003051758,826,676,1
13.6300001144409,94.5999984741211,40.7000007629395,1.50100004673004,29.5,4502,257.299987792969,103.699996948242,826,677,1
13.6499996185303,94.5999984741211,40.7000007629395,1.79999995231628,30.5,4764,272.899993896484,104.199996948242,826,677,1
13.6800003051758,94.5999984741211,40.7000007629395,1.39100003242493,40,4872,276.799987792969,104.099998474121,825,677,1
13.7600002288818,94.5999984741211,40.7000007629395,0.986999988555908,42.2000007629395,4922,271.899993896484,103.800003051758,823,676,1
13.8199996948242,94.5999984741211,40.7000007629395,0.939999997615814,53.0999984741211,4630,268,103.699996948242,821,675,1
13.8000001907349,94.5999984741211,40.5999984741211,1.067999958992,52.5,4693,267.100006103516,103.800003051758,822,676,1
13.7799997329712,94.5999984741211,40.5999984741211,0.986999988555908,54.4000015258789,4810,274.899993896484,103.800003051758,820,675,1
13.960000038147,94.5999984741211,40.5999984741211,0.970000028610229,55.7000007629395,4716,264.100006103516,103.800003051758,819,674,1
13.8699998855591,94.5999984741211,40.5999984741211,0.977999985218048,57.4000015258789,4760,268,104.400001525879,819,674,1
13.8000001907349,94.5999984741211,40.5999984741211,1.00300002098083,60.2999992370605,5009,275.799987792969,104.400001525879,819,674,1
13.8100004196167,94.5999984741211,40.5999984741211,0.99099999666214,64.9000015258789,4985,270,104.099998474121,819,674,1
13.6499996185303,94.5999984741211,40.5999984741211,0.992999970912933,67.0999984741211,5157,273.899993896484,103.699996948242,820,674,1
13.8699998855591,94.5999984741211,40.5999984741211,0.99099999666214,67.1999969482422,5269,275.799987792969,103.800003051758,820,674,1
13.8900003433228,94.5999984741211,40.5999984741211,0.938000023365021,65.4000015258789,5652,291.5,103.699996948242,820,675,1
13.710000038147,94.5999984741211,40.5999984741211,0.888999998569489,61.0999984741211,5599,294.399993896484,103.800003051758,821,675,1
13.8500003814697,94.5,40.5999984741211,0.896000027656555,59.7999992370605,5721,289.5,103.800003051758,822,676,1
13.8999996185303,94.5999984741211,40.5999984741211,0.902999997138977,57.7999992370605,5886,303.200012207031,104.400001525879,823,676,1
13.8100004196167,94.5999984741211,40.5999984741211,0.934000015258789,55.5999984741211,6121,301.200012207031,104.099998474121,824,677,1
13.8400001525879,94.5999984741211,40.5999984741211,0.934000015258789,55.5,6066,288.5,103.800003051758,824,677,1
13.7299995422363,94.5999984741211,40.5999984741211,0.945999979972839,57.2999992370605,6003,298.299987792969,103.800003051758,825,677,1
13.7700004577637,94.5999984741211,40.5999984741211,0.975000023841858,66.3000030517578,5922,290.5,103.699996948242,825,678,1
13.7299995422363,94.5999984741211,40.5999984741211,0.920000016689301,73.8000030517578,6253,289.5,103.699996948242,826,679,1
13.7299995422363,94.5999984741211,40.5999984741211,0.896000027656555,81,6359,307.100006103516,103.699996948242,827,679,1
13.75,94.5999984741211,40.5999984741211,0.894999980926514,78,6894,318.799987792969,104.400001525879,828,680,1
13.7200002670288,94.5999984741211,40.5999984741211,0.949999988079071,81,7072,306.100006103516,104.199996948242,828,681,1
13.7399997711182,94.5999984741211,40.5999984741211,0.958000004291534,80.5,7386,327.600006103516,103.800003051758,828,681,1
13.7299995422363,94.5999984741211,40.5999984741211,0.961000025272369,82.3000030517578,7537,320.799987792969,103.699996948242,829,682,1
13.8199996948242,94.5999984741211,40.5999984741211,0.949000000953674,79.6999969482422,7778,322.700012207031,103.800003051758,829,683,1
13.6599998474121,94.5999984741211,40.5999984741211,0.912000000476837,80.1999969482422,8135,343.200012207031,103.800003051758,830,686,1
13.3699998855591,94.5999984741211,40.5999984741211,0.907000005245209,65.9000015258789,7987,329.600006103516,103.800003051758,830,687,1
13.7200002670288,94.5999984741211,40.5999984741211,0.753000020980835,33.2000007629395,7620,319.799987792969,103.699996948242,831,690,1
13.5900001525879,94.5999984741211,40.5999984741211,0.810000002384186,21.6000003814697,7262,314.899993896484,104.199996948242,831,690,1
13.5900001525879,94.5999984741211,40.5999984741211,0.813000023365021,19.6000003814697,6764,305.100006103516,103.800003051758,831,690,1
13.6400003433228,94.5999984741211,40.5999984741211,0.837000012397766,19.7000007629395,6379,294.399993896484,103.800003051758,832,692,1
13.5,94.5999984741211,40.5999984741211,0.857999980449677,20.2999992370605,6041,287.600006103516,103.699996948242,832,693,1
13.6999998092651,94.5999984741211,40.5999984741211,0.846000015735626,21.7000007629395,5754,283.700012207031,103.699996948242,833,694,1
13.6700000762939,94.5999984741211,40.5999984741211,0.851000010967255,22.3999996185303,6041,299.299987792969,103.699996948242,834,694,1
13.8100004196167,94.5999984741211,40.5999984741211,0.873000025749207,25.8999996185303,5930,305.100006103516,103.800003051758,835,694,1
13.7600002288818,94.5999984741211,40.5999984741211,0.921999990940094,28.6000003814697,5817,297.299987792969,104.400001525879,835,694,1
13.6800003051758,94.5999984741211,40.5999984741211,0.906000018119812,29.5,5691,301.200012207031,104.199996948242,835,693,1
13.75,94.5999984741211,40.5,0.88400000333786,29.8999996185303,5636,296.299987792969,104.099998474121,835,692,1
13.7700004577637,94.5999984741211,40.5,0.875999987125397,28.2000007629395,5542,296.299987792969,103.800003051758,836,691,1
13.8599996566772,94.5999984741211,40.5,0.819999992847443,28.3999996185303,5339,286.600006103516,103.699996948242,837,690,1
13.8599996566772,94.5999984741211,40.5,0.848999977111816,29.8999996185303,5313,283.700012207031,103.800003051758,838,688,1
13.7399997711182,94.5999984741211,40.5,0.837000012397766,30.3999996185303,5172,293.399993896484,103.800003051758,840,687,1
13.710000038147,94.5999984741211,40.5,0.816999971866608,31,5067,278.799987792969,103.699996948242,840,686,1
13.8699998855591,94.5999984741211,40.5,0.814999997615814,39.5999984741211,4693,259.200012207031,104.400001525879,840,685,1
13.8100004196167,94.5999984741211,40.5,0.804000020027161,46.4000015258789,4957,270,104.099998474121,841,684,1
13.4899997711182,94.5999984741211,40.4000015258789,0.930000007152557,49.7999992370605,5015,278.799987792969,103.800003051758,842,683,1
13.7200002670288,94.5999984741211,40.4000015258789,0.945999979972839,52.5,5049,276.799987792969,103.699996948242,843,681,1
13.8400001525879,94.5999984741211,40.4000015258789,0.939000010490417,53.0999984741211,5161,274.899993896484,103.699996948242,843,680,1
13.8900003433228,94.5999984741211,40.4000015258789,0.927999973297119,53.4000015258789,5138,279.700012207031,103.800003051758,843,679,1
13.7200002670288,94.6999969482422,40.4000015258789,0.901000022888184,52.7000007629395,5327,285.600006103516,103.800003051758,843,679,1
13.7299995422363,94.5999984741211,40.4000015258789,0.883000016212463,46.4000015258789,5123,279.700012207031,104.5,844,678,1
13.8100004196167,94.6999969482422,40.4000015258789,0.882000029087067,38.2000007629395,5101,290.5,104.099998474121,845,678,1
13.6899995803833,94.5999984741211,40.4000015258789,0.842999994754791,34.9000015258789,5111,288.5,103.800003051758,845,677,1
13.710000038147,94.5999984741211,40.4000015258789,0.842000007629395,33.7999992370605,4968,279.700012207031,103.699996948242,845,677,1
13.8199996948242,94.6999969482422,40.4000015258789,0.819000005722046,36.0999984741211,4962,278.799987792969,103.699996948242,846,677,1
13.8699998855591,94.6999969482422,40.5,0.851999998092651,39.7999992370605,5096,283.700012207031,103.800003051758,846,677,1
13.6499996185303,94.6999969482422,40.5,0.887000024318695,42.7999992370605,5357,285.600006103516,103.699996948242,846,677,1
13.710000038147,94.6999969482422,40.5,0.894999980926514,44.9000015258789,5253,284.600006103516,104.400001525879,846,676,1
13.5900001525879,94.6999969482422,40.5,0.893999993801117,51,5070,275.799987792969,104.199996948242,846,675,1
13.4200000762939,94.5999984741211,40.5,0.958000004291534,65,5252,276.799987792969,104.099998474121,846,674,1
13.7799997329712,94.6999969482422,40.5,0.878000020980835,71.1999969482422,5122,283.700012207031,103.699996948242,847,675,1
13.7299995422363,94.6999969482422,40.5,0.986000001430511,70.0999984741211,5208,288.5,103.699996948242,846,674,1
13.789999961853,94.6999969482422,40.5,0.922999978065491,70.0999984741211,5489,280.700012207031,103.699996948242,846,674,1
13.7299995422363,94.6999969482422,40.5,0.904999971389771,63.2000007629395,5611,300.299987792969,103.800003051758,847,673,1
13.7600002288818,94.6999969482422,40.5,0.875999987125397,54.7000007629395,5795,279.700012207031,103.800003051758,847,674,1
13.8299999237061,94.6999969482422,40.5,0.883000016212463,48.0999984741211,5939,280.700012207031,104.400001525879,848,674,1
13.7399997711182,94.6999969482422,40.5,0.899999976158142,40.2999992370605,5798,299.299987792969,104.099998474121,847,674,1
13.8400001525879,94.6999969482422,40.5,0.864000022411346,33.7999992370605,5631,293.399993896484,103.800003051758,847,674,1
13.6499996185303,94.6999969482422,40.5,0.887000024318695,31.2000007629395,5550,281.700012207031,103.800003051758,847,674,1
13.6199998855591,94.6999969482422,40.5,0.851999998092651,29.7000007629395,5560,294.399993896484,103.800003051758,847,675,1
13.7799997329712,94.6999969482422,40.5,0.84799998998642,28.6000003814697,5431,292.399993896484,103.800003051758,846,675,1
13.4399995803833,94.6999969482422,40.5,0.834999978542328,28.7999992370605,5336,288.5,103.699996948242,846,675,1
13.8699998855591,94.6999969482422,40.5,0.819000005722046,29.1000003814697,5171,289.5,103.699996948242,847,675,1
13.6899995803833,94.6999969482422,40.5,0.819000005722046,30.1000003814697,5173,283.700012207031,104.199996948242,846,674,1
13.3699998855591,94.6999969482422,40.5,0.824999988079071,32.5999984741211,5234,289.5,104.099998474121,846,674,1
13.8199996948242,94.6999969482422,40.5,0.847000002861023,37.5999984741211,5296,287.600006103516,103.800003051758,846,673,1
13.7799997329712,94.5999984741211,40.5,0.893999993801117,43.7000007629395,5048,275.799987792969,103.800003051758,846,672,1
13.8900003433228,94.6999969482422,40.5,0.929000020027161,48.7999992370605,5109,285.600006103516,103.800003051758,846,672,1
13.3999996185303,94.6999969482422,40.5,0.938000023365021,42.5,4981,270,103.800003051758,846,670,1
13.9300003051758,94.6999969482422,40.5,0.879000008106232,37.5999984741211,4962,272.899993896484,103.699996948242,847,669,1
13.8999996185303,94.5999984741211,40.5,0.837000012397766,35.0999984741211,4912,270,104.099998474121,848,669,1
13.8500003814697,94.6999969482422,40.5,0.823000013828278,33.7000007629395,4872,262.200012207031,104.199996948242,848,669,1
13.8800001144409,94.5999984741211,40.5,0.778999984264374,35.5999984741211,4935,264.100006103516,104.099998474121,848,669,1
13.7299995422363,94.5999984741211,40.5,0.824999988079071,39.5,5007,278.799987792969,103.800003051758,848,668,1
13.6199998855591,94.5999984741211,40.5,0.879000008106232,45.2999992370605,4923,280.700012207031,103.800003051758,848,668,1
13.8299999237061,94.5999984741211,40.5,0.934000015258789,59.2000007629395,5361,282.700012207031,103.800003051758,848,667,1
13.8900003433228,94.5999984741211,40.4000015258789,0.889999985694885,73.6999969482422,5504,279.700012207031,103.699996948242,848,667,1
13.5900001525879,94.5999984741211,40.4000015258789,0.878000020980835,78.0999984741211,5422,279.700012207031,103.699996948242,849,667,1
13.8900003433228,94.5999984741211,40.4000015258789,0.893999993801117,77.8000030517578,5515,284.600006103516,104.400001525879,849,666,1
13.7200002670288,94.5999984741211,40.4000015258789,0.944999992847443,83.9000015258789,5927,292.399993896484,104.199996948242,849,666,1
13.7399997711182,94.5999984741211,40.4000015258789,0.898000001907349,85.5,5941,296.299987792969,103.800003051758,849,666,1
13.8599996566772,94.5999984741211,40.4000015258789,0.913999974727631,87.5,6216,308.100006103516,103.800003051758,849,666,1
13.6800003051758,94.5999984741211,40.5,0.885999977588654,91.9000015258789,6305,293.399993896484,103.800003051758,849,668,1
13.8199996948242,94.5999984741211,40.5,0.888000011444092,90.4000015258789,6429,313,103.800003051758,848,667,1
13.6999998092651,94.5999984741211,40.5,0.943000018596649,84.8000030517578,6862,295.399993896484,103.800003051758,848,667,1
13.8800001144409,94.5999984741211,40.5,0.957000017166138,82.1999969482422,7423,305.100006103516,104.199996948242,849,669,1
13.8599996566772,94.5999984741211,40.5,0.952000021934509,81.5999984741211,7503,318.799987792969,104.400001525879,848,670,1
13.7799997329712,94.5999984741211,40.5,0.975000023841858,78.9000015258789,8173,325.600006103516,104.099998474121,847,671,1
13.539999961853,94.5999984741211,40.5,0.962000012397766,78.3000030517578,8409,323.700012207031,103.800003051758,846,673,1
13.4099998474121,94.5999984741211,40.5,0.929000020027161,72.4000015258789,8316,332.5,103.800003051758,847,676,1
13.8199996948242,94.5999984741211,40.5,0.777999997138977,46.2999992370605,8130,321.700012207031,103.800003051758,846,676,1
13.8400001525879,94.5999984741211,40.5,0.742999970912933,25.2000007629395,7775,314.899993896484,103.800003051758,846,678,1
13.8400001525879,94.5999984741211,40.5999984741211,0.731000006198883,18.6000003814697,7444,310,103.800003051758,846,680,1
13.6999998092651,94.5999984741211,40.5999984741211,0.78600001335144,18.2000007629395,7016,311,104.5,846,682,1
13.6499996185303,94.5999984741211,40.5999984741211,0.948000013828278,18.2000007629395,6544,301.200012207031,104.199996948242,846,683,1
13.8699998855591,94.5999984741211,40.5,1.17599999904633,19.6000003814697,6103,295.399993896484,104.099998474121,845,683,1
13.8299999237061,94.5999984741211,40.5,1.42299997806549,22.3999996185303,5517,285.600006103516,103.800003051758,845,684,1
13.6099996566772,94.5999984741211,40.5,1.625,26.2000007629395,5813,293.399993896484,104.099998474121,845,684,1
13.7299995422363,94.5999984741211,40.5,0.91100001335144,51.7000007629395,6114,301.200012207031,104.099998474121,844,684,1
13.8400001525879,94.5999984741211,40.5,0.894999980926514,55.7999992370605,6906,295.399993896484,103.800003051758,843,683,1
13.4499998092651,94.5999984741211,40.5,0.908999979496002,53.5,6606,300.299987792969,104.199996948242,842,682,1
13.75,94.5999984741211,40.4000015258789,0.931999981403351,54,6599,298.299987792969,104.400001525879,842,682,1
13.9200000762939,94.5999984741211,40.4000015258789,0.981000006198883,77.8000030517578,7037,323.700012207031,104.099998474121,841,681,1
13.3400001525879,94.5999984741211,40.4000015258789,1.06299996376038,87.5,6925,310,103.800003051758,841,682,1
13.7200002670288,94.5999984741211,40.4000015258789,0.947000026702881,89.5999984741211,7814,334.399993896484,103.800003051758,839,683,1
13.789999961853,94.5999984741211,40.4000015258789,0.908999979496002,86.8000030517578,7895,307.100006103516,103.800003051758,839,683,1
13.6899995803833,94.5999984741211,40.4000015258789,0.890999972820282,86.5,8401,335.399993896484,104.099998474121,839,683,1
13.6199998855591,94.5999984741211,40.4000015258789,0.894999980926514,87.1999969482422,8450,329.600006103516,104.099998474121,839,684,1
13.7600002288818,94.5999984741211,40.4000015258789,0.897000014781952,85.0999984741211,8537,313.899993896484,104.400001525879,839,685,1
13.7700004577637,94.5999984741211,40.4000015258789,0.874000012874603,84.5999984741211,8746,313,104.199996948242,839,687,1
13.8900003433228,94.5999984741211,40.4000015258789,1.31500005722046,88.5999984741211,7266,315.899993896484,103.800003051758,839,689,2
13.8500003814697,94.5999984741211,40.4000015258789,1.682000041008,82.0999984741211,6635,309,103.800003051758,840,689,2
13.6800003051758,94.5999984741211,40.4000015258789,1.06500005722046,67.3000030517578,6811,313.899993896484,104.099998474121,840,691,2
13.539999961853,94.5999984741211,40.4000015258789,1.07299995422363,62.7999992370605,6958,299.299987792969,103.800003051758,840,693,2
13.4700002670288,94.5999984741211,40.4000015258789,0.980000019073486,54.2999992370605,7086,311,104.099998474121,839,694,2
13.9300003051758,94.5999984741211,40.4000015258789,0.829999983310699,56,7110,309,104.5,838,694,2
13.6700000762939,94.5999984741211,40.4000015258789,0.91100001335144,52.5,7052,311,104.199996948242,837,696,2
13.539999961853,94.5999984741211,40.4000015258789,0.879999995231628,57.7999992370605,7051,310,104.099998474121,836,697,2
13.5200004577637,94.5999984741211,40.4000015258789,0.791999995708466,66.4000015258789,6975,304.200012207031,104.099998474121,836,697,2
13.289999961853,94.5999984741211,40.4000015258789,0.828999996185303,73.3000030517578,7137,312,103.800003051758,836,697,2
13.1400003433228,94.5999984741211,40.4000015258789,0.869000017642975,81.8000030517578,7104,303.200012207031,103.800003051758,835,698,2
13.4099998474121,94.5999984741211,40.4000015258789,0.88400000333786,83,7396,308.100006103516,104.099998474121,835,700,2
13.9099998474121,94.5999984741211,40.4000015258789,0.949999988079071,80.1999969482422,7183,316.899993896484,104.5,834,700,2
13.8800001144409,94.5999984741211,40.4000015258789,0.874000012874603,76.5,7660,300.299987792969,104.199996948242,833,702,2
13.6700000762939,94.5999984741211,40.4000015258789,0.894999980926514,80.0999984741211,7403,301.200012207031,104.099998474121,833,702,2
13.6700000762939,94.5999984741211,40.4000015258789,0.964999973773956,73.5,7502,314.899993896484,104.099998474121,833,702,2
13.5799999237061,94.5999984741211,40.4000015258789,1.12600004673004,85,7753,319.799987792969,104.099998474121,832,703,2
13.6700000762939,94.5999984741211,40.4000015258789,0.967000007629395,77.5,7700,303.200012207031,103.800003051758,833,705,2
13.539999961853,94.5999984741211,40.4000015258789,1.00600004196167,80.6999969482422,7578,326.600006103516,104.099998474121,833,706,2
13.6800003051758,94.5999984741211,40.4000015258789,0.958999991416931,52.7000007629395,7425,308.100006103516,104.5,832,708,2
13.5500001907349,94.5999984741211,40.4000015258789,0.83899998664856,31.1000003814697,7401,318.799987792969,104.400001525879,833,709,2
13.5900001525879,94.5999984741211,40.4000015258789,0.882000029087067,22.3999996185303,7073,306.100006103516,104.199996948242,833,711,2
13.3400001525879,94.5999984741211,40.4000015258789,0.892000019550323,22.3999996185303,6729,302.200012207031,104.099998474121,833,711,2
13.6199998855591,94.5999984741211,40.4000015258789,0.907000005245209,23.8999996185303,6546,299.299987792969,104.099998474121,834,712,2
13.75,94.5999984741211,40.4000015258789,0.929000020027161,26.2999992370605,6125,313,104.099998474121,834,714,2
13.6400003433228,94.5999984741211,40.4000015258789,0.920000016689301,27.2000007629395,5725,303.200012207031,104.099998474121,834,714,2
13.6199998855591,94.5999984741211,40.4000015258789,0.907999992370605,28.2000007629395,5406,296.299987792969,104.5,835,714,2
13.710000038147,94.5999984741211,40.4000015258789,0.883000016212463,29.2999992370605,5235,288.5,104.5,836,714,2
13.5799999237061,94.5999984741211,40.2999992370605,0.855000019073486,30,4831,277.799987792969,104.400001525879,837,714,2
13.8199996948242,94.5999984741211,40.2999992370605,0.813000023365021,31.2999992370605,4618,268,104.199996948242,837,714,2
13.7600002288818,94.5999984741211,40.2999992370605,0.799000024795532,31.8999996185303,4597,263.100006103516,104.099998474121,838,712,2
13.6599998474121,94.5999984741211,40.2999992370605,0.818000018596649,32.7999992370605,4590,261.200012207031,104.099998474121,840,711,2
13.6899995803833,94.5999984741211,40.2999992370605,0.833999991416931,33.4000015258789,4438,258.299987792969,104.099998474121,840,710,2
13.6499996185303,94.5999984741211,40.2999992370605,0.837999999523163,33.7000007629395,4301,244.600006103516,104.199996948242,841,708,2
13.8199996948242,94.6999969482422,40.2999992370605,0.852999985218048,34.5999984741211,4104,243.600006103516,104.400001525879,842,707,2
13.8100004196167,94.5999984741211,40.2000007629395,0.853999972343445,34,4117,237.800003051758,104.400001525879,842,707,2
13.7299995422363,94.5999984741211,40.2000007629395,0.853999972343445,34.2999992370605,3924,242.600006103516,104.199996948242,843,705,2
13.7600002288818,94.6999969482422,40.2000007629395,0.862999975681305,35.4000015258789,3852,238.699996948242,104.099998474121,843,703,2
13.4499998092651,94.5999984741211,40.2000007629395,0.861999988555908,35.5999984741211,3952,238.699996948242,104.099998474121,844,702,2
13.75,94.6999969482422,40.2000007629395,0.873000025749207,39.0999984741211,3992,232.899993896484,104.099998474121,844,700,2
13.6599998474121,94.6999969482422,40.2000007629395,0.894999980926514,58.9000015258789,3957,241.699996948242,104.099998474121,844,699,2
13.6000003814697,94.6999969482422,40.0999984741211,0.893999993801117,87.5999984741211,4298,255.300003051758,104.099998474121,844,699,2
13.6999998092651,94.6999969482422,40.0999984741211,0.925999999046326,98,4167,258.299987792969,104.5,844,698,2
13.7299995422363,94.6999969482422,40.0999984741211,0.839999973773956,94.4000015258789,4549,254.399993896484,104.400001525879,845,696,2
13.6000003814697,94.6999969482422,40.0999984741211,0.853999972343445,97,4628,252.399993896484,104.199996948242,845,695,2
13.6800003051758,94.6999969482422,40.0999984741211,0.883000016212463,98.0999984741211,4326,261.200012207031,104.199996948242,845,694,2
13.789999961853,94.6999969482422,40.2000007629395,0.949000000953674,95.5,4666,243.600006103516,104.099998474121,844,694,2
13.8100004196167,94.6999969482422,40.2000007629395,0.970000028610229,93.9000015258789,4828,259.200012207031,104.099998474121,844,692,2
13.8800001144409,94.6999969482422,40.2000007629395,0.931999981403351,93.8000030517578,4973,271.899993896484,104.099998474121,844,692,2
13.8100004196167,94.6999969482422,40.2000007629395,0.943000018596649,94.5,5119,262.200012207031,104.199996948242,844,692,2
13.6599998474121,94.6999969482422,40.2000007629395,0.944999992847443,94,5051,253.399993896484,104.599998474121,843,693,2
13.75,94.6999969482422,40.2000007629395,0.947000026702881,95.5,5274,282.700012207031,104.400001525879,842,692,2
13.789999961853,94.6999969482422,40.2000007629395,0.930999994277954,94.0999984741211,5639,288.5,104.199996948242,841,692,2
13.7299995422363,94.6999969482422,40.2999992370605,0.971000015735626,94.5,5542,282.700012207031,104.099998474121,840,693,2
13.6499996185303,94.6999969482422,40.2999992370605,0.896000027656555,94.5999984741211,5968,288.5,104.099998474121,839,693,2
13.7799997329712,94.6999969482422,40.2999992370605,0.902999997138977,93.5,6178,305.100006103516,104.099998474121,839,693,2
13.7200002670288,94.6999969482422,40.2999992370605,0.931999981403351,93.6999969482422,6139,296.299987792969,104.099998474121,839,694,2
13.710000038147,94.6999969482422,40.2999992370605,0.925000011920929,92.1999969482422,6419,315.899993896484,104.5,839,695,2
13.7399997711182,94.6999969482422,40.2999992370605,0.903999984264374,92.4000015258789,6795,314.899993896484,104.199996948242,839,695,2
13.7799997329712,94.6999969482422,40.2999992370605,0.887000024318695,92.8000030517578,6586,321.700012207031,104.099998474121,838,696,2
13.6599998474121,94.8000030517578,40.2999992370605,0.894999980926514,90.9000015258789,6898,293.399993896484,104.099998474121,838,697,2
13.8000001907349,94.8000030517578,40.2999992370605,0.925999999046326,89.5999984741211,7341,303.200012207031,104.099998474121,838,698,2
13.710000038147,94.8000030517578,40.4000015258789,0.887000024318695,89.3000030517578,7390,296.299987792969,104.099998474121,838,698,2
13.710000038147,94.8000030517578,40.4000015258789,0.962000012397766,89.5999984741211,7431,328.600006103516,104.5,838,700,2
13.7399997711182,94.8000030517578,40.4000015258789,0.922999978065491,89.4000015258789,7536,315.899993896484,104.400001525879,838,701,2
13.75,94.8000030517578,40.4000015258789,0.89300000667572,86.5999984741211,8196,313,104.099998474121,837,703,2
13.8000001907349,94.8000030517578,40.4000015258789,0.885999977588654,87.4000015258789,8266,309,104.099998474121,836,705,2
13.8000001907349,94.8000030517578,40.4000015258789,0.892000019550323,87.9000015258789,8250,321.700012207031,104.099998474121,837,707,2
13.7700004577637,94.8000030517578,40.4000015258789,0.883000016212463,86.9000015258789,8262,329.600006103516,104.099998474121,838,708,2
13.6499996185303,94.8000030517578,40.4000015258789,0.885999977588654,87.3000030517578,8244,326.600006103516,103.800003051758,838,709,2
13.8800001144409,94.8000030517578,40.4000015258789,0.887000024318695,85.5999984741211,8402,320.799987792969,104.199996948242,838,710,2
13.7799997329712,94.8000030517578,40.4000015258789,0.888000011444092,85.1999969482422,8454,330.5,104.5,838,712,2
13.7600002288818,94.8000030517578,40.4000015258789,0.853999972343445,85.0999984741211,8823,326.600006103516,104.400001525879,839,714,2
13.6000003814697,94.8000030517578,40.4000015258789,0.869000017642975,84.6999969482422,8941,322.700012207031,104.199996948242,839,716,2
13.7200002670288,94.8000030517578,40.4000015258789,0.800000011920929,46.7000007629395,8481,317.799987792969,104.099998474121,840,717,2
13.6099996566772,94.8000030517578,40.4000015258789,0.705999970436096,25.2999992370605,8229,312,104.099998474121,839,717,2
13.6800003051758,94.8000030517578,40.4000015258789,0.716000020503998,19.6000003814697,7899,331.5,104.099998474121,839,720,2
13.6800003051758,94.8000030517578,40.4000015258789,0.767000019550323,18.2999992370605,7566,314.899993896484,104.099998474121,840,721,2
13.8000001907349,94.8000030517578,40.4000015258789,0.777999997138977,18.7999992370605,7391,316.899993896484,104.5,839,723,2
13.789999961853,94.8000030517578,40.4000015258789,0.806999981403351,19.7000007629395,7260,328.600006103516,104.5,840,723,2
13.4200000762939,94.8000030517578,40.4000015258789,0.861000001430511,22.5,7201,313,104.199996948242,840,723,2
13.5699996948242,94.8000030517578,40.4000015258789,0.936999976634979,33,7272,324.700012207031,104.099998474121,840,722,2
13.789999961853,94.8000030517578,40.2999992370605,1.08500003814697,41,7500,321.700012207031,103.800003051758,840,722,2
13.7299995422363,94.8000030517578,40.2999992370605,0.936999976634979,42.7000007629395,7229,312,104.099998474121,841,721,2
13.6899995803833,94.8000030517578,40.2999992370605,0.962999999523163,43.4000015258789,7256,307.100006103516,104.099998474121,841,720,2
13.8500003814697,94.8000030517578,40.2999992370605,0.935999989509583,43.4000015258789,7326,314.899993896484,104.5,842,719,2
13.8699998855591,94.8000030517578,40.2999992370605,0.949000000953674,46.2999992370605,7361,313,104.5,843,719,2
13.9200000762939,94.8000030517578,40.2000007629395,1.02999997138977,59.9000015258789,7415,307.100006103516,104.199996948242,844,719,2
13.6899995803833,94.8000030517578,40.2000007629395,0.953999996185303,55.9000015258789,7378,316.899993896484,104.099998474121,846,719,2
13.6300001144409,94.8000030517578,40.2000007629395,0.853999972343445,31.5,7073,309,104.099998474121,846,718,2
13.8800001144409,94.8000030517578,40.2000007629395,0.861000001430511,23.7000007629395,6733,276.799987792969,104.099998474121,846,718,2
13.6700000762939,94.8000030517578,40.2000007629395,0.882000029087067,21.2999992370605,6308,300.299987792969,104.099998474121,848,718,2
13.8699998855591,94.8000030517578,40.2000007629395,0.873000025749207,21.2999992370605,5935,305.100006103516,104.099998474121,848,718,2
13.6099996566772,94.8000030517578,40.2000007629395,0.860000014305115,22.6000003814697,5638,277.799987792969,104.5,850,719,2
13.789999961853,94.8000030517578,40.2000007629395,0.876999974250793,25.5,5304,280.700012207031,104.199996948242,850,718,2
13.7700004577637,94.8000030517578,40.2000007629395,0.931999981403351,27.7999992370605,4974,280.700012207031,104.099998474121,850,718,1
13.8000001907349,94.8000030517578,40.2000007629395,1.33200001716614,28.8999996185303,5042,279.700012207031,104.099998474121,851,717,1
13.710000038147,94.8000030517578,40.2000007629395,1.64100003242493,29.2999992370605,5075,288.5,104.099998474121,852,715,1
13.8400001525879,94.8000030517578,40.2000007629395,1.98099994659424,29.7000007629395,5252,284.600006103516,104.099998474121,852,714,1
13.75,94.8000030517578,40.2000007629395,2.08599996566772,29.6000003814697,5313,276.799987792969,103.800003051758,851,711,1
13.6899995803833,94.8000030517578,40.2000007629395,0.896000027656555,29.7999992370605,5053,287.600006103516,104.099998474121,848,709,1
13.7700004577637,94.8000030517578,40.2000007629395,0.836000025272369,31.6000003814697,4752,263.100006103516,104.400001525879,846,707,1
13.5500001907349,94.8000030517578,40.0999984741211,0.820999979972839,32.5,4684,270,104.099998474121,846,707,1
13.8900003433228,94.8000030517578,40.0999984741211,0.829999983310699,34.5,4686,268,103.800003051758,846,705,1
13.789999961853,94.8000030517578,40.0999984741211,0.869000017642975,45.7000007629395,4916,276.799987792969,104.199996948242,844,702,1
13.8400001525879,94.8000030517578,40.0999984741211,0.888999998569489,49.7000007629395,4642,269,103.800003051758,843,700,1
13.75,94.8000030517578,40.0999984741211,0.935000002384186,53.4000015258789,4861,271.899993896484,104.099998474121,842,698,1
13.6300001144409,94.8000030517578,40.0999984741211,0.992999970912933,67.8000030517578,5504,290.5,103.800003051758,841,698,1
13.8199996948242,94.8000030517578,40.0999984741211,0.884999990463257,69,4920,276.799987792969,104.5,841,696,1
13.7299995422363,94.8000030517578,40.0999984741211,0.948000013828278,65.5999984741211,5129,283.700012207031,104.400001525879,841,696,1
13.8100004196167,94.8000030517578,40.0999984741211,0.961000025272369,76.3000030517578,5724,287.600006103516,104.099998474121,840,695,1
13.710000038147,94.8000030517578,40.0999984741211,0.89300000667572,73.5,5478,269,104.099998474121,840,694,1
13.3999996185303,94.8000030517578,40.0999984741211,0.827000021934509,59.0999984741211,5616,285.600006103516,103.800003051758,840,694,1
13.5799999237061,94.8000030517578,40.0999984741211,0.884999990463257,71.5,5861,295.399993896484,104.099998474121,840,693,1
13.8199996948242,94.8000030517578,40.0999984741211,0.818000018596649,68,5952,292.399993896484,103.800003051758,841,693,1
13.8199996948242,94.8000030517578,40.0999984741211,0.885999977588654,65.5,5994,293.399993896484,104.400001525879,840,693,1
13.7299995422363,94.8000030517578,40.0999984741211,0.935000002384186,68,6190,298.299987792969,104.5,840,693,1
13.7700004577637,94.8000030517578,40.0999984741211,0.91100001335144,67,6475,312,104.199996948242,839,693,1
13.7600002288818,94.8000030517578,40.0999984741211,0.970000028610229,70.9000015258789,6649,307.100006103516,104.099998474121,839,694,1
13.8299999237061,94.8000030517578,40.0999984741211,0.938000023365021,74.6999969482422,7019,305.100006103516,103.800003051758,839,694,1
13.9499998092651,94.8000030517578,40.2000007629395,0.976999998092651,64.9000015258789,7195,321.700012207031,103.800003051758,839,693,1
13.539999961853,94.8000030517578,40.2000007629395,0.860000014305115,36.5,6669,293.399993896484,103.800003051758,839,694,1
13.6000003814697,94.8000030517578,40.2000007629395,0.830999970436096,25.1000003814697,6298,289.5,103.800003051758,839,695,1
13.7299995422363,94.9000015258789,40.2000007629395,0.874000012874603,23.2999992370605,5936,298.299987792969,104.599998474121,839,695,1
13.2200002670288,94.8000030517578,40.2000007629395,0.879999995231628,23.7999992370605,5638,282.700012207031,104.400001525879,839,696,1
13.6300001144409,94.9000015258789,40.2000007629395,0.966000020503998,24.3999996185303,5595,296.299987792969,104.099998474121,839,697,1
13.710000038147,94.9000015258789,40.2000007629395,1.1710000038147,25.3999996185303,5571,295.399993896484,104.099998474121,840,697,1
13.7600002288818,94.9000015258789,40.2000007629395,1.01499998569489,28.7000007629395,5494,295.399993896484,103.800003051758,840,697,1
13.6499996185303,94.9000015258789,40.0999984741211,0.908999979496002,35.0999984741211,5568,290.5,103.800003051758,839,697,1
13.960000038147,94.9000015258789,40.0999984741211,0.91100001335144,36.4000015258789,5664,303.200012207031,103.800003051758,840,696,1
13.8900003433228,94.9000015258789,40.0999984741211,0.889999985694885,37,5473,288.5,104.400001525879,840,696,1
13.8699998855591,94.9000015258789,40.0999984741211,0.893999993801117,39.4000015258789,5355,287.600006103516,104.400001525879,841,696,1
13.7700004577637,94.9000015258789,40.0999984741211,0.936999976634979,41.2000007629395,5357,283.700012207031,104.199996948242,840,695,1
13.8800001144409,94.9000015258789,40.0999984741211,0.899999976158142,38.5999984741211,5291,281.700012207031,104.099998474121,841,695,1
13.9300003051758,94.9000015258789,40.0999984741211,0.870999991893768,44.9000015258789,5295,281.700012207031,104.099998474121,841,694,1
13.8900003433228,94.9000015258789,40.0999984741211,0.896000027656555,53.9000015258789,5602,289.5,104.099998474121,842,694,1
13.7200002670288,94.9000015258789,40.0999984741211,0.957000017166138,58.5999984741211,5469,295.399993896484,103.800003051758,842,693,1
13.9099998474121,94.9000015258789,40.0999984741211,0.920000016689301,62.4000015258789,5430,286.600006103516,103.800003051758,843,693,1
13.5799999237061,94.9000015258789,40.0999984741211,0.952000021934509,66.8000030517578,5639,290.5,104.400001525879,843,693,1
13.8299999237061,94.9000015258789,40,0.958000004291534,71.9000015258789,5582,289.5,104.199996948242,844,692,1
13.8100004196167,94.9000015258789,40,0.884999990463257,78.1999969482422,5606,281.700012207031,104.099998474121,845,692,1
13.6800003051758,94.9000015258789,40.0999984741211,0.957000017166138,77.8000030517578,5840,302.200012207031,103.800003051758,845,692,1
13.6899995803833,94.9000015258789,40.0999984741211,0.919000029563904,52.9000015258789,5883,284.600006103516,104.099998474121,846,692,1
13.7799997329712,94.9000015258789,40.0999984741211,0.790000021457672,35.5999984741211,5803,286.600006103516,103.800003051758,846,692,1
13.8100004196167,94.9000015258789,40.0999984741211,0.878000020980835,28.8999996185303,5627,293.399993896484,103.800003051758,845,692,1
13.5799999237061,94.9000015258789,40.0999984741211,0.870999991893768,27.2000007629395,5385,276.799987792969,104.5,846,693,1
13.7200002670288,94.9000015258789,40.0999984741211,0.971000015735626,27.7000007629395,4929,264.100006103516,104.199996948242,846,693,1
13.7700004577637,94.9000015258789,40.0999984741211,1.3639999628067,28.6000003814697,4640,266.100006103516,104.099998474121,846,693,1
13.7700004577637,94.9000015258789,40.0999984741211,1.60099995136261,31.7000007629395,4724,261.200012207031,103.800003051758,846,693,1
13.7299995422363,94.9000015258789,40.0999984741211,0.897000014781952,40.9000015258789,4968,274.899993896484,104.099998474121,846,693,1
13.7200002670288,94.9000015258789,40.0999984741211,0.959999978542328,45.2999992370605,5184,277.799987792969,103.800003051758,846,692,1
13.75,94.9000015258789,40,0.961000025272369,48.5999984741211,4919,272.899993896484,103.800003051758,845,692,1
13.6499996185303,94.9000015258789,40,0.952000021934509,51.4000015258789,4871,273.899993896484,104.400001525879,843,691,1
13.960000038147,94.9000015258789,40,0.998000025749207,53.0999984741211,5031,275.799987792969,104.400001525879,843,690,1
13.7200002670288,94.9000015258789,40,0.981000006198883,53.9000015258789,5188,275.799987792969,104.199996948242,843,690,1
13.6999998092651,94.9000015258789,40,0.952000021934509,54.2000007629395,5106,281.700012207031,104.099998474121,843,690,1
13.6800003051758,94.9000015258789,40,0.935000002384186,73.4000015258789,5687,297.299987792969,103.800003051758,843,690,1
13.8400001525879,94.9000015258789,40,0.875999987125397,72.8000030517578,5609,290.5,104.099998474121,843,690,1
13.7399997711182,94.9000015258789,40,0.893999993801117,84,5737,295.399993896484,103.800003051758,843,690,1
13.5299997329712,94.9000015258789,40,0.887000024318695,93,5994,298.299987792969,103.800003051758,845,690,1
13.8800001144409,94.9000015258789,40,0.857999980449677,93.8000030517578,6263,309,104.5,844,690,1
13.9300003051758,94.9000015258789,40,0.878000020980835,93,6748,312,104.400001525879,845,690,1
13.7799997329712,94.9000015258789,40.0999984741211,0.88400000333786,92.5999984741211,6688,321.700012207031,104.099998474121,845,690,1
13.6800003051758,94.9000015258789,40.0999984741211,0.893999993801117,90.9000015258789,7149,323.700012207031,104.099998474121,845,691,1
13.6400003433228,94.9000015258789,40.0999984741211,0.939999997615814,89.6999969482422,7278,317.799987792969,103.800003051758,845,692,1
13.5299997329712,94.9000015258789,40.0999984741211,0.921999990940094,91,7598,313.899993896484,104.099998474121,844,693,1
13.6999998092651,94.9000015258789,40.0999984741211,0.898000001907349,88.3000030517578,7916,311,104.099998474121,844,694,1
13.7799997329712,94.9000015258789,40.0999984741211,0.882000029087067,86,8192,302.200012207031,104.5,845,696,1
13.6899995803833,94.9000015258789,40.0999984741211,0.845000028610229,85.1999969482422,8449,319.799987792969,104.400001525879,844,697,1
13.6899995803833,94.9000015258789,40.0999984741211,0.879000008106232,85.3000030517578,8732,317.799987792969,104.099998474121,844,697,1
13.7799997329712,94.9000015258789,40.0999984741211,0.869000017642975,83.0999984741211,9163,330.5,103.800003051758,843,699,1
13.789999961853,94.9000015258789,40.0999984741211,0.845000028610229,82.6999969482422,9445,332.5,104.099998474121,844,701,1
13.710000038147,94.9000015258789,40.2000007629395,0.832000017166138,82.9000015258789,9448,317.799987792969,104.099998474121,844,704,1
13.7700004577637,94.9000015258789,40.2000007629395,1.1599999666214,87.3000030517578,7709,304.200012207031,103.800003051758,844,705,2
13.8900003433228,94.9000015258789,40.2000007629395,1.44700002670288,90.5999984741211,7455,313,104.5,844,707,2
13.7399997711182,94.9000015258789,40.2000007629395,0.913999974727631,88.9000015258789,7845,331.5,104.400001525879,843,707,2
13.7200002670288,94.9000015258789,40.2000007629395,0.901000022888184,87.8000030517578,7851,315.899993896484,104.099998474121,843,708,2
13.8100004196167,94.9000015258789,40.2000007629395,0.893999993801117,87.5999984741211,8061,314.899993896484,104.099998474121,842,709,2
13.7399997711182,94.9000015258789,40.2000007629395,0.902999997138977,87.1999969482422,8370,330.5,104.099998474121,841,710,2
13.7700004577637,94.9000015258789,40.2000007629395,0.879000008106232,86.5,8542,324.700012207031,103.800003051758,841,712,2
13.7399997711182,94.9000015258789,40.2000007629395,0.874000012874603,86.1999969482422,8666,327.600006103516,103.800003051758,841,714,2
13.75,94.9000015258789,40.2000007629395,0.883000016212463,84.1999969482422,8664,316.899993896484,103.800003051758,841,715,2
13.7399997711182,94.9000015258789,40.2000007629395,0.879000008106232,84.3000030517578,8792,321.700012207031,104.5,841,715,2
13.6099996566772,94.9000015258789,40.2000007629395,0.839999973773956,85.8000030517578,9092,337.399993896484,104.199996948242,841,717,2
13.8100004196167,94.9000015258789,40.2000007629395,0.843999981880188,83.8000030517578,9071,321.700012207031,104.099998474121,840,718,2
13.7399997711182,94.9000015258789,40.2000007629395,0.839999973773956,83.8000030517578,9363,335.399993896484,104.099998474121,840,720,2
13.5,94.9000015258789,40.2000007629395,0.842999994754791,82.9000015258789,9522,342.200012207031,103.800003051758,841,721,2
13.5200004577637,94.9000015258789,40.2000007629395,0.830999970436096,79.5,9401,341.299987792969,104.099998474121,840,723,2
13.75,94.9000015258789,40.2000007629395,0.760999977588654,37.2999992370605,8811,331.5,103.699996948242,841,725,2
13.5900001525879,94.9000015258789,40.2000007629395,0.735000014305115,22.2000007629395,8405,334.399993896484,104.199996948242,841,725,2
13.75,94.9000015258789,40.2000007629395,0.723999977111816,18.3999996185303,7905,319.799987792969,104.400001525879,841,725,2
13.7399997711182,94.9000015258789,40.2000007629395,0.787000000476837,18.3999996185303,7532,313,104.199996948242,840,726,2
13.7399997711182,94.9000015258789,40.2000007629395,0.777999997138977,19,7215,304.200012207031,104.099998474121,840,727,2
13.7299995422363,94.9000015258789,40.2000007629395,0.808000028133392,19.3999996185303,6979,315.899993896484,104.099998474121,839,726,2
13.7700004577637,94.9000015258789,40.2000007629395,0.827000021934509,20.3999996185303,6828,312,104.099998474121,839,725,2
13.7700004577637,94.9000015258789,40.2000007629395,0.870000004768372,20.6000003814697,6744,308.100006103516,104.099998474121,839,725,2
13.8000001907349,94.9000015258789,40.2000007629395,0.879000008106232,21.2000007629395,6654,299.299987792969,103.800003051758,839,723,2
13.789999961853,94.9000015258789,40.0999984741211,0.888999998569489,27,6552,304.200012207031,104.5,839,723,2
13.8100004196167,94.9000015258789,40.0999984741211,0.978999972343445,32,6724,303.200012207031,104.400001525879,839,723,2
13.7200002670288,94.9000015258789,40.0999984741211,0.973999977111816,35.2000007629395,6448,307.100006103516,104.199996948242,838,720,2
13.9099998474121,94.9000015258789,40.0999984741211,0.980000019073486,37.5,6565,318.799987792969,104.099998474121,839,719,2
13.7299995422363,94.9000015258789,40,0.96399998664856,37.7999992370605,6421,289.5,104.099998474121,840,717,2
13.6000003814697,94.9000015258789,40,0.954999983310699,41.2000007629395,6459,302.200012207031,104.099998474121,841,717,2
13.8900003433228,94.9000015258789,40,0.980000019073486,43.4000015258789,6480,298.299987792969,104.5,841,717,2
13.7700004577637,94.9000015258789,40,0.953000009059906,48.5,6628,298.299987792969,104.199996948242,843,715,2
13.7299995422363,94.9000015258789,40,0.981000006198883,58.9000015258789,6612,302.200012207031,104.099998474121,843,715,2
13.789999961853,94.9000015258789,40,0.944999992847443,62.0999984741211,6789,312,104.099998474121,844,715,2
13.789999961853,94.9000015258789,40,0.938000023365021,67.4000015258789,6719,313.899993896484,104.099998474121,845,715,2
13.7700004577637,94.9000015258789,40,0.968999981880188,72.3000030517578,6709,292.399993896484,104.099998474121,846,715,2
13.8599996566772,94.9000015258789,40,0.980000019073486,72.9000015258789,6989,316.899993896484,104.099998474121,847,715,2
13.6099996566772,95,40,0.971000015735626,70.3000030517578,7127,299.299987792969,104.5,847,715,2
13.6999998092651,95,40,0.920000016689301,69.3000030517578,7106,308.100006103516,104.199996948242,848,717,2
13.6199998855591,95,40,0.96399998664856,68,7264,305.100006103516,104.099998474121,848,716,2
13.5,95,40,0.947000026702881,67.1999969482422,7512,315.899993896484,104.099998474121,850,717,2
13.7799997329712,95,40.0999984741211,0.948000013828278,67.3000030517578,7502,324.700012207031,104.099998474121,850,718,2
13.0500001907349,95,40.0999984741211,0.992999970912933,70.1999969482422,7549,302.200012207031,104.099998474121,851,719,2
13.1599998474121,95,40.0999984741211,0.957000017166138,69.5999984741211,7432,314.899993896484,104.099998474121,851,719,2
13.1300001144409,95,40.0999984741211,0.950999975204468,67.1999969482422,7609,327.600006103516,103.800003051758,851,720,2
13.4700002670288,95,40.0999984741211,0.913999974727631,63.0999984741211,7860,313.899993896484,104.5,851,721,2
13.3800001144409,95,40.0999984741211,0.935000002384186,59.4000015258789,7800,315.899993896484,104.400001525879,853,723,2
13.4899997711182,95,40.0999984741211,0.935000002384186,59.2000007629395,7918,313.899993896484,104.099998474121,853,724,2
13.3400001525879,95,40.0999984741211,0.939000010490417,60.5,7855,339.299987792969,104.099998474121,853,725,2
13.6000003814697,95,40.0999984741211,0.925000011920929,58.9000015258789,7953,323.700012207031,104.099998474121,854,725,2
13.4499998092651,95,40.0999984741211,0.921999990940094,39.2000007629395,7555,332.5,104.099998474121,854,727,2
13.1400003433228,95,40.0999984741211,0.797999978065491,26.2000007629395,7359,304.200012207031,103.800003051758,855,728,2
13.3100004196167,95.0999984741211,40.0999984741211,0.842000007629395,21.5,6988,301.200012207031,103.800003051758,856,729,2
13.5100002288818,95.0999984741211,40.0999984741211,0.861999988555908,20.2999992370605,6752,309,104.5,856,730,2
13.5799999237061,95.0999984741211,40.0999984741211,0.862999975681305,19.7000007629395,6655,309,104.199996948242,857,731,2
13.539999961853,95.0999984741211,40.0999984741211,0.879000008106232,19.2999992370605,6568,302.200012207031,104.099998474121,858,731,2
13.3699998855591,95.0999984741211,40.0999984741211,0.866999983787537,19.6000003814697,6318,295.399993896484,104.099998474121,858,731,2
13.3999996185303,95.0999984741211,40.0999984741211,0.876999974250793,20.7999992370605,6089,302.200012207031,103.800003051758,858,730,2
13.1099996566772,95.0999984741211,40,0.882000029087067,22,5873,289.5,103.800003051758,860,730,2
13.4700002670288,95.0999984741211,40,0.887000024318695,23.5,5579,286.600006103516,104.099998474121,860,729,2
13.6000003814697,95.0999984741211,40,0.88400000333786,25.7000007629395,5383,275.799987792969,104.400001525879,860,727,2
13.5500001907349,95.0999984741211,40,0.871999979019165,27,5161,287.600006103516,104.5,860,726,2
13.4700002670288,95.0999984741211,40,0.833000004291534,29.1000003814697,4969,269,104.199996948242,861,726,2
13.4899997711182,95.0999984741211,40,0.809000015258789,30.2999992370605,4774,264.100006103516,104.099998474121,861,723,2
13.4799995422363,95.0999984741211,40,0.796000003814697,31.1000003814697,4604,251.399993896484,103.800003051758,862,721,2
13.4799995422363,95.0999984741211,40,0.794000029563904,31.6000003814697,4505,260.200012207031,104.099998474121,862,720,2
13.5299997329712,95.0999984741211,40,0.808000028133392,32,4511,245.600006103516,103.800003051758,862,718,2
13.5600004196167,95.0999984741211,40,0.819000005722046,34,4439,250.5,103.800003051758,863,716,2
13.4399995803833,95.0999984741211,40,0.827000021934509,34.9000015258789,4341,252.399993896484,104.5,863,714,2
13.4700002670288,95.0999984741211,40,0.879000008106232,35.2000007629395,4476,246.5,104.199996948242,863,714,2
13.5,95.0999984741211,40,0.869000017642975,39.2999992370605,4203,245.600006103516,104.199996948242,863,712,2
13.6999998092651,95.0999984741211,40,0.899999976158142,48.2999992370605,4466,251.399993896484,104.099998474121,863,710,2
13.5900001525879,95.0999984741211,40,0.889999985694885,53.5999984741211,4483,253.399993896484,103.800003051758,863,708,2
13.5799999237061,95.0999984741211,40,0.964999973773956,55.2000007629395,4398,247.5,103.800003051758,863,707,2
13.4700002670288,95.0999984741211,40,0.933000028133392,53.2000007629395,4261,233.800003051758,103.800003051758,864,706,2
13.7200002670288,95.0999984741211,40,0.920000016689301,49.2000007629395,4297,242.600006103516,103.800003051758,864,706,2
13.6499996185303,95.0999984741211,40,0.899999976158142,46.2999992370605,4229,238.699996948242,104.5,864,705,2
13.6000003814697,95.1999969482422,40,0.888999998569489,41.7999992370605,4116,243.600006103516,104.199996948242,863,704,2
13.7299995422363,95.1999969482422,40,0.887000024318695,38.2999992370605,4234,243.600006103516,104.099998474121,863,702,2
13.6099996566772,95.1999969482422,40,0.883000016212463,37,4087,244.600006103516,103.800003051758,864,702,2
13.6400003433228,95.1999969482422,40,0.862999975681305,35.0999984741211,4160,250.5,103.800003051758,864,701,2
13.6300001144409,95.1999969482422,40,0.848999977111816,33.9000015258789,4130,247.5,103.800003051758,863,701,2
13.5500001907349,95.1999969482422,40,0.848999977111816,33,4222,250.5,103.800003051758,863,700,2
13.4300003051758,95.1999969482422,40,0.83899998664856,33.4000015258789,4022,242.600006103516,104.199996948242,863,699,2
13.2200002670288,95.1999969482422,40,0.839999973773956,45.5999984741211,4271,248.5,104.400001525879,863,698,2
13.6000003814697,95.1999969482422,40,0.836000025272369,65.3000030517578,4239,248.5,104.099998474121,863,697,2
13.5600004196167,95.1999969482422,40,0.913999974727631,90.6999969482422,4175,243.600006103516,103.800003051758,863,696,2
13.3900003433228,95.1999969482422,40,0.898000001907349,90,4416,246.5,103.800003051758,863,695,2
13.6899995803833,95.1999969482422,40,0.920000016689301,91.9000015258789,4623,270,103.800003051758,862,695,2
13.5200004577637,95.1999969482422,40,0.882000029087067,94.5999984741211,4392,248.5,103.800003051758,862,694,2
13.5299997329712,95.1999969482422,40,0.861999988555908,95.9000015258789,4500,272.899993896484,103.800003051758,860,693,2
13.6400003433228,95.1999969482422,40,0.870999991893768,96.5999984741211,4601,270,104.400001525879,860,692,2
13.6700000762939,95.1999969482422,40,0.853999972343445,97.4000015258789,4699,272.899993896484,104.199996948242,860,692,2
13.5500001907349,95.1999969482422,40,0.869000017642975,98.5999984741211,5073,275.799987792969,103.800003051758,858,692,2
13.5299997329712,95.1999969482422,40,0.888000011444092,97.6999969482422,5002,267.100006103516,103.800003051758,857,692,2
13.2700004577637,95.1999969482422,40,0.958999991416931,97.4000015258789,5233,272.899993896484,103.800003051758,857,692,2
13.5900001525879,95.1999969482422,40.0999984741211,0.961000025272369,95.8000030517578,4948,293.399993896484,103.800003051758,856,692,2
13.6000003814697,95.1999969482422,40.0999984741211,0.948000013828278,94.6999969482422,5149,271.899993896484,103.800003051758,855,693,2
13.2700004577637,95.1999969482422,40.0999984741211,0.940999984741211,96.5,5511,272.899993896484,104.400001525879,853,693,2
13.5,95.1999969482422,40.0999984741211,0.926999986171722,93.6999969482422,5457,282.700012207031,104.199996948242,852,693,2
13.6499996185303,95.1999969482422,40.0999984741211,0.907000005245209,94.6999969482422,5492,290.5,104.099998474121,851,695,2
13.1300001144409,95.1999969482422,40.0999984741211,0.925999999046326,85.8000030517578,5808,282.700012207031,103.800003051758,851,695,2
13.5799999237061,95.1999969482422,40.0999984741211,0.865000009536743,71.3000030517578,5546,293.399993896484,103.800003051758,851,696,2
13.6099996566772,95.1999969482422,40.2000007629395,0.879999995231628,49.0999984741211,5489,281.700012207031,103.800003051758,851,698,2
13.6099996566772,95.1999969482422,40.2000007629395,0.842999994754791,37,5557,275.799987792969,103.800003051758,850,698,2
13.6099996566772,95.1999969482422,40.2000007629395,0.869000017642975,32.0999984741211,5415,287.600006103516,103.800003051758,849,699,2
13.3999996185303,95.1999969482422,40.2000007629395,0.873000025749207,31.5,5390,279.700012207031,104.5,848,699,2
13.4499998092651,95.1999969482422,40.2000007629395,0.830999970436096,30.7999992370605,5339,280.700012207031,104.199996948242,847,699,2
13.6199998855591,95.1999969482422,40.2000007629395,0.820999979972839,29.6000003814697,5254,275.799987792969,104.099998474121,848,700,2
13.6800003051758,95.1999969482422,40.2000007629395,0.808000028133392,29.6000003814697,5163,275.799987792969,103.800003051758,847,699,2
13.5299997329712,95.1999969482422,40.2000007629395,0.810000002384186,29.6000003814697,5016,268,103.800003051758,846,699,2
13.5600004196167,95.1999969482422,40.2000007629395,0.787000000476837,30,4949,275.799987792969,104.099998474121,846,698,2
13.5600004196167,95.1999969482422,40.2000007629395,0.783999979496002,30.5,4946,272.899993896484,103.800003051758,846,697,2
13.4499998092651,95.1999969482422,40.2000007629395,0.879999995231628,31,4663,265.100006103516,104.5,846,697,2
13.5,95.1999969482422,40.0999984741211,1.09399998188019,30.7000007629395,4543,259.200012207031,104.199996948242,846,696,2
13.460000038147,95.1999969482422,40.0999984741211,1.30299997329712,32.2000007629395,4623,260.200012207031,104.099998474121,846,695,2
13.5299997329712,95.1999969482422,40.0999984741211,0.915000021457672,38.4000015258789,4659,262.200012207031,103.800003051758,846,694,2
13.1800003051758,95.1999969482422,40.0999984741211,0.894999980926514,48.2999992370605,4832,266.100006103516,103.800003051758,845,692,2
13.539999961853,95.1999969482422,40.0999984741211,1.02100002765656,55.5999984741211,4643,263.100006103516,104.099998474121,845,691,2
13.5600004196167,95.1999969482422,40.0999984741211,0.995000004768372,71.6999969482422,4595,271.899993896484,104.099998474121,844,690,2
13.4899997711182,95.1999969482422,40.0999984741211,0.925999999046326,79.0999984741211,4354,247.5,103.800003051758,844,690,2
13.4799995422363,95.1999969482422,40.0999984741211,0.992999970912933,81.5999984741211,4750,270,104.5,845,690,2
13.6499996185303,95.1999969482422,40.0999984741211,1.00399994850159,83.1999969482422,4952,277.799987792969,104.199996948242,844,689,2
13.6599998474121,95.1999969482422,40.0999984741211,0.97299998998642,83.6999969482422,5007,275.799987792969,104.099998474121,845,689,2
13.6099996566772,95.1999969482422,40.0999984741211,0.976000010967255,81.4000015258789,5120,262.200012207031,103.800003051758,843,690,2
13.5900001525879,95.1999969482422,40.0999984741211,0.925000011920929,82.6999969482422,5108,275.799987792969,104.099998474121,844,689,2
13.6899995803833,95.1999969482422,40.0999984741211,0.976999998092651,77.5,5347,281.700012207031,104.099998474121,844,689,2
13.710000038147,95.1999969482422,40.0999984741211,0.935999989509583,69.9000015258789,5046,270,104.099998474121,844,689,2
13.5600004196167,95.1999969482422,40.0999984741211,0.884999990463257,57.2999992370605,5167,282.700012207031,104.199996948242,844,690,2
13.5900001525879,95.1999969482422,40.0999984741211,0.861000001430511,53.7999992370605,5305,290.5,104.400001525879,844,690,2
13.6199998855591,95.1999969482422,40.0999984741211,0.921000003814697,51.0999984741211,5308,286.600006103516,104.099998474121,844,690,2
13.5799999237061,95.0999984741211,40.0999984741211,0.897000014781952,51.4000015258789,5320,285.600006103516,103.800003051758,843,691,2
13.5799999237061,95.1999969482422,40.0999984741211,0.931999981403351,53.2999992370605,5438,287.600006103516,104.099998474121,843,692,2
13.5299997329712,95.1999969482422,40.0999984741211,0.933000028133392,57.9000015258789,5261,292.399993896484,104.099998474121,843,692,2
13.6300001144409,95.0999984741211,40.0999984741211,0.964999973773956,61.5,5372,272.899993896484,104.099998474121,843,692,2
13.6400003433228,95.0999984741211,40.0999984741211,0.930000007152557,67.4000015258789,5178,288.5,104.099998474121,843,692,2
13.6800003051758,95.0999984741211,40.0999984741211,0.939000010490417,71.3000030517578,5357,285.600006103516,104.400001525879,843,692,2
13.5900001525879,95.0999984741211,40.0999984741211,0.926999986171722,65.6999969482422,5423,292.399993896484,104.199996948242,843,692,2
13.6300001144409,95.0999984741211,40.0999984741211,0.936999976634979,64.0999984741211,5581,279.700012207031,104.099998474121,844,693,2
13.5900001525879,95.0999984741211,40.0999984741211,0.919000029563904,64.9000015258789,5778,284.600006103516,104.099998474121,844,693,2
13.6000003814697,95.0999984741211,40.0999984741211,0.921000003814697,72.0999984741211,6114,298.299987792969,104.099998474121,844,693,2
13.5799999237061,95.0999984741211,40.0999984741211,0.943000018596649,81.6999969482422,5945,295.399993896484,104.099998474121,844,694,2
13.5200004577637,95.0999984741211,40.0999984741211,0.879999995231628,79.0999984741211,5887,308.100006103516,103.800003051758,844,694,2
13.5600004196167,95.0999984741211,40.0999984741211,0.892000019550323,78.8000030517578,6181,304.200012207031,104.5,844,694,2
13.6499996185303,95.0999984741211,40.0999984741211,0.927999973297119,86.9000015258789,6195,293.399993896484,104.199996948242,845,695,2
13.5600004196167,95,40.0999984741211,0.879999995231628,86.0999984741211,6263,289.5,104.099998474121,845,696,2
13.4200000762939,95,40.0999984741211,0.948000013828278,86.4000015258789,6377,297.299987792969,104.099998474121,844,696,2
13.5200004577637,95,40.0999984741211,0.947000026702881,84.1999969482422,6362,295.399993896484,104.099998474121,844,696,2
13.5500001907349,95,40.0999984741211,0.931999981403351,83.5,6477,308.100006103516,104.099998474121,845,697,2
13.6300001144409,95,40.0999984741211,0.943000018596649,81.8000030517578,6813,299.299987792969,104.099998474121,844,698,2
13.5799999237061,95,40.0999984741211,0.935000002384186,80.8000030517578,7010,306.100006103516,104.599998474121,844,699,2
13.5699996948242,95,40.0999984741211,0.984000027179718,78.5999984741211,6888,308.100006103516,104.400001525879,845,701,2
13.3199996948242,95,40.0999984741211,0.992999970912933,77.9000015258789,7061,298.299987792969,104.199996948242,844,702,2
13.5500001907349,95,40.0999984741211,0.968999981880188,76.8000030517578,7156,293.399993896484,104.099998474121,844,702,2
13.5299997329712,95,40.0999984741211,0.977999985218048,78.1999969482422,7375,306.100006103516,104.099998474121,844,703,2
13.5,94.9000015258789,40.0999984741211,0.927999973297119,74.1999969482422,7201,315.899993896484,104.099998474121,844,705,2
13.539999961853,94.9000015258789,40.0999984741211,0.922999978065491,67.9000015258789,7262,313.899993896484,104.099998474121,845,707,2
13.6099996566772,94.9000015258789,40.0999984741211,0.947000026702881,55.5999984741211,7242,318.799987792969,104.099998474121,845,709,2
13.6899995803833,94.9000015258789,40.0999984741211,0.869000017642975,38.7999992370605,7214,313,104.599998474121,845,711,2
13.5900001525879,94.9000015258789,40.0999984741211,0.910000026226044,33.7999992370605,7194,301.200012207031,104.199996948242,846,712,2
13.6199998855591,94.9000015258789,40.0999984741211,0.907000005245209,33.7000007629395,7123,302.200012207031,104.099998474121,846,712,2
13.6499996185303,94.9000015258789,40.0999984741211,0.931999981403351,30.6000003814697,7098,305.100006103516,104.199996948242,846,713,2
13.6499996185303,94.8000030517578,40.0999984741211,0.873000025749207,26.2999992370605,6970,311,104.099998474121,846,715,2
13.6499996185303,94.8000030517578,40.0999984741211,0.904999971389771,29.7999992370605,6917,299.299987792969,104.099998474121,847,715,2
13.2700004577637,94.8000030517578,40,0.991999983787537,32,6894,305.100006103516,104.099998474121,847,715,2
13.6700000762939,94.8000030517578,40,0.954999983310699,43.5,6762,306.100006103516,104.5,849,717,2
13.460000038147,94.8000030517578,40,1.00399994850159,49.0999984741211,6825,295.399993896484,104.5,849,717,2
13.6499996185303,94.8000030517578,40,0.976999998092651,58.2999992370605,7181,289.5,104.199996948242,849,716,2
13.6000003814697,94.8000030517578,40,0.957000017166138,61.0999984741211,7102,315.899993896484,104.099998474121,851,717,2
13.2799997329712,94.8000030517578,40,0.954999983310699,59.7000007629395,7033,308.100006103516,104.099998474121,851,717,2
13.5600004196167,94.8000030517578,40,0.944999992847443,61,6858,311,104.099998474121,853,718,2
13.4099998474121,94.8000030517578,40,0.971000015735626,60.7000007629395,6944,298.299987792969,104.099998474121,854,719,2
13.6199998855591,94.6999969482422,40,0.950999975204468,52.7999992370605,6780,313,104.400001525879,855,719,2
13.5299997329712,94.6999969482422,40,0.856000006198883,32.7999992370605,6581,309,104.5,855,719,2
13.460000038147,94.6999969482422,40,0.873000025749207,24.7000007629395,6539,295.399993896484,104.199996948242,855,719,2
13.4799995422363,94.6999969482422,40,0.888000011444092,22.2000007629395,6439,283.700012207031,104.199996948242,856,721,2
13.5900001525879,94.6999969482422,40,0.879999995231628,22,6332,304.200012207031,104.099998474121,858,721,2
13.5900001525879,94.6999969482422,40,0.883000016212463,21.7000007629395,6331,306.100006103516,104.199996948242,858,721,2
13.5799999237061,94.6999969482422,40,0.876999974250793,22.1000003814697,6207,316.899993896484,104.099998474121,858,720,2
13.6999998092651,94.6999969482422,39.9000015258789,0.885999977588654,32.0999984741211,6233,302.200012207031,104.199996948242,859,719,2
13.5500001907349,94.6999969482422,39.9000015258789,0.870999991893768,42.2000007629395,6511,306.100006103516,104.599998474121,859,719,2
13.289999961853,94.6999969482422,39.9000015258789,0.939000010490417,48.2999992370605,6218,303.200012207031,104.400001525879,859,718,2
13.6700000762939,94.6999969482422,39.9000015258789,0.96399998664856,53.0999984741211,6383,305.100006103516,104.199996948242,859,717,2
13.6599998474121,94.6999969482422,39.9000015258789,0.994000017642975,59.9000015258789,6430,290.5,104.199996948242,859,716,2
13.75,94.5999984741211,39.9000015258789,0.925999999046326,57.2000007629395,6355,302.200012207031,104.099998474121,860,716,2
13.6099996566772,94.6999969482422,39.9000015258789,0.944999992847443,44.2000007629395,6473,294.399993896484,104.199996948242,860,715,2
13.6000003814697,94.5999984741211,39.9000015258789,0.88400000333786,30.3999996185303,6347,293.399993896484,104.199996948242,861,715,2
13.5500001907349,94.5999984741211,39.9000015258789,0.907999992370605,46.2999992370605,6202,291.5,104.5,861,715,2
13.5699996948242,94.5999984741211,39.9000015258789,0.976999998092651,76.6999969482422,6147,301.200012207031,104.599998474121,860,715,2
13.2399997711182,94.5999984741211,39.9000015258789,0.890999972820282,86,6322,292.399993896484,104.400001525879,860,714,2
13.4899997711182,94.5999984741211,39.9000015258789,0.894999980926514,88.0999984741211,6702,286.600006103516,104.199996948242,860,714,2
13.4300003051758,94.5999984741211,39.9000015258789,0.912000000476837,92.0999984741211,6953,298.299987792969,104.199996948242,860,714,2
13.5200004577637,94.5999984741211,39.9000015258789,0.889999985694885,91.8000030517578,7067,297.299987792969,104.199996948242,860,714,2
13.2600002288818,94.5999984741211,39.9000015258789,0.910000026226044,90.3000030517578,7418,310,104.099998474121,861,714,2
13.5,94.5999984741211,39.9000015258789,0.873000025749207,90.5,7492,315.899993896484,104.599998474121,861,714,2
13.5299997329712,94.5999984741211,39.9000015258789,0.904999971389771,89.0999984741211,7620,304.200012207031,104.400001525879,861,714,2
13.5500001907349,94.5999984741211,39.9000015258789,0.894999980926514,88.1999969482422,7615,323.700012207031,104.199996948242,860,715,2
13.5799999237061,94.5999984741211,39.9000015258789,0.907999992370605,88.0999984741211,7985,322.700012207031,104.199996948242,860,715,2
13.539999961853,94.5,39.9000015258789,0.896000027656555,87.8000030517578,7934,335.399993896484,104.199996948242,859,716,2
13.4700002670288,94.5,39.9000015258789,0.89300000667572,87,8297,311,104.199996948242,859,717,2
13.4200000762939,94.5,39.9000015258789,0.887000024318695,85.1999969482422,8389,309,104.199996948242,859,719,2
13.3800001144409,94.5,39.9000015258789,0.830999970436096,41.2999992370605,7814,315.899993896484,104.599998474121,858,720,2
13.5200004577637,94.5,39.9000015258789,0.742999970912933,25.1000003814697,7430,298.299987792969,104.400001525879,858,720,2
13.5200004577637,94.5,39.9000015258789,0.848999977111816,21.6000003814697,6757,298.299987792969,104.199996948242,858,722,2
13.4499998092651,94.5,39.9000015258789,1.01600003242493,20.1000003814697,6124,297.299987792969,104.199996948242,858,723,2
13.4200000762939,94.5,39.9000015258789,1.31700003147125,21.6000003814697,5778,298.299987792969,104.199996948242,858,723,2
13.0600004196167,94.5,39.9000015258789,1.54499995708466,24,5231,287.600006103516,104.199996948242,858,724,2
13.5500001907349,94.5,39.9000015258789,1.6360000371933,27.7000007629395,5321,288.5,104.199996948242,856,723,2
13.4700002670288,94.5,39.9000015258789,0.926999986171722,29.2999992370605,5509,283.700012207031,104.599998474121,855,723,2
13.3599996566772,94.5,39.9000015258789,0.873000025749207,30.1000003814697,5659,293.399993896484,104.400001525879,855,722,2
13.6899995803833,94.5,39.9000015258789,0.887000024318695,42.4000015258789,5803,276.799987792969,104.400001525879,854,721,2
13.539999961853,94.5,39.9000015258789,0.894999980926514,47.5,5754,294.399993896484,104.199996948242,853,720,2
13.5799999237061,94.4000015258789,39.9000015258789,0.957000017166138,54,5670,277.799987792969,104.199996948242,852,719,2
13.6099996566772,94.4000015258789,39.7999992370605,0.995999991893768,57.4000015258789,5639,291.5,104.199996948242,851,718,2
13.5799999237061,94.4000015258789,39.7999992370605,0.944000005722046,62.5,5794,275.799987792969,104.199996948242,851,718,2
13.5500001907349,94.4000015258789,39.7999992370605,0.944999992847443,62,5989,295.399993896484,104.599998474121,851,717,2
13.6999998092651,94.4000015258789,39.7999992370605,0.908999979496002,74.5999984741211,5955,302.200012207031,104.599998474121,850,716,2
13.6999998092651,94.4000015258789,39.7999992370605,0.888000011444092,81.8000030517578,6160,287.600006103516,104.5,850,715,2
13.6499996185303,94.4000015258789,39.7999992370605,0.912000000476837,88.4000015258789,6204,281.700012207031,104.400001525879,851,716,2
13.4499998092651,94.4000015258789,39.7999992370605,0.892000019550323,92.3000030517578,6682,296.299987792969,104.199996948242,851,715,2
13.5500001907349,94.4000015258789,39.7999992370605,0.865000009536743,92.8000030517578,6543,288.5,104.199996948242,851,715,2
13.6499996185303,94.4000015258789,39.7999992370605,0.896000027656555,91.6999969482422,6877,302.200012207031,104.199996948242,851,715,2
13.5699996948242,94.4000015258789,39.7999992370605,0.898999989032745,92.3000030517578,6677,309,104.199996948242,851,715,2
13.3500003814697,94.3000030517578,39.7999992370605,0.90200001001358,91.0999984741211,6942,298.299987792969,104.599998474121,850,715,2
13.539999961853,94.3000030517578,39.7999992370605,0.925000011920929,90.0999984741211,7131,322.700012207031,104.400001525879,850,716,2
13.6099996566772,94.3000030517578,39.9000015258789,0.912000000476837,89.1999969482422,7328,312,104.199996948242,849,717,2
13.5,94.3000030517578,39.9000015258789,0.977999985218048,90.1999969482422,7447,326.600006103516,104.199996948242,850,718,2
13.5600004196167,94.3000030517578,39.9000015258789,0.931999981403351,88.5,7621,307.100006103516,104.199996948242,849,718,2
13.6000003814697,94.3000030517578,39.9000015258789,0.898999989032745,89.5999984741211,7665,312,104.199996948242,849,718,2
13.5,94.3000030517578,39.9000015258789,0.885999977588654,88,8013,321.700012207031,104.199996948242,849,720,2
13.6300001144409,94.3000030517578,39.9000015258789,0.896000027656555,87.8000030517578,8007,336.399993896484,104.5,849,721,2
13.6199998855591,94.3000030517578,39.9000015258789,0.885999977588654,87.3000030517578,8195,317.799987792969,104.5,849,721,2
13.460000038147,94.1999969482422,39.9000015258789,0.888000011444092,84.9000015258789,8319,317.799987792969,104.400001525879,848,723,2
13.5299997329712,94.3000030517578,39.9000015258789,0.896000027656555,85.6999969482422,8515,317.799987792969,104.400001525879,848,725,2
13.210000038147,94.1999969482422,39.9000015258789,0.882000029087067,84.5,8745,322.700012207031,104.199996948242,849,726,2
13.539999961853,94.1999969482422,39.9000015258789,0.865000009536743,84.9000015258789,9026,325.600006103516,104.199996948242,849,726,2
13.3699998855591,94.1999969482422,39.9000015258789,0.851000010967255,84.9000015258789,9018,337.399993896484,104.199996948242,848,727,2
13.3400001525879,94.1999969482422,39.9000015258789,0.836000025272369,43.7000007629395,8328,314.899993896484,104.199996948242,849,729,2
13.4899997711182,94.1999969482422,39.9000015258789,0.732999980449677,24.5,7838,312,104.900001525879,848,730,2
13.4399995803833,94.1999969482422,39.9000015258789,0.767000019550323,19.2999992370605,7305,311,104.5,849,731,2
13.3900003433228,94.1999969482422,39.9000015258789,0.783999979496002,18.7000007629395,6755,304.200012207031,104.400001525879,848,732,2
13.6099996566772,94.1999969482422,39.9000015258789,0.813000023365021,20.5,6376,295.399993896484,104.199996948242,848,732,2
13.5799999237061,94.1999969482422,39.9000015258789,0.879000008106232,22.7000007629395,5928,296.299987792969,104.199996948242,848,732,2
13.4499998092651,94.1999969482422,39.9000015258789,0.915000021457672,24.7999992370605,5389,279.700012207031,104.199996948242,848,732,1
13.6000003814697,94.1999969482422,39.9000015258789,1.02600002288818,26.7999992370605,5333,292.399993896484,104.400001525879,847,730,1
13.5600004196167,94.1999969482422,39.9000015258789,1.33800005912781,27.2999992370605,5266,277.799987792969,104.5,848,729,1
13.6700000762939,94.1999969482422,39.9000015258789,1.58000004291534,28.8999996185303,5131,285.600006103516,104.900001525879,846,728,1
13.7200002670288,94.1999969482422,39.7999992370605,1.92200005054474,30.5,5037,270,104.5,845,726,1
13.6700000762939,94.1999969482422,39.7999992370605,1.16199994087219,32.2999992370605,4770,268,104.5,845,726,1
13.2700004577637,94.1999969482422,39.7999992370605,0.999000012874603,33.5,4609,259.200012207031,104.199996948242,844,723,1
13.4799995422363,94.1999969482422,39.7999992370605,1.00199997425079,34.0999984741211,4633,267.100006103516,104.199996948242,842,722,1
13.5799999237061,94.1999969482422,39.7999992370605,0.922999978065491,34.5,4671,272.899993896484,104.400001525879,840,719,1
13.460000038147,94.0999984741211,39.7999992370605,0.882000029087067,34.5999984741211,4524,261.200012207031,104.199996948242,839,717,1
13.5100002288818,94.0999984741211,39.7999992370605,0.874000012874603,34.5,4403,242.600006103516,104.900001525879,839,715,1
13.460000038147,94.0999984741211,39.7999992370605,0.882000029087067,35.4000015258789,4249,251.399993896484,104.5,839,715,1
13.5600004196167,94.0999984741211,39.7999992370605,0.88400000333786,34.9000015258789,4233,244.600006103516,104.400001525879,839,714,1
13.5,94.0999984741211,39.7999992370605,0.879000008106232,35.2999992370605,4137,238.699996948242,104.199996948242,840,712,1
13.539999961853,94.0999984741211,39.7999992370605,0.875,35.2999992370605,4011,229,104.199996948242,839,711,1
13.5,94.0999984741211,39.7000007629395,0.879000008106232,35.2000007629395,3914,238.699996948242,104.199996948242,839,709,1
13.3699998855591,94.0999984741211,39.7000007629395,0.875999987125397,36.4000015258789,3617,228,104.199996948242,840,708,1
13.460000038147,94.0999984741211,39.7000007629395,0.873000025749207,38.7000007629395,3540,220.199996948242,104.599998474121,840,708,1
13.5799999237061,94.0999984741211,39.7000007629395,0.887000024318695,39.0999984741211,3676,222.100006103516,104.900001525879,840,706,1
13.6499996185303,94.0999984741211,39.7000007629395,0.908999979496002,39.2999992370605,3575,218.199996948242,104.5,840,704,1
13.5,94.0999984741211,39.7000007629395,0.893999993801117,39.7999992370605,3494,215.300003051758,104.400001525879,841,702,1
13.6000003814697,94.0999984741211,39.7000007629395,0.894999980926514,40,3510,219.199996948242,104.199996948242,841,701,1
13.6400003433228,94.0999984741211,39.7000007629395,0.896000027656555,39.2999992370605,3503,224.100006103516,104.199996948242,840,700,1
13.5,94.0999984741211,39.7000007629395,0.90200001001358,39.5999984741211,3498,220.199996948242,104.199996948242,841,700,1
13.539999961853,94.0999984741211,39.7000007629395,0.896000027656555,41.7000007629395,3417,218.199996948242,104.199996948242,841,698,1
13.5299997329712,94.0999984741211,39.7000007629395,0.90200001001358,48.9000015258789,3495,214.300003051758,104.599998474121,841,697,1
13.5799999237061,94.0999984741211,39.7000007629395,0.921999990940094,56.7000007629395,3433,210.399993896484,104.5,841,696,1
13.6400003433228,94.0999984741211,39.7000007629395,0.843999981880188,62,3809,227,104.400001525879,841,694,1
13.5,94.0999984741211,39.7000007629395,0.921999990940094,62.9000015258789,3777,233.800003051758,104.400001525879,841,693,1
13.3999996185303,94.0999984741211,39.7000007629395,0.921999990940094,63.7000007629395,4046,236.800003051758,104.199996948242,840,692,1
13.6000003814697,94,39.7000007629395,0.958000004291534,69.5,3962,228,104.199996948242,840,692,1
13.6599998474121,94,39.7000007629395,0.986999988555908,80.5,4457,243.600006103516,104.199996948242,839,691,1
13.5799999237061,94.0999984741211,39.7000007629395,0.890999972820282,87.5,4602,267.100006103516,104.599998474121,839,690,1
13.4200000762939,94.0999984741211,39.7000007629395,0.892000019550323,93.5,5757,290.5,104.599998474121,839,689,1
13.1300001144409,94.0999984741211,39.7000007629395,0.865000009536743,93,6166,286.600006103516,104.400001525879,839,690,1
13.4499998092651,94,39.7000007629395,0.804000020027161,93.8000030517578,5423,295.399993896484,104.400001525879,839,690,1
13.5799999237061,94,39.7000007629395,0.860000014305115,93.5,5767,292.399993896484,104.199996948242,839,690,1
13.3599996566772,94,39.7000007629395,0.887000024318695,93.3000030517578,5874,294.399993896484,104.400001525879,839,690,1
13.5699996948242,94,39.7000007629395,0.892000019550323,94,5927,275.799987792969,104.199996948242,839,690,1
13.6300001144409,94,39.7000007629395,0.964999973773956,94.4000015258789,5977,287.600006103516,104.900001525879,838,690,1
13.5799999237061,94,39.7000007629395,0.908999979496002,93.4000015258789,6353,283.700012207031,104.599998474121,838,690,1
13.5600004196167,94,39.7000007629395,0.916999995708466,93.4000015258789,6443,319.799987792969,104.400001525879,837,691,1
13.4300003051758,94,39.7999992370605,0.897000014781952,86.9000015258789,6909,305.100006103516,104.400001525879,837,692,1
13.3100004196167,94,39.7999992370605,0.883000016212463,67.5,7062,307.100006103516,104.400001525879,836,693,1
13.2799997329712,94,39.7999992370605,0.842999994754791,47.5,7109,306.100006103516,104.400001525879,836,693,1
13.3699998855591,94,39.7999992370605,0.824999988079071,29.7000007629395,6892,305.100006103516,104.400001525879,836,694,1
13.5,94,39.7999992370605,0.84799998998642,23.1000003814697,6517,310,104.900001525879,835,695,1
13.2299995422363,94,39.7999992370605,0.864000022411346,21.6000003814697,5969,292.399993896484,104.5,835,696,1
13.5,93.9000015258789,39.7999992370605,0.845000028610229,22.8999996185303,5602,295.399993896484,104.400001525879,835,698,1
13.5100002288818,93.9000015258789,39.7999992370605,0.861000001430511,25.7999992370605,5337,285.600006103516,104.400001525879,835,698,1
13.539999961853,93.9000015258789,39.7999992370605,0.859000027179718,27.8999996185303,5076,274.899993896484,104.400001525879,835,698,1
13.5500001907349,93.9000015258789,39.7999992370605,0.833000004291534,30.2999992370605,4892,272.899993896484,104.400001525879,835,698,1
13.5699996948242,93.9000015258789,39.7999992370605,0.814000010490417,32.5,4671,270,104.199996948242,835,698,1
13.5799999237061,93.9000015258789,39.7999992370605,0.810999989509583,35.0999984741211,4679,269,104.5,835,697,1
13.6599998474121,93.8000030517578,39.7999992370605,0.864000022411346,41.9000015258789,4710,259.200012207031,104.900001525879,836,696,1
13.6499996185303,93.8000030517578,39.7999992370605,0.934000015258789,54.5999984741211,4983,275.799987792969,104.5,837,695,1
13.6400003433228,93.8000030517578,39.7999992370605,0.96399998664856,72.6999969482422,5526,283.700012207031,104.5,837,694,1
13.5900001525879,93.8000030517578,39.7999992370605,0.889999985694885,73.4000015258789,5174,270,104.400001525879,837,694,1
13.6800003051758,93.8000030517578,39.7999992370605,0.907000005245209,74.6999969482422,5258,279.700012207031,104.400001525879,838,693,1
13.5100002288818,93.8000030517578,39.7999992370605,0.962000012397766,75.4000015258789,5708,276.799987792969,104.400001525879,838,693,1
13.6499996185303,93.6999969482422,39.7999992370605,0.96399998664856,82.8000030517578,5841,294.399993896484,104.400001525879,838,692,1
13.5699996948242,93.6999969482422,39.7999992370605,0.869000017642975,77.5999984741211,5677,292.399993896484,104.900001525879,839,692,1
13.4700002670288,93.6999969482422,39.7999992370605,0.922999978065491,81.3000030517578,6681,300.299987792969,104.900001525879,839,692,1
13.6199998855591,93.6999969482422,39.7999992370605,0.889999985694885,79,6266,283.700012207031,104.5,839,692,1
13.539999961853,93.5999984741211,39.7999992370605,0.961000025272369,79.3000030517578,6303,281.700012207031,104.400001525879,839,692,1
13.5799999237061,93.6999969482422,39.7999992370605,0.967000007629395,82.4000015258789,6357,297.299987792969,104.400001525879,839,692,1
13.6700000762939,93.5999984741211,39.7999992370605,0.948000013828278,80.8000030517578,6555,306.100006103516,104.400001525879,839,692,1
13.4799995422363,93.5999984741211,39.7999992370605,0.898000001907349,66.1999969482422,6638,316.899993896484,104.400001525879,840,694,1
13.4200000762939,93.5999984741211,39.7999992370605,0.861000001430511,35.4000015258789,6430,315.899993896484,105,839,695,1
13.539999961853,93.5999984741211,39.7999992370605,0.870999991893768,25,6242,305.100006103516,104.599998474121,840,696,1
13.539999961853,93.5999984741211,39.7999992370605,0.86599999666214,23.6000003814697,5811,307.100006103516,104.5,840,696,1
13.3199996948242,93.5999984741211,39.7999992370605,0.869000017642975,24.3999996185303,5494,295.399993896484,104.400001525879,840,697,1
13.3699998855591,93.5999984741211,39.7999992370605,0.862999975681305,25.8999996185303,5273,278.799987792969,104.400001525879,839,698,1
13.5100002288818,93.5999984741211,39.7999992370605,0.832000017166138,27.8999996185303,5028,274.899993896484,104.400001525879,840,698,1
13.5,93.5999984741211,39.7999992370605,0.810000002384186,31.5,5021,277.799987792969,104.400001525879,840,698,1
13.6499996185303,93.5,39.7999992370605,0.819000005722046,39.4000015258789,5204,281.700012207031,104.400001525879,840,698,1
13.6499996185303,93.5,39.7999992370605,0.882000029087067,42,5151,276.799987792969,105,841,696,1
13.6199998855591,93.5,39.7999992370605,0.920000016689301,44.4000015258789,4978,275.799987792969,104.599998474121,841,696,1
13.6000003814697,93.5,39.7999992370605,0.936999976634979,45.7999992370605,4893,266.100006103516,104.5,841,696,1
13.710000038147,93.5,39.7000007629395,0.943000018596649,47.4000015258789,4774,266.100006103516,104.5,842,695,1
13.6499996185303,93.5,39.7000007629395,0.953999996185303,50.2999992370605,4871,271.899993896484,104.400001525879,843,694,1
13.5799999237061,93.5,39.7000007629395,0.970000028610229,65.0999984741211,4937,273.899993896484,104.5,843,693,1
13.5,93.5,39.7000007629395,0.922999978065491,71.5999984741211,5253,288.5,104.5,844,693,1
13.5900001525879,93.5,39.7000007629395,0.98199999332428,70.1999969482422,5484,277.799987792969,104.599998474121,845,693,1
13.7200002670288,93.5,39.7000007629395,0.898000001907349,68.4000015258789,5687,301.200012207031,104.900001525879,845,693,1
13.5799999237061,93.5,39.7000007629395,0.925999999046326,64.3000030517578,5665,293.399993896484,104.599998474121,846,693,1
13.6099996566772,93.5,39.7000007629395,0.887000024318695,58.2999992370605,5720,294.399993896484,104.5,846,693,1
13.5799999237061,93.4000015258789,39.7000007629395,0.939000010490417,54.9000015258789,5823,290.5,104.5,847,693,1
13.6400003433228,93.4000015258789,39.7000007629395,0.926999986171722,50.5,5839,291.5,104.5,847,693,1
13.6300001144409,93.4000015258789,39.7000007629395,0.899999976158142,46.4000015258789,5873,286.600006103516,104.5,847,694,1
13.6099996566772,93.4000015258789,39.7000007629395,0.940999984741211,45.5999984741211,5731,306.100006103516,104.400001525879,847,694,1
13.3100004196167,93.4000015258789,39.7000007629395,0.959999978542328,50.5999984741211,5758,292.399993896484,105,848,694,1
13.3800001144409,93.4000015258789,39.7000007629395,0.996999979019165,58.9000015258789,6213,302.200012207031,104.599998474121,848,694,1
13.6099996566772,93.4000015258789,39.7000007629395,0.924000024795532,64.6999969482422,6198,304.200012207031,104.5,848,694,1
13.5600004196167,93.4000015258789,39.7000007629395,0.936999976634979,67.4000015258789,6333,292.399993896484,104.5,848,695,1
13.3999996185303,93.4000015258789,39.7000007629395,0.913999974727631,79.8000030517578,6711,310,104.5,849,695,1
13.4200000762939,93.4000015258789,39.7000007629395,0.933000028133392,83.8000030517578,6778,307.100006103516,104.5,849,695,1
13.4799995422363,93.4000015258789,39.7000007629395,0.938000023365021,86.5,7093,306.100006103516,104.5,849,697,1
13.5600004196167,93.4000015258789,39.7000007629395,0.90200001001358,88.5,7414,302.200012207031,105.199996948242,849,697,1
13.2700004577637,93.4000015258789,39.7000007629395,0.915000021457672,89.4000015258789,7841,326.600006103516,104.599998474121,850,698,1
13.5,93.4000015258789,39.7000007629395,0.897000014781952,87.3000030517578,7929,313.899993896484,104.5,849,699,1
13.539999961853,93.4000015258789,39.7000007629395,0.857999980449677,49.5,7914,324.700012207031,104.599998474121,850,701,1
13.4700002670288,93.4000015258789,39.7000007629395,0.736000001430511,25.6000003814697,7631,318.799987792969,104.5,850,703,1
13.4399995803833,93.4000015258789,39.7000007629395,0.76800000667572,19.2000007629395,7188,317.799987792969,104.5,850,703,1
13.5600004196167,93.4000015258789,39.7000007629395,0.778999984264374,18.2999992370605,6734,293.399993896484,104.599998474121,851,704,1
13.460000038147,93.3000030517578,39.7000007629395,0.842999994754791,19.6000003814697,6256,303.200012207031,105,851,705,1
13.1899995803833,93.3000030517578,39.7000007629395,1.17200005054474,21.2000007629395,6218,292.399993896484,104.900001525879,851,706,1
13.5100002288818,93.3000030517578,39.7000007629395,1.20799994468689,21.7000007629395,6063,294.399993896484,104.599998474121,851,706,1
13.1099996566772,93.3000030517578,39.5999984741211,0.925000011920929,22.7000007629395,5972,291.5,104.5,851,705,1
13.5200004577637,93.3000030517578,39.5999984741211,0.897000014781952,25.7000007629395,5826,302.200012207031,104.599998474121,850,705,1
13.6099996566772,93.3000030517578,39.5999984741211,0.943000018596649,27.7000007629395,5758,295.399993896484,104.5,850,705,1
13.5799999237061,93.3000030517578,39.5999984741211,0.908999979496002,28.7999992370605,5695,292.399993896484,104.5,850,704,1
13.5500001907349,93.3000030517578,39.5999984741211,0.903999984264374,29.7000007629395,5679,300.299987792969,105,851,704,1
13.5,93.3000030517578,39.5999984741211,0.889999985694885,28.8999996185303,5562,299.299987792969,105,851,702,1
13.5799999237061,93.3000030517578,39.5999984741211,0.857999980449677,29,5440,281.700012207031,104.599998474121,852,702,1
13.3699998855591,93.3000030517578,39.5999984741211,0.869000017642975,30.6000003814697,5324,294.399993896484,104.599998474121,853,700,1
13.4399995803833,93.3000030517578,39.5999984741211,0.850000023841858,32.7999992370605,5074,282.700012207031,104.5,853,701,1
13.5500001907349,93.3000030517578,39.5999984741211,0.842999994754791,40.9000015258789,5098,276.799987792969,104.5,853,699,1
13.6499996185303,93.3000030517578,39.5999984741211,0.938000023365021,45.5999984741211,5252,275.799987792969,104.599998474121,854,698,1
13.4200000762939,93.3000030517578,39.5999984741211,0.913999974727631,50.4000015258789,5240,285.600006103516,104.599998474121,854,698,1
13.6499996185303,93.3000030517578,39.5999984741211,0.958999991416931,51.7999992370605,5344,282.700012207031,105.199996948242,855,696,1
13.6400003433228,93.3000030517578,39.5999984741211,0.921999990940094,49.5,5314,279.700012207031,105,856,696,1
13.6899995803833,93.3000030517578,39.5999984741211,0.888000011444092,47.5999984741211,5478,279.700012207031,104.599998474121,857,695,1
13.6099996566772,93.1999969482422,39.5999984741211,0.898000001907349,39.2000007629395,5283,277.799987792969,104.5,858,695,1
13.5699996948242,93.1999969482422,39.5999984741211,0.843999981880188,34.5999984741211,5325,285.600006103516,104.5,858,694,1
13.4899997711182,93.1999969482422,39.5999984741211,0.857999980449677,32.5999984741211,5176,285.600006103516,104.599998474121,859,694,1
13.2600002288818,93.1999969482422,39.5999984741211,0.820999979972839,32.0999984741211,5121,286.600006103516,104.5,859,694,1
13.6300001144409,93.1999969482422,39.5999984741211,0.810999989509583,33.9000015258789,5125,273.899993896484,104.5,860,693,1
13.6499996185303,93.1999969482422,39.5999984741211,0.810999989509583,41.5,5248,284.600006103516,105,860,692,1
13.2299995422363,93.1999969482422,39.5999984741211,0.926999986171722,43.4000015258789,5508,296.299987792969,104.900001525879,860,692,1
13.6300001144409,93.1999969482422,39.5999984741211,0.894999980926514,47.4000015258789,5651,294.399993896484,104.599998474121,860,692,1
13.6099996566772,93.1999969482422,39.5999984741211,0.939999997615814,52.7999992370605,5334,288.5,104.5,860,691,1
13.5600004196167,93.1999969482422,39.5999984741211,0.950999975204468,62.4000015258789,5463,289.5,104.599998474121,860,690,1
13.5,93.1999969482422,39.5999984741211,0.927999973297119,70.4000015258789,5044,271.899993896484,104.599998474121,860,690,1
13.4300003051758,93.0999984741211,39.5999984741211,0.96399998664856,70,5455,280.700012207031,104.599998474121,860,690,1
13.5600004196167,93.0999984741211,39.5999984741211,0.920000016689301,66.0999984741211,5381,285.600006103516,104.599998474121,860,689,1
13.6099996566772,93.0999984741211,39.5999984741211,0.885999977588654,61,5741,269,105,861,689,1
13.5600004196167,93.0999984741211,39.5999984741211,0.90200001001358,51.4000015258789,5986,285.600006103516,104.900001525879,861,690,1
13.6099996566772,93.0999984741211,39.5999984741211,0.892000019550323,45.2000007629395,5989,291.5,104.599998474121,861,690,1
13.5500001907349,93.0999984741211,39.5999984741211,0.952000021934509,43.4000015258789,5945,302.200012207031,104.599998474121,860,690,1
13.2299995422363,93,39.5999984741211,0.910000026226044,36.7000007629395,5718,286.600006103516,104.5,860,690,1
13.4300003051758,93,39.5999984741211,0.903999984264374,31.3999996185303,5605,295.399993896484,104.599998474121,860,690,1
13.3999996185303,93,39.5999984741211,0.862999975681305,29.1000003814697,5572,296.299987792969,104.599998474121,860,690,1
13.6400003433228,93,39.5999984741211,0.870999991893768,29.7000007629395,5570,295.399993896484,105.199996948242,860,690,1
13.6199998855591,93,39.5999984741211,0.885999977588654,32.5,5506,290.5,105,860,691,1
13.3999996185303,93,39.5999984741211,0.893999993801117,36.5,5543,286.600006103516,104.900001525879,860,690,1
13.6700000762939,93,39.5999984741211,0.899999976158142,41.7000007629395,5725,295.399993896484,104.599998474121,860,690,1
13.6400003433228,93,39.5999984741211,0.958999991416931,47.2999992370605,5796,290.5,104.599998474121,860,690,1
13.5900001525879,93,39.5999984741211,0.957000017166138,47.0999984741211,5698,291.5,104.599998474121,860,689,1
13.460000038147,92.9000015258789,39.5999984741211,0.906000018119812,45.7999992370605,5569,282.700012207031,104.599998474121,860,689,1
13.5100002288818,92.9000015258789,39.5999984741211,0.91100001335144,40.5,5460,281.700012207031,105,860,689,1
13.3500003814697,92.9000015258789,39.5999984741211,0.88400000333786,34.7000007629395,5094,271,105,861,689,1
13.6400003433228,92.9000015258789,39.5999984741211,0.851999998092651,33.2999992370605,5121,279.700012207031,105,861,689,1
13.6700000762939,92.9000015258789,39.5999984741211,0.846000015735626,31.7000007629395,5060,268,104.599998474121,862,689,1
13.3800001144409,92.9000015258789,39.5999984741211,0.814000010490417,31.2000007629395,5013,272.899993896484,104.900001525879,863,689,1
13.7200002670288,92.9000015258789,39.5999984741211,0.792999982833862,33.5999984741211,5020,270,104.599998474121,862,688,1
13.2600002288818,92.9000015258789,39.5999984741211,0.813000023365021,34.9000015258789,5023,278.799987792969,104.599998474121,862,688,1
13.5500001907349,92.9000015258789,39.5999984741211,0.825999975204468,52.7000007629395,5277,283.700012207031,104.599998474121,862,688,1
13.6099996566772,92.9000015258789,39.5999984741211,0.889999985694885,70.1999969482422,6007,289.5,105.300003051758,863,686,1
13.6199998855591,92.8000030517578,39.5999984741211,0.890999972820282,72.6999969482422,5815,288.5,105,863,686,1
13.5,92.8000030517578,39.5999984741211,0.896000027656555,76.6999969482422,5540,278.799987792969,104.900001525879,863,685,1
13.5699996948242,92.8000030517578,39.5999984741211,0.947000026702881,81.5,6065,282.700012207031,104.599998474121,863,685,1
13.4899997711182,92.8000030517578,39.5999984741211,0.925999999046326,84.9000015258789,5944,285.600006103516,104.900001525879,863,684,1
13.4399995803833,92.8000030517578,39.5999984741211,0.898000001907349,82.8000030517578,6299,307.100006103516,104.900001525879,863,684,1
13.3299999237061,92.8000030517578,39.5999984741211,0.943000018596649,87.5,6831,318.799987792969,104.900001525879,862,685,1
13.6199998855591,92.8000030517578,39.5999984741211,0.925999999046326,91.5,6466,307.100006103516,105,862,685,1
13.5900001525879,92.8000030517578,39.5999984741211,0.897000014781952,91.4000015258789,6961,316.899993896484,105,862,687,1
13.210000038147,92.6999969482422,39.5999984741211,0.897000014781952,91,7329,304.200012207031,105,861,687,1
13.4799995422363,92.6999969482422,39.5999984741211,0.955999970436096,87.4000015258789,7798,306.100006103516,104.599998474121,860,689,1
13.2700004577637,92.6999969482422,39.5999984741211,0.899999976158142,80.9000015258789,8159,313.899993896484,104.900001525879,860,688,1
13.6300001144409,92.6999969482422,39.5999984741211,0.958000004291534,72.8000030517578,8573,322.700012207031,104.900001525879,860,690,1
13.3199996948242,92.6999969482422,39.5999984741211,0.852999985218048,54.5999984741211,8229,323.700012207031,104.599998474121,859,691,1
13.460000038147,92.5999984741211,39.5999984741211,0.916000008583069,31.2000007629395,7893,314.899993896484,104.900001525879,859,693,1
13.4300003051758,92.5999984741211,39.5999984741211,0.731000006198883,20.8999996185303,7536,308.100006103516,105.300003051758,859,695,1
13.2600002288818,92.5999984741211,39.5999984741211,0.769999980926514,18.5,7108,309,105,858,696,1
13.5600004196167,92.5999984741211,39.5999984741211,0.815999984741211,18.3999996185303,6785,307.100006103516,105,858,698,1
13.5799999237061,92.5999984741211,39.5999984741211,0.962000012397766,18.2000007629395,6651,290.5,104.900001525879,857,698,1
13.4499998092651,92.5999984741211,39.5999984741211,1.29799997806549,18.7999992370605,6607,308.100006103516,104.900001525879,857,698,1
13.4200000762939,92.5999984741211,39.5999984741211,1.15199995040894,23.2000007629395,6535,308.100006103516,104.900001525879,856,698,1
13.5699996948242,92.5,39.5999984741211,0.959999978542328,29.7999992370605,6473,303.200012207031,104.900001525879,856,698,1
13.3199996948242,92.5,39.5999984741211,1.01900005340576,40.4000015258789,6643,305.100006103516,105.199996948242,855,697,1
13.5,92.5,39.5999984741211,0.989000022411346,55.7000007629395,6946,311,105.300003051758,854,696,1
13.5100002288818,92.5,39.5999984741211,0.992999970912933,61,6946,293.399993896484,105.199996948242,853,696,1
13.6000003814697,92.5,39.5999984741211,0.955999970436096,61.2999992370605,7062,313,104.900001525879,853,696,1
13.5500001907349,92.5,39.5999984741211,0.958000004291534,61,7257,316.899993896484,104.900001525879,854,696,1
13.6199998855591,92.5,39.5999984741211,0.973999977111816,80,7238,311,104.900001525879,854,696,1
13.6499996185303,92.5,39.5999984741211,1.06200003623962,73.8000030517578,7495,315.899993896484,104.900001525879,854,696,1
13.5699996948242,92.5,39.5999984741211,0.962999999523163,71.4000015258789,7705,295.399993896484,105,855,696,1
13.539999961853,92.5,39.5999984741211,0.944999992847443,76.5,7763,315.899993896484,105.599998474121,855,698,1
13.5900001525879,92.4000015258789,39.5999984741211,0.948000013828278,77.4000015258789,8153,299.299987792969,105.199996948242,855,699,1
13.6199998855591,92.4000015258789,39.5999984741211,0.936999976634979,84.5,8392,321.700012207031,105,855,699,1
13.5200004577637,92.4000015258789,39.5999984741211,0.894999980926514,84.6999969482422,8651,337.399993896484,105,855,701,1
13.5799999237061,92.4000015258789,39.5999984741211,0.890999972820282,84.5,8750,321.700012207031,105,856,702,1
13.5600004196167,92.4000015258789,39.5999984741211,0.873000025749207,80,8858,321.700012207031,105,856,705,1
13.539999961853,92.4000015258789,39.5999984741211,0.947000026702881,71.5999984741211,7738,304.200012207031,105,858,707,2
13.6099996566772,92.4000015258789,39.5999984741211,1.58800005912781,75.6999969482422,7003,305.100006103516,105.599998474121,858,709,2
13.5200004577637,92.4000015258789,39.5999984741211,0.933000028133392,67.0999984741211,7062,301.200012207031,105.199996948242,858,711,2
13.5500001907349,92.4000015258789,39.5999984741211,0.992999970912933,69.8000030517578,7130,308.100006103516,105,858,711,2
13.5799999237061,92.4000015258789,39.5999984741211,0.984000027179718,68.8000030517578,7189,307.100006103516,105,858,712,2
13.5799999237061,92.4000015258789,39.5999984741211,0.964999973773956,66.5,7237,310,105,856,713,2
13.539999961853,92.4000015258789,39.5999984741211,0.977999985218048,66.8000030517578,7317,309,105,856,715,2
13.4499998092651,92.4000015258789,39.5999984741211,0.970000028610229,69.3000030517578,7452,323.700012207031,105,855,716,2
13.5900001525879,92.4000015258789,39.5999984741211,0.986000001430511,71.5999984741211,7366,312,105.599998474121,855,717,2
13.5900001525879,92.4000015258789,39.5999984741211,1.00899994373322,78.0999984741211,7687,312,105.300003051758,855,718,2
13.5299997329712,92.4000015258789,39.5999984741211,0.940999984741211,75.1999969482422,7619,293.399993896484,105.199996948242,855,719,2
13.460000038147,92.4000015258789,39.5999984741211,0.929000020027161,74.9000015258789,7952,312,105,855,721,2
13.5699996948242,92.3000030517578,39.5999984741211,0.940999984741211,77.1999969482422,7808,305.100006103516,105,856,723,2
13.6199998855591,92.3000030517578,39.5999984741211,0.936999976634979,77.0999984741211,8156,304.200012207031,105,855,725,2
13.7299995422363,92.3000030517578,39.5999984741211,0.89300000667572,81.0999984741211,8101,315.899993896484,105,857,727,2
13.460000038147,92.3000030517578,39.5999984741211,0.943000018596649,78.8000030517578,8143,328.600006103516,105.699996948242,858,729,2
13.4899997711182,92.3000030517578,39.5999984741211,0.915000021457672,81.0999984741211,8021,313,105.300003051758,857,729,2
13.539999961853,92.3000030517578,39.5999984741211,0.847000002861023,50,7992,313.899993896484,105.199996948242,857,731,2
13.5200004577637,92.3000030517578,39.5999984741211,0.773000001907349,26.2999992370605,7633,316.899993896484,105,858,732,2
13.2200002670288,92.3000030517578,39.5999984741211,0.824999988079071,20.6000003814697,7322,308.100006103516,105,859,734,2
13.4700002670288,92.3000030517578,39.5999984741211,0.845000028610229,19.8999996185303,6930,315.899993896484,105,859,736,2
13.539999961853,92.3000030517578,39.5999984741211,0.860000014305115,20.5,6694,298.299987792969,105,860,737,2
13.5600004196167,92.3000030517578,39.5999984741211,0.885999977588654,21.1000003814697,6193,314.899993896484,105.699996948242,859,737,2
13.5900001525879,92.3000030517578,39.5999984741211,0.878000020980835,21.6000003814697,5854,306.100006103516,105.599998474121,859,737,2
13.5799999237061,92.3000030517578,39.5999984741211,0.865000009536743,23.7999992370605,5562,281.700012207031,105.199996948242,860,737,2
13.3500003814697,92.3000030517578,39.5999984741211,0.879000008106232,26.7000007629395,5289,278.799987792969,105,860,736,2
13.5699996948242,92.3000030517578,39.5,0.860000014305115,28.7999992370605,5045,281.700012207031,105,861,735,2
13.5900001525879,92.3000030517578,39.5,0.828000009059906,30,4908,272.899993896484,105,862,734,2
13.5699996948242,92.1999969482422,39.5,0.822000026702881,31.5,4644,261.200012207031,105,862,732,2
13.5900001525879,92.3000030517578,39.5,0.792999982833862,32.7000007629395,4522,258.299987792969,105,862,732,2
13.4200000762939,92.3000030517578,39.5,0.802999973297119,33.4000015258789,4347,256.299987792969,105.699996948242,862,730,2
13.5500001907349,92.1999969482422,39.5,0.836000025272369,33.0999984741211,4196,246.5,105.300003051758,863,729,2
13.4700002670288,92.1999969482422,39.5,0.851000010967255,34,4130,248.5,105.199996948242,863,727,2
13.4700002670288,92.1999969482422,39.5,0.853999972343445,38.5,4116,242.600006103516,105,863,725,2
13.539999961853,92.1999969482422,39.4000015258789,0.896000027656555,44,4191,248.5,105,864,723,2
13.5299997329712,92.1999969482422,39.4000015258789,0.939000010490417,50,4361,253.399993896484,105,864,723,2
13.6800003051758,92.1999969482422,39.4000015258789,0.977999985218048,65.3000030517578,4487,253.399993896484,105,864,721,2
13.4300003051758,92.1999969482422,39.4000015258789,0.898000001907349,86,4388,250.5,105.699996948242,864,719,2
13.3400001525879,92.1999969482422,39.4000015258789,0.939999997615814,94.8000030517578,4632,259.200012207031,105.599998474121,864,718,2
13.4399995803833,92.1999969482422,39.4000015258789,0.828999996185303,94.0999984741211,4623,254.399993896484,105,864,717,2
13.5900001525879,92.1999969482422,39.4000015258789,0.853999972343445,93.9000015258789,4827,263.100006103516,105.199996948242,864,716,2
13.4099998474121,92.1999969482422,39.4000015258789,0.871999979019165,94.9000015258789,4845,271.899993896484,105,864,715,2
13.5100002288818,92.1999969482422,39.4000015258789,0.933000028133392,97.0999984741211,4885,267.100006103516,105,864,715,2
13.5900001525879,92.1999969482422,39.4000015258789,0.958999991416931,98,4953,280.700012207031,105,864,715,2
13.5600004196167,92.1999969482422,39.5,0.968999981880188,97.5,4634,264.100006103516,105,863,714,2
13.4700002670288,92.1999969482422,39.5,0.976000010967255,97.8000030517578,5189,228,105.699996948242,863,714,2
13.5,92.1999969482422,39.5,0.912000000476837,95.3000030517578,5242,266.100006103516,105.300003051758,862,714,2
13.5299997329712,92.1999969482422,39.5,0.962000012397766,94.9000015258789,5273,278.799987792969,105.199996948242,861,714,2
13.6499996185303,92.1999969482422,39.5,0.955999970436096,96.1999969482422,5504,277.799987792969,105,859,714,2
13.5100002288818,92.1999969482422,39.5,0.930000007152557,93.8000030517578,5611,302.200012207031,105,859,714,2
13.6000003814697,92.1999969482422,39.5999984741211,0.902999997138977,93.5,5726,285.600006103516,105,859,714,2
13.5500001907349,92.1999969482422,39.5999984741211,0.930000007152557,93.5,5895,271.899993896484,105,859,715,2
13.4499998092651,92.1999969482422,39.5999984741211,0.933000028133392,93.3000030517578,6138,302.200012207031,105.699996948242,859,715,2
13.539999961853,92.1999969482422,39.5999984741211,0.915000021457672,92.4000015258789,6257,307.100006103516,105.599998474121,858,715,2
13.6700000762939,92.1999969482422,39.5999984741211,0.939000010490417,92.0999984741211,6594,315.899993896484,105.199996948242,857,715,2
13.6899995803833,92.1999969482422,39.5999984741211,0.898000001907349,92.5999984741211,6693,315.899993896484,105,857,717,2
13.4899997711182,92.1999969482422,39.5999984741211,0.920000016689301,91.5999984741211,6897,301.200012207031,105,857,717,2
13.5299997329712,92.1999969482422,39.5999984741211,0.903999984264374,90.4000015258789,7330,319.799987792969,105,855,719,2
13.5699996948242,92.1999969482422,39.5999984741211,0.957000017166138,88.9000015258789,7253,313,105,855,719,2
13.6000003814697,92.1999969482422,39.5999984741211,0.920000016689301,88.6999969482422,7639,304.200012207031,105.199996948242,855,720,2
13.6199998855591,92.1999969482422,39.5999984741211,0.897000014781952,88.5999984741211,7429,321.700012207031,105.599998474121,855,721,2
13.460000038147,92.1999969482422,39.5999984741211,0.931999981403351,89.5,7680,318.799987792969,105.300003051758,855,721,2
13.3699998855591,92.1999969482422,39.5999984741211,0.896000027656555,87.5999984741211,7997,295.399993896484,105.199996948242,855,723,2
13.5799999237061,92.1999969482422,39.5999984741211,0.904999971389771,86.9000015258789,8388,307.100006103516,105.199996948242,854,724,2
13.6099996566772,92.1999969482422,39.5999984741211,0.882000029087067,86.1999969482422,8386,323.700012207031,105,853,726,2
13.6000003814697,92.1999969482422,39.5999984741211,0.894999980926514,85.3000030517578,8567,325.600006103516,105,854,727,2
13.4700002670288,92.1999969482422,39.7000007629395,0.860000014305115,87,8757,317.799987792969,105.199996948242,853,729,2
13.2799997329712,92.1999969482422,39.7000007629395,0.892000019550323,85.1999969482422,8703,300.299987792969,105.699996948242,854,730,2
13.4499998092651,92.1999969482422,39.7000007629395,0.907999992370605,85,8856,313.899993896484,105.599998474121,854,730,2
13.3699998855591,92.1999969482422,39.7000007629395,0.866999983787537,84.3000030517578,8814,333.5,105.199996948242,854,732,2
13.5699996948242,92.1999969482422,39.7000007629395,0.882000029087067,83.8000030517578,9170,323.700012207031,105,854,734,2
13.1099996566772,92.1999969482422,39.7000007629395,0.851999998092651,77.6999969482422,9103,329.600006103516,105,854,734,2
13.3699998855591,92.1999969482422,39.7000007629395,0.728999972343445,34.4000015258789,8644,321.700012207031,105.199996948242,855,736,2
13.3599996566772,92.1999969482422,39.7000007629395,0.736999988555908,22.3999996185303,8221,328.600006103516,105,854,738,2
13.5299997329712,92.0999984741211,39.7000007629395,0.714999973773956,19,7781,328.600006103516,105.599998474121,854,738,2
13.3100004196167,92.0999984741211,39.7000007629395,0.787999987602234,18.8999996185303,7387,313.899993896484,105.699996948242,854,739,2
13.4899997711182,92.0999984741211,39.7000007629395,0.810000002384186,20.1000003814697,7221,320.799987792969,105.300003051758,853,739,2
13.1899995803833,92.0999984741211,39.7000007629395,0.843999981880188,20.3999996185303,7028,315.899993896484,105.199996948242,853,738,2
13.4200000762939,92.0999984741211,39.7000007629395,0.869000017642975,22.1000003814697,7025,323.700012207031,105,853,737,2
13.5100002288818,92.0999984741211,39.7000007629395,0.921999990940094,31.8999996185303,7077,309,105,853,736,2
13.6800003051758,92.0999984741211,39.5999984741211,1.00300002098083,33.5,7383,312,105.199996948242,853,735,2
13.5699996948242,92.0999984741211,39.5999984741211,0.939000010490417,35.2000007629395,7102,309,105,853,735,2
13.6499996185303,92.0999984741211,39.5999984741211,0.931999981403351,36.2000007629395,7117,307.100006103516,105.599998474121,853,735,2
13.5900001525879,92.0999984741211,39.5999984741211,0.924000024795532,38,7090,301.200012207031,105.199996948242,853,734,2
13.4899997711182,92.0999984741211,39.5999984741211,0.976000010967255,41.4000015258789,7063,304.200012207031,105,855,734,2
13.5900001525879,92,39.5,0.896000027656555,31.5,6912,288.5,105.199996948242,855,732,2
13.5299997329712,92,39.5,0.846000015735626,23.3999996185303,6543,294.399993896484,105,856,731,2
13.6499996185303,92,39.5,0.859000027179718,21.5,6229,302.200012207031,105.199996948242,857,731,2
13.6400003433228,92,39.5,0.869000017642975,22.7000007629395,5906,294.399993896484,105.599998474121,857,731,2
13.5799999237061,92,39.5,0.869000017642975,24,5647,286.600006103516,105.699996948242,858,731,2
13.4200000762939,91.9000015258789,39.5,0.865000009536743,25.7999992370605,5390,271.899993896484,105.300003051758,858,730,2
13.5699996948242,91.9000015258789,39.5,0.907000005245209,27.6000003814697,5177,276.799987792969,105.199996948242,858,729,1
13.5799999237061,91.9000015258789,39.5,1.31400001049042,28.5,5214,287.600006103516,105,860,728,1
13.539999961853,91.9000015258789,39.5,1.59700000286102,28.7000007629395,5233,289.5,105,860,726,1
13.1700000762939,91.9000015258789,39.5,1.95000004768372,29.2999992370605,5474,289.5,105.199996948242,861,725,1
13.5799999237061,91.9000015258789,39.5,1.50600004196167,28.8999996185303,5346,289.5,105.599998474121,860,723,1
13.3500003814697,91.9000015258789,39.5,0.88400000333786,30.5,4935,266.100006103516,105.699996948242,860,723,1
13.3599996566772,91.9000015258789,39.5,0.83899998664856,32.2999992370605,4688,260.200012207031,105.199996948242,858,721,1
13.4300003051758,91.9000015258789,39.5,0.828000009059906,33.0999984741211,4687,265.100006103516,105.199996948242,857,718,1
13.5,91.8000030517578,39.5,0.83899998664856,33.2000007629395,4723,269,105,855,716,1
13.5500001907349,91.8000030517578,39.5,0.842000007629395,34.0999984741211,4681,262.200012207031,105.199996948242,854,714,1
13.539999961853,91.9000015258789,39.5,0.842999994754791,37.5999984741211,4516,247.5,105,853,712,1
13.6499996185303,91.8000030517578,39.5,0.889999985694885,41.2999992370605,4406,246.5,105.199996948242,853,712,1
13.6599998474121,91.8000030517578,39.4000015258789,0.920000016689301,53.7000007629395,4905,268,105.300003051758,852,711,1
13.5299997329712,91.8000030517578,39.4000015258789,0.88400000333786,67.5,4977,282.700012207031,105.599998474121,851,708,1
13.1199998855591,91.8000030517578,39.4000015258789,0.862999975681305,73.8000030517578,4542,263.100006103516,105.199996948242,851,707,1
13.5600004196167,91.8000030517578,39.4000015258789,0.96399998664856,76.5,5438,289.5,105.199996948242,851,705,1
13.5799999237061,91.8000030517578,39.4000015258789,0.907999992370605,79.3000030517578,5126,269,105,851,704,1
13.4899997711182,91.8000030517578,39.4000015258789,0.950999975204468,74.5999984741211,5287,282.700012207031,105,850,704,1
13.5900001525879,91.8000030517578,39.4000015258789,0.925999999046326,77.4000015258789,5832,298.299987792969,105,850,704,1
13.6599998474121,91.8000030517578,39.5,0.931999981403351,67.9000015258789,5837,276.799987792969,105,850,703,1
13.460000038147,91.8000030517578,39.5,0.852999985218048,61.7999992370605,5709,295.399993896484,105.699996948242,850,703,1
13.2399997711182,91.8000030517578,39.5,0.943000018596649,61.7999992370605,5932,291.5,105.599998474121,850,702,1
12.960000038147,91.8000030517578,39.5,0.899999976158142,54.2999992370605,6030,296.299987792969,105.199996948242,849,703,1
13.4799995422363,91.8000030517578,39.5,0.874000012874603,49.2000007629395,6272,308.100006103516,105,848,702,1
13.5,91.6999969482422,39.5,0.936999976634979,47.7999992370605,6382,289.5,105.199996948242,849,702,1
13.5600004196167,91.6999969482422,39.5,0.954999983310699,40.9000015258789,6233,298.299987792969,105.199996948242,848,703,1
13.5299997329712,91.8000030517578,39.5,0.885999977588654,35,6039,300.299987792969,105.199996948242,848,703,1
13.5299997329712,91.6999969482422,39.5,0.894999980926514,29.2000007629395,5783,296.299987792969,105.599998474121,848,703,1
13.4700002670288,91.8000030517578,39.5,0.876999974250793,27.3999996185303,5529,285.600006103516,105.599998474121,848,703,1
13.6899995803833,91.8000030517578,39.5,0.887000024318695,28.2000007629395,5458,282.700012207031,105.300003051758,848,703,1
13.5699996948242,91.6999969482422,39.5,0.869000017642975,29,5539,280.700012207031,105,848,703,1
13.5500001907349,91.6999969482422,39.5,0.843999981880188,28.2000007629395,5644,279.700012207031,105,848,703,1
13.6599998474121,91.6999969482422,39.5,0.851000010967255,27.7000007629395,5506,294.399993896484,105,848,702,1
13.5699996948242,91.6999969482422,39.5,0.850000023841858,29.1000003814697,5288,283.700012207031,105,848,702,1
13.6800003051758,91.6999969482422,39.5,0.851000010967255,32.2999992370605,5156,279.700012207031,105,849,701,1
13.6800003051758,91.6999969482422,39.5,0.851999998092651,34.7000007629395,5206,285.600006103516,105.699996948242,849,700,1
13.5,91.6999969482422,39.5,0.860000014305115,37.5999984741211,5189,279.700012207031,105.300003051758,850,699,1
13.6899995803833,91.6999969482422,39.5,0.887000024318695,43.7000007629395,5140,278.799987792969,105.199996948242,850,699,1
13.6599998474121,91.6999969482422,39.5,0.967999994754791,47.2000007629395,5303,289.5,105.199996948242,851,698,1
13.6499996185303,91.6999969482422,39.4000015258789,0.920000016689301,49.4000015258789,5308,279.700012207031,105,851,696,1
13.6999998092651,91.6999969482422,39.4000015258789,0.930999994277954,57.0999984741211,5240,280.700012207031,105.199996948242,851,695,1
13.5799999237061,91.6999969482422,39.4000015258789,0.986000001430511,65.4000015258789,5502,290.5,105.199996948242,852,695,1
13.6000003814697,91.6999969482422,39.4000015258789,0.962999999523163,69.8000030517578,5396,279.700012207031,105.199996948242,853,694,1
13.5900001525879,91.6999969482422,39.4000015258789,0.927999973297119,73.4000015258789,5627,284.600006103516,105.699996948242,853,694,1
13.7299995422363,91.6999969482422,39.4000015258789,0.908999979496002,71.3000030517578,5651,297.299987792969,105.599998474121,853,694,1
13.6400003433228,91.6999969482422,39.5,0.922999978065491,71,5770,287.600006103516,105.199996948242,853,694,1
13.5500001907349,91.6999969482422,39.5,0.920000016689301,72.4000015258789,5948,295.399993896484,105.199996948242,853,694,1
13.6599998474121,91.6999969482422,39.5,0.919000029563904,60.5999984741211,5802,291.5,105.199996948242,855,694,1
13.7299995422363,91.6999969482422,39.5,0.797999978065491,38.7999992370605,5817,277.799987792969,105.199996948242,855,695,1
13.4399995803833,91.6999969482422,39.5,0.882000029087067,29.8999996185303,5841,285.600006103516,105,854,696,1
13.1300001144409,91.6999969482422,39.5,0.870999991893768,26.7999992370605,5588,278.799987792969,105.699996948242,854,696,1
13.3100004196167,91.5999984741211,39.5,0.862999975681305,26.3999996185303,5148,274.899993896484,105.599998474121,854,696,1
13.5,91.6999969482422,39.5,1.16299998760223,27.5,4918,271.899993896484,105.199996948242,853,696,1
13.710000038147,91.5999984741211,39.5,1.52699995040894,29.3999996185303,4705,263.100006103516,105.199996948242,854,696,1
13.6800003051758,91.5999984741211,39.5,1.26600003242493,35.2000007629395,4761,265.100006103516,105.199996948242,853,695,1
13.5200004577637,91.5999984741211,39.5,0.924000024795532,44.9000015258789,4916,277.799987792969,105.199996948242,853,694,1
13.5,91.5999984741211,39.5,0.853999972343445,56.2999992370605,5720,298.299987792969,105,852,694,1
13.5,91.5999984741211,39.5,0.866999983787537,58.2999992370605,5273,292.399993896484,105.599998474121,852,693,1
13.289999961853,91.5999984741211,39.5,0.903999984264374,62.7000007629395,5367,276.799987792969,105.599998474121,851,693,1
13.4799995422363,91.5999984741211,39.5,0.964999973773956,63.9000015258789,5365,272.899993896484,105.300003051758,850,692,1
13.6099996566772,91.5999984741211,39.5,0.971000015735626,67.5,5387,282.700012207031,105.199996948242,849,692,1
13.5699996948242,91.5999984741211,39.5,0.945999979972839,66.9000015258789,5592,277.799987792969,105.199996948242,849,692,1
13.5900001525879,91.5999984741211,39.5,0.924000024795532,65.9000015258789,5861,302.200012207031,105,848,692,1
13.4399995803833,91.5999984741211,39.5,0.931999981403351,62.4000015258789,5991,302.200012207031,105.199996948242,848,692,1
13.3599996566772,91.5999984741211,39.5,0.944999992847443,72.4000015258789,5981,290.5,105.199996948242,848,692,1
13.460000038147,91.5999984741211,39.5,0.948000013828278,77.5,6427,313,105.900001525879,848,692,1
13.5900001525879,91.5999984741211,39.5,0.925999999046326,87.5999984741211,6620,306.100006103516,105.599998474121,848,692,1
13.6300001144409,91.5999984741211,39.5,0.907999992370605,90.4000015258789,6941,314.899993896484,105.300003051758,849,692,1
13.5,91.5999984741211,39.5,0.897000014781952,91.1999969482422,6944,313.899993896484,105,849,693,1
13.4700002670288,91.5999984741211,39.5,0.910000026226044,90.5,7223,311,105.199996948242,848,694,1
13.4799995422363,91.5999984741211,39.5,0.921000003814697,90.6999969482422,7470,315.899993896484,105,849,694,1
13.5299997329712,91.5,39.5,0.898000001907349,86.9000015258789,7972,304.200012207031,105.199996948242,849,695,1
13.5,91.5,39.5999984741211,0.899999976158142,87.4000015258789,8009,326.600006103516,105.900001525879,848,696,1
13.6000003814697,91.5,39.5999984741211,0.896000027656555,87,8442,330.5,105.699996948242,848,697,1
13.539999961853,91.5,39.5999984741211,0.88400000333786,86.1999969482422,8701,332.5,105.199996948242,848,699,1
13.5,91.5,39.5999984741211,0.875999987125397,85,8792,320.799987792969,105.199996948242,847,701,1
13.5799999237061,91.5,39.5999984741211,0.861000001430511,85.5999984741211,8822,320.799987792969,105.199996948242,849,704,1
13.5600004196167,91.5,39.5999984741211,1.2960000038147,87.6999969482422,7075,296.299987792969,105.199996948242,848,704,2
13.3900003433228,91.5,39.5999984741211,1.52900004386902,90.4000015258789,7088,303.200012207031,105.199996948242,848,705,2
13.5500001907349,91.4000015258789,39.5999984741211,0.970000028610229,88.0999984741211,7263,297.299987792969,105.900001525879,849,707,2
13.5100002288818,91.5,39.5999984741211,0.945999979972839,88.8000030517578,7488,308.100006103516,105.900001525879,848,708,2
13.3100004196167,91.4000015258789,39.5999984741211,0.915000021457672,90.3000030517578,7807,320.799987792969,105.300003051758,848,709,2
13.5600004196167,91.4000015258789,39.5999984741211,0.898999989032745,87.3000030517578,7821,306.100006103516,105.199996948242,846,711,2
13.4399995803833,91.4000015258789,39.5999984741211,0.894999980926514,89.4000015258789,8213,315.899993896484,105.199996948242,846,712,2
13.4200000762939,91.4000015258789,39.5999984741211,0.893999993801117,88.4000015258789,8348,327.600006103516,105.199996948242,845,712,2
13.5200004577637,91.4000015258789,39.5999984741211,0.866999983787537,85.8000030517578,8553,334.399993896484,105.199996948242,845,714,2
13.5799999237061,91.3000030517578,39.5999984741211,0.887000024318695,86.1999969482422,8663,340.299987792969,105.199996948242,845,715,2
13.6000003814697,91.4000015258789,39.5999984741211,0.875999987125397,85.6999969482422,8810,337.399993896484,105.900001525879,844,717,2
13.6099996566772,91.3000030517578,39.5999984741211,0.879000008106232,85.5999984741211,8971,318.799987792969,105.599998474121,845,719,2
13.5200004577637,91.3000030517578,39.5999984741211,0.862999975681305,85.5999984741211,8927,329.600006103516,105.599998474121,845,721,2
13.3599996566772,91.3000030517578,39.5999984741211,0.846000015735626,84.9000015258789,9220,341.299987792969,105.300003051758,846,723,2
13.3100004196167,91.3000030517578,39.5999984741211,0.850000023841858,84.6999969482422,9364,328.600006103516,105.199996948242,846,723,2
13.6499996185303,91.3000030517578,39.5999984741211,0.846000015735626,83.5999984741211,9344,333.5,105.199996948242,845,724,2
13.6000003814697,91.3000030517578,39.5999984741211,0.828000009059906,83.4000015258789,9486,327.600006103516,105.300003051758,845,726,2
13.5500001907349,91.3000030517578,39.5999984741211,0.813000023365021,59.2999992370605,9139,328.600006103516,105.900001525879,845,728,2
13.2799997329712,91.3000030517578,39.7000007629395,0.702000021934509,27.5,8737,335.399993896484,105.699996948242,845,729,2
13.1700000762939,91.3000030517578,39.7000007629395,0.691999971866608,19.8999996185303,8305,321.700012207031,105.599998474121,845,730,2
13.6400003433228,91.3000030517578,39.7000007629395,0.708999991416931,19.1000003814697,7923,314.899993896484,105.300003051758,845,730,2
13.5,91.3000030517578,39.7000007629395,0.818000018596649,18.8999996185303,7751,318.799987792969,105.300003051758,845,732,2
13.6400003433228,91.3000030517578,39.7000007629395,0.823000013828278,19,7388,314.899993896484,105.300003051758,845,732,2
13.5500001907349,91.3000030517578,39.7000007629395,0.845000028610229,19.7999992370605,7118,311,105.300003051758,844,731,2
13.6099996566772,91.1999969482422,39.7000007629395,0.893999993801117,20.5,6954,308.100006103516,105.900001525879,845,731,2
13.5900001525879,91.1999969482422,39.5999984741211,0.966000020503998,21,6841,303.200012207031,105.699996948242,845,730,2
13.6099996566772,91.1999969482422,39.5999984741211,1.00999999046326,21.8999996185303,6788,301.200012207031,105.599998474121,846,730,2
13.3699998855591,91.1999969482422,39.5999984741211,1.09200000762939,26.2999992370605,6638,304.200012207031,105.300003051758,846,730,2
13.6999998092651,91.1999969482422,39.5999984741211,1.22699999809265,37.4000015258789,6579,305.100006103516,105.300003051758,846,728,2
13.6000003814697,91.1999969482422,39.5999984741211,1.33299994468689,45.7999992370605,6511,296.299987792969,105.300003051758,848,727,2
13.5900001525879,91.1999969482422,39.5999984741211,1.42999994754791,46.9000015258789,6597,299.299987792969,105.300003051758,849,726,2
13.6199998855591,91.1999969482422,39.5999984741211,1.47300004959106,51.4000015258789,6244,295.399993896484,105.199996948242,851,725,2
13.5200004577637,91.1999969482422,39.5999984741211,1.87000000476837,60.2999992370605,6154,303.200012207031,105.900001525879,851,724,2
13.5299997329712,91.1999969482422,39.5999984741211,1.2610000371933,66,7038,301.200012207031,105.599998474121,853,724,2
13.2700004577637,91.1999969482422,39.5999984741211,1.01400005817413,72.5999984741211,6464,305.100006103516,105.300003051758,853,724,2
13.4700002670288,91.1999969482422,39.5999984741211,0.970000028610229,74.3000030517578,6781,294.399993896484,105.300003051758,853,723,2
13.4899997711182,91.1999969482422,39.5999984741211,0.982999980449677,78.5999984741211,6678,301.200012207031,105.300003051758,854,723,2
13.6300001144409,91.1999969482422,39.5999984741211,0.962000012397766,76.3000030517578,6941,311,105.199996948242,854,723,2
13.539999961853,91.1999969482422,39.5999984741211,0.976000010967255,65.5,6857,305.100006103516,105.300003051758,854,723,2
13.5100002288818,91.1999969482422,39.5999984741211,0.931999981403351,65.1999969482422,7022,288.5,105.699996948242,854,724,2
13.3999996185303,91.1999969482422,39.5999984741211,0.922999978065491,57.9000015258789,7164,292.399993896484,105.599998474121,855,725,2
13.5900001525879,91.1999969482422,39.5999984741211,0.962999999523163,58.0999984741211,7227,291.5,105.300003051758,855,725,2
13.4799995422363,91.1999969482422,39.5999984741211,0.936999976634979,55.9000015258789,7222,289.5,105.199996948242,855,725,2
13.5600004196167,91.1999969482422,39.5999984741211,0.947000026702881,53.7999992370605,7216,312,105.300003051758,855,726,2
13.5,91.1999969482422,39.5999984741211,0.954999983310699,51,7122,313,105.199996948242,855,727,2
13.3999996185303,91.1999969482422,39.5999984741211,0.912999987602234,46.0999984741211,7131,303.200012207031,105.300003051758,855,727,2
13.5600004196167,91.1999969482422,39.5999984741211,0.912000000476837,43.0999984741211,7159,311,105.900001525879,855,728,2
13.6599998474121,91.1999969482422,39.5999984741211,0.950999975204468,40.7999992370605,7170,308.100006103516,105.900001525879,856,728,2
13.6499996185303,91.1999969482422,39.5999984741211,0.940999984741211,40.0999984741211,7162,321.700012207031,105.599998474121,856,729,2
13.5100002288818,91.1999969482422,39.5999984741211,0.952000021934509,40.5,7147,317.799987792969,105.300003051758,857,729,2
13.539999961853,91.1999969482422,39.5999984741211,0.935000002384186,40.2000007629395,7165,307.100006103516,105.300003051758,857,729,2
13.6000003814697,91.1999969482422,39.5999984741211,0.907000005245209,28.2999992370605,6876,296.299987792969,105.300003051758,857,729,2
13.539999961853,91.1999969482422,39.5999984741211,0.836000025272369,24,6608,319.799987792969,105.199996948242,858,730,2
13.5200004577637,91.1999969482422,39.5999984741211,0.889999985694885,21.8999996185303,6330,290.5,105.199996948242,859,730,2
13.3199996948242,91.1999969482422,39.5999984741211,0.874000012874603,22.3999996185303,6058,296.299987792969,105.900001525879,859,730,2
13.3999996185303,91.1999969482422,39.5999984741211,0.879000008106232,23.3999996185303,5803,297.299987792969,105.599998474121,859,730,2
13.1199998855591,91.1999969482422,39.5999984741211,0.870999991893768,24.1000003814697,5876,294.399993896484,105.199996948242,859,730,2
13.5200004577637,91.1999969482422,39.5999984741211,0.871999979019165,24,5765,289.5,105.300003051758,860,729,2
13.4099998474121,91.1999969482422,39.5999984741211,0.878000020980835,26.2000007629395,5604,295.399993896484,105.300003051758,860,729,2
13.6700000762939,91.1999969482422,39.5,0.889999985694885,34.0999984741211,5694,275.799987792969,105.300003051758,861,727,2
13.3100004196167,91.1999969482422,39.5,0.925000011920929,35.7000007629395,5746,290.5,105.199996948242,862,726,2
13.5500001907349,91.1999969482422,39.5,0.892000019550323,31.5,5381,280.700012207031,106,863,726,2
13.4799995422363,91.1999969482422,39.5,0.83899998664856,30.2999992370605,5186,272.899993896484,105.699996948242,863,724,1
13.5,91.1999969482422,39.5,0.98199999332428,29.1000003814697,5184,281.700012207031,105.300003051758,863,723,1
13.3999996185303,91.1999969482422,39.5,1.42999994754791,28,5259,285.600006103516,105.199996948242,864,722,1
13.2299995422363,91.1999969482422,39.5,1.73000001907349,27.7999992370605,5307,287.600006103516,105.199996948242,865,720,1
13.5200004577637,91.1999969482422,39.5,2.07800006866455,26.7999992370605,5609,295.399993896484,105.199996948242,864,718,1
13.5600004196167,91.1999969482422,39.5,0.934000015258789,26.5,5543,285.600006103516,105.199996948242,863,716,1
13.460000038147,91.1999969482422,39.5,0.875,27.2999992370605,5269,275.799987792969,105.900001525879,863,716,1
13.1700000762939,91.1999969482422,39.5,0.851000010967255,28.7000007629395,5099,277.799987792969,105.699996948242,862,714,1
13.6000003814697,91.1999969482422,39.5,0.829999983310699,29.7999992370605,5160,272.899993896484,105.599998474121,860,712,1
13.6499996185303,91.1999969482422,39.5,0.818000018596649,30.7999992370605,5172,276.799987792969,105.300003051758,858,709,1
13.6300001144409,91.1999969482422,39.5,0.813000023365021,32.2999992370605,5050,267.100006103516,105.199996948242,858,708,1
13.3900003433228,91.1999969482422,39.5,0.824999988079071,33.5999984741211,5017,268,105.199996948242,856,706,1
13.6099996566772,91.1999969482422,39.5,0.820999979972839,51.0999984741211,5284,284.600006103516,105.199996948242,855,706,1
13.710000038147,91.1999969482422,39.5,0.88400000333786,56.7000007629395,5155,272.899993896484,105.199996948242,855,704,1
13.5299997329712,91.1999969482422,39.5,0.88400000333786,70,5252,279.700012207031,105.900001525879,854,702,1
13.6599998474121,91.1999969482422,39.5,0.887000024318695,66.5999984741211,5501,268,105.699996948242,854,701,1
13.5100002288818,91.1999969482422,39.5,0.907999992370605,66.0999984741211,5949,301.200012207031,105.300003051758,853,700,1
13.5699996948242,91.0999984741211,39.5,0.893999993801117,69.5999984741211,5548,284.600006103516,105.300003051758,853,699,1
13.6499996185303,91.0999984741211,39.5,0.870000004768372,61.7000007629395,5803,289.5,105.199996948242,853,698,1
13.6400003433228,91.0999984741211,39.5,0.925999999046326,45.7000007629395,5764,274.899993896484,105.199996948242,853,698,1
13.1999998092651,91.0999984741211,39.5,0.800000011920929,35.2999992370605,5541,284.600006103516,105,853,698,1
13.4200000762939,91.0999984741211,39.5,0.885999977588654,30.3999996185303,5483,287.600006103516,105.199996948242,853,698,1
13.2700004577637,91.0999984741211,39.5,0.865000009536743,29.6000003814697,5238,273.899993896484,105.900001525879,853,698,1
13.5200004577637,91.0999984741211,39.5,0.833999991416931,29.6000003814697,5049,282.700012207031,105.599998474121,852,697,1
13.3199996948242,91.0999984741211,39.5,0.799000024795532,30.3999996185303,4882,268,105.300003051758,852,697,1
13.4799995422363,91.0999984741211,39.5,0.783999979496002,31.1000003814697,4772,271.899993896484,105.300003051758,852,696,1
13.4200000762939,91.0999984741211,39.5,0.779999971389771,31.8999996185303,4776,269,105.199996948242,852,696,1
13.5,91.0999984741211,39.5,0.814999997615814,43.9000015258789,4904,264.100006103516,105.199996948242,852,695,1
13.3599996566772,91.0999984741211,39.5,0.83899998664856,56.7000007629395,5405,288.5,105.199996948242,851,694,1
13.6099996566772,91.0999984741211,39.5,0.879000008106232,67.5999984741211,5128,290.5,105.199996948242,851,693,1
13.5900001525879,91.0999984741211,39.5,0.930000007152557,71.9000015258789,5259,290.5,105.900001525879,851,692,1
13.6800003051758,91.0999984741211,39.5,0.924000024795532,77.4000015258789,5172,274.899993896484,105.599998474121,851,692,1
13.1700000762939,91.0999984741211,39.5,0.934000015258789,89.5,5514,275.799987792969,105.199996948242,851,692,1
13.3900003433228,91.0999984741211,39.5,0.852999985218048,91.0999984741211,5555,289.5,105.199996948242,851,690,1
13.4200000762939,91.0999984741211,39.5,0.870999991893768,92.6999969482422,5990,285.600006103516,105.199996948242,851,690,1
13.460000038147,91.0999984741211,39.5,0.819000005722046,93.1999969482422,6270,294.399993896484,105.199996948242,850,690,1
13.7600002288818,91.0999984741211,39.5,0.852999985218048,94.5999984741211,6328,313.899993896484,105.199996948242,850,690,1
13.5600004196167,91.0999984741211,39.5,0.915000021457672,91.5999984741211,6793,316.899993896484,105.599998474121,849,691,1
13.6800003051758,91.0999984741211,39.5999984741211,0.913999974727631,91.8000030517578,6734,321.700012207031,105.900001525879,849,691,1
13.7200002670288,91,39.5999984741211,0.913999974727631,90.5999984741211,7184,313,105.599998474121,849,691,1
13.2700004577637,91,39.5999984741211,0.919000029563904,89.9000015258789,7427,320.799987792969,105.199996948242,848,692,1
13.5200004577637,91,39.5999984741211,0.897000014781952,89.1999969482422,7850,311,105.199996948242,847,694,1
13.4200000762939,91,39.5999984741211,0.887000024318695,86.9000015258789,8354,313,105.300003051758,848,695,1
13.1800003051758,91,39.5999984741211,0.879999995231628,62.0999984741211,8296,325.600006103516,105.199996948242,846,696,1
13.6499996185303,91,39.5999984741211,0.811999976634979,45.2000007629395,8089,335.399993896484,105.199996948242,846,698,1
13.5,91,39.5999984741211,0.723999977111816,32,7886,332.5,105.900001525879,846,698,1
13.4899997711182,91,39.5999984741211,0.804000020027161,23.5,7620,310,105.699996948242,846,700,1
13.4799995422363,91,39.5999984741211,0.800000011920929,18.5,7282,306.100006103516,105.199996948242,846,702,1
13.4200000762939,91,39.5999984741211,0.788999974727631,17.5,7162,304.200012207031,105.300003051758,846,703,1
13.4200000762939,91,39.5999984741211,0.791999995708466,17.8999996185303,6862,288.5,105.199996948242,846,703,1
13.4700002670288,91,39.5999984741211,0.938000023365021,18.8999996185303,6525,286.600006103516,105.199996948242,846,704,1
13.5,90.9000015258789,39.5999984741211,1.16700005531311,19.7000007629395,6366,292.399993896484,105.199996948242,846,704,1
13.5,91,39.5999984741211,1.40900003910065,20.5,6222,293.399993896484,105.699996948242,846,704,1
13.3400001525879,90.9000015258789,39.5999984741211,1.58200001716614,21.1000003814697,6069,283.700012207031,105.699996948242,846,703,1
13.5,90.9000015258789,39.5999984741211,0.995999991893768,22.1000003814697,5925,292.399993896484,105.599998474121,845,702,1
13.5200004577637,90.9000015258789,39.5999984741211,0.925000011920929,23.2000007629395,5756,310,105.300003051758,844,701,1
13.2700004577637,90.9000015258789,39.5999984741211,0.907999992370605,26.3999996185303,5663,289.5,105.300003051758,843,700,1
13.5299997329712,90.9000015258789,39.5999984741211,0.920000016689301,31.6000003814697,5714,292.399993896484,105.199996948242,843,699,1
13.5500001907349,90.9000015258789,39.5999984741211,0.962000012397766,39.7000007629395,5819,292.399993896484,105.199996948242,843,699,1
13.539999961853,90.9000015258789,39.5,0.992999970912933,44.2999992370605,5680,304.200012207031,105.699996948242,843,698,1
13.4799995422363,90.9000015258789,39.5,0.98199999332428,53,5889,300.299987792969,105.699996948242,842,697,1
13.460000038147,90.9000015258789,39.5,0.959999978542328,58.2999992370605,5933,291.5,105.699996948242,843,696,1
13.6199998855591,90.9000015258789,39.5,0.941999971866608,63.2999992370605,5730,284.600006103516,105.300003051758,844,696,1
13.4799995422363,90.9000015258789,39.5,0.992999970912933,69.1999969482422,5776,276.799987792969,105.300003051758,845,696,1
13.539999961853,90.9000015258789,39.5,0.931999981403351,69.3000030517578,5992,306.100006103516,105.199996948242,846,696,1
13.6499996185303,90.8000030517578,39.5,0.944999992847443,67,6296,305.100006103516,105.300003051758,846,696,1
13.5699996948242,90.8000030517578,39.5999984741211,0.913999974727631,63.9000015258789,6354,279.700012207031,105.199996948242,846,696,1
13.6899995803833,90.8000030517578,39.5999984741211,0.898000001907349,61.5,6550,299.299987792969,105.900001525879,847,697,1
13.710000038147,90.8000030517578,39.5999984741211,0.907999992370605,57,6727,286.600006103516,105.599998474121,848,697,1
13.6300001144409,90.8000030517578,39.5999984741211,0.935000002384186,53.7999992370605,6610,293.399993896484,105.300003051758,849,698,1
13.539999961853,90.8000030517578,39.5999984741211,0.913999974727631,47,6791,287.600006103516,105.300003051758,849,698,1
13.4099998474121,90.8000030517578,39.5999984741211,0.934000015258789,45.7000007629395,6626,289.5,105.199996948242,849,698,1
13.7299995422363,90.8000030517578,39.5999984741211,0.944999992847443,43.2000007629395,6403,285.600006103516,105.300003051758,849,698,1
13.6599998474121,90.8000030517578,39.5999984741211,1.52499997615814,48.7000007629395,5125,281.700012207031,105.300003051758,850,700,2
13.6800003051758,90.8000030517578,39.5999984741211,1.1690000295639,53.5999984741211,5235,284.600006103516,105.900001525879,849,700,2
13.3599996566772,90.8000030517578,39.5999984741211,1.01900005340576,55,5240,279.700012207031,105.599998474121,850,700,2
13.7200002670288,90.6999969482422,39.5999984741211,0.935000002384186,55.0999984741211,5180,281.700012207031,105.300003051758,850,701,2
13.4300003051758,90.6999969482422,39.5999984741211,0.968999981880188,55.4000015258789,5198,282.700012207031,105.300003051758,850,701,2
13.4700002670288,90.6999969482422,39.5999984741211,0.959999978542328,56.5,5330,279.700012207031,105.300003051758,849,701,2
13.710000038147,90.6999969482422,39.5999984741211,0.958000004291534,57.4000015258789,5088,265.100006103516,105.300003051758,849,701,2
13.5299997329712,90.6999969482422,39.5999984741211,0.970000028610229,57.4000015258789,5195,286.600006103516,105.300003051758,850,702,2
13.4200000762939,90.6999969482422,39.5999984741211,0.970000028610229,58.5999984741211,5429,284.600006103516,105.900001525879,850,702,2
13.5,90.6999969482422,39.5999984741211,0.930000007152557,60.9000015258789,5372,277.799987792969,105.699996948242,848,702,2
13.3699998855591,90.6999969482422,39.5999984741211,0.896000027656555,74.3000030517578,5676,285.600006103516,105.599998474121,851,702,2
13.5799999237061,90.6999969482422,39.5999984741211,0.873000025749207,84.9000015258789,5917,289.5,105.599998474121,850,703,2
13.5,90.6999969482422,39.5999984741211,0.904999971389771,90.8000030517578,5661,287.600006103516,105.300003051758,850,702,2
13.4899997711182,90.6999969482422,39.5999984741211,0.883000016212463,92.5,5906,275.799987792969,105.599998474121,851,703,2
13.5,90.6999969482422,39.5999984741211,0.86599999666214,93.9000015258789,5912,273.899993896484,105.300003051758,851,704,2
13.4899997711182,90.6999969482422,39.5999984741211,0.860000014305115,93.9000015258789,6138,278.799987792969,105.300003051758,851,704,2
13.6300001144409,90.6999969482422,39.5999984741211,0.915000021457672,92.3000030517578,6253,310,105.900001525879,851,704,2
13.6499996185303,90.6999969482422,39.5999984741211,0.925999999046326,89.0999984741211,6635,304.200012207031,105.699996948242,851,705,2
13.6499996185303,90.6999969482422,39.5999984741211,0.921000003814697,85.5999984741211,6571,304.200012207031,105.599998474121,850,705,2
13.6400003433228,90.6999969482422,39.5999984741211,0.947000026702881,80.5999984741211,6864,305.100006103516,105.300003051758,851,705,2
13.4300003051758,90.5999984741211,39.7000007629395,0.949000000953674,82.8000030517578,7006,295.399993896484,105.300003051758,850,705,2
13.6899995803833,90.5999984741211,39.7000007629395,0.984000027179718,83,6977,311,105.300003051758,850,707,2
13.5299997329712,90.5999984741211,39.7000007629395,0.984000027179718,83.1999969482422,7048,295.399993896484,105.300003051758,849,708,2
13.6400003433228,90.5999984741211,39.7000007629395,0.964999973773956,79.3000030517578,7165,296.299987792969,105.699996948242,848,709,2
13.5799999237061,90.5999984741211,39.7000007629395,0.976000010967255,75.6999969482422,7288,309,105.900001525879,848,710,2
13.5799999237061,90.5999984741211,39.7000007629395,0.917999982833862,69.3000030517578,7388,314.899993896484,105.699996948242,848,712,2
13.5,90.5999984741211,39.7000007629395,0.966000020503998,62.2000007629395,7585,311,105.300003051758,848,712,2
13.6800003051758,90.5999984741211,39.7000007629395,0.936999976634979,60,7584,300.299987792969,105.300003051758,848,714,2
13.6700000762939,90.5999984741211,39.7000007629395,0.955999970436096,60.2000007629395,7467,310,105.599998474121,850,716,2
13.5600004196167,90.5999984741211,39.7000007629395,0.957000017166138,52.2000007629395,7458,311,105.599998474121,849,717,2
13.1800003051758,90.5999984741211,39.7000007629395,0.892000019550323,43.5999984741211,7449,310,105.300003051758,850,719,2
13.6899995803833,90.5999984741211,39.7000007629395,0.889999985694885,33.5999984741211,7309,311,106,849,721,2
13.6199998855591,90.5999984741211,39.7000007629395,0.882000029087067,26.2999992370605,7203,305.100006103516,105.900001525879,851,721,2
13.5799999237061,90.5999984741211,39.7000007629395,0.97299998998642,35,7171,303.200012207031,105.599998474121,851,722,2
13.1899995803833,90.5999984741211,39.7000007629395,0.957000017166138,36.5999984741211,7119,307.100006103516,105.599998474121,851,723,2
13.4399995803833,90.5999984741211,39.7000007629395,0.962000012397766,39,7063,303.200012207031,105.300003051758,851,724,2
13.7200002670288,90.5999984741211,39.7000007629395,0.931999981403351,40.5,7052,305.100006103516,105.599998474121,852,725,2
13.6899995803833,90.5999984741211,39.7000007629395,0.933000028133392,41.2999992370605,6992,306.100006103516,105.300003051758,853,725,2
13.6099996566772,90.5,39.7000007629395,0.920000016689301,41.7000007629395,7092,297.299987792969,105.900001525879,855,725,2
13.4700002670288,90.5,39.7000007629395,0.898000001907349,40.0999984741211,6930,290.5,105.900001525879,855,725,2
13.4700002670288,90.5,39.7000007629395,0.958000004291534,44.2999992370605,6787,300.299987792969,105.599998474121,855,726,2
13.6400003433228,90.5,39.5999984741211,0.917999982833862,45,6740,304.200012207031,105.599998474121,856,726,2
13.5799999237061,90.5,39.5999984741211,0.991999983787537,47.5999984741211,6756,296.299987792969,105.599998474121,857,726,2
13.6999998092651,90.5,39.5999984741211,0.889999985694885,41.5999984741211,6621,304.200012207031,105.599998474121,858,727,2
13.5699996948242,90.5,39.5999984741211,0.954999983310699,36.2999992370605,6721,307.100006103516,105.300003051758,859,727,2
13.6899995803833,90.5,39.5999984741211,0.898000001907349,27,6540,306.100006103516,105.300003051758,859,727,2
13.6099996566772,90.5,39.5999984741211,0.874000012874603,22.1000003814697,6406,293.399993896484,106,859,727,2
13.6000003814697,90.5,39.5999984741211,0.882000029087067,21.3999996185303,6352,305.100006103516,105.699996948242,860,727,2
13.6899995803833,90.5,39.5999984741211,0.882000029087067,21.1000003814697,6305,301.200012207031,105.599998474121,861,727,2
13.5900001525879,90.5,39.5999984741211,0.875999987125397,23.1000003814697,6160,304.200012207031,105.599998474121,861,727,2
13.3000001907349,90.5,39.5999984741211,0.907000005245209,29.7999992370605,6171,314.899993896484,105.300003051758,862,726,2
13.6499996185303,90.5,39.5999984741211,0.986999988555908,37.2000007629395,6349,297.299987792969,105.599998474121,862,724,2
13.6000003814697,90.5,39.5999984741211,0.902999997138977,56.0999984741211,6416,297.299987792969,105.599998474121,863,724,2
13.5200004577637,90.5,39.5999984741211,0.986999988555908,78.1999969482422,6483,318.799987792969,105.699996948242,863,724,2
13.5500001907349,90.5,39.5,0.88400000333786,84.6999969482422,6712,298.299987792969,106,864,723,2
13.5,90.5,39.5,0.903999984264374,88.8000030517578,6649,315.899993896484,105.699996948242,865,722,2
13.5900001525879,90.5,39.5,0.930000007152557,90.5999984741211,6884,298.299987792969,105.599998474121,865,722,2
13.5,90.4000015258789,39.5,0.896000027656555,92,6718,297.299987792969,105.300003051758,865,721,2
13.7299995422363,90.4000015258789,39.5,0.890999972820282,91.0999984741211,6734,311,105.599998474121,865,721,2
13.4200000762939,90.4000015258789,39.5,0.943000018596649,91.0999984741211,7132,309,105.599998474121,865,721,2
13.5,90.4000015258789,39.5,0.91100001335144,90.9000015258789,7204,317.799987792969,105.599998474121,866,721,2
13.25,90.4000015258789,39.5999984741211,0.930999994277954,90.5,7631,315.899993896484,106,866,722,2
13.5799999237061,90.4000015258789,39.5999984741211,0.890999972820282,88.5999984741211,7776,313.899993896484,106,865,722,2
13.6499996185303,90.4000015258789,39.5999984741211,0.916999995708466,89.5,7706,313.899993896484,105.699996948242,865,723,2
13.5500001907349,90.4000015258789,39.5999984741211,0.898000001907349,86.8000030517578,8210,300.299987792969,105.599998474121,865,725,2
13.3999996185303,90.4000015258789,39.5999984741211,0.892000019550323,87.3000030517578,8314,317.799987792969,105.300003051758,864,726,2
13.6499996185303,90.4000015258789,39.5999984741211,0.89300000667572,85.8000030517578,8326,338.299987792969,105.599998474121,865,727,2
13.5900001525879,90.4000015258789,39.5999984741211,0.896000027656555,85.3000030517578,8465,320.799987792969,105.599998474121,865,727,2
13.4399995803833,90.4000015258789,39.5999984741211,0.896000027656555,84.3000030517578,8629,308.100006103516,106,865,728,2
13.4200000762939,90.4000015258789,39.5999984741211,0.86599999666214,56,8290,324.700012207031,105.900001525879,863,729,2
13.2700004577637,90.4000015258789,39.5999984741211,0.726000010967255,28.2000007629395,7872,320.799987792969,105.699996948242,864,730,2
13.4200000762939,90.3000030517578,39.5999984741211,0.745000004768372,20.2999992370605,7432,313.899993896484,105.599998474121,864,733,2
13.5600004196167,90.3000030517578,39.5999984741211,0.773000001907349,19,6997,305.100006103516,105.599998474121,864,734,2
13.5200004577637,90.3000030517578,39.5999984741211,0.813000023365021,19.1000003814697,6571,297.299987792969,105.599998474121,863,734,2
13.4399995803833,90.3000030517578,39.5999984741211,0.833000004291534,20.5,6211,294.399993896484,105.599998474121,863,734,2
13.3800001144409,90.3000030517578,39.5999984741211,0.869000017642975,21.6000003814697,5871,299.299987792969,105.699996948242,863,734,2
13.4499998092651,90.3000030517578,39.5999984741211,0.869000017642975,23.2000007629395,5799,294.399993896484,106,863,734,2
13.5799999237061,90.3000030517578,39.5999984741211,0.892000019550323,28.3999996185303,5753,289.5,105.900001525879,863,734,2
13.3999996185303,90.3000030517578,39.5999984741211,0.871999979019165,36.0999984741211,5982,302.200012207031,105.699996948242,862,732,2
13.5600004196167,90.3000030517578,39.5999984741211,0.882000029087067,47,6162,301.200012207031,105.599998474121,862,731,2
13.5,90.3000030517578,39.5999984741211,0.943000018596649,51.5999984741211,6260,284.600006103516,105.599998474121,862,731,2
13.460000038147,90.3000030517578,39.5999984741211,0.982999980449677,59.7000007629395,6029,298.299987792969,105.599998474121,862,729,2
13.6700000762939,90.3000030517578,39.5999984741211,0.96399998664856,57.7000007629395,6039,304.200012207031,105.199996948242,863,728,2
13.5799999237061,90.3000030517578,39.5999984741211,0.97299998998642,62.5999984741211,6227,282.700012207031,106,863,727,2
13.6099996566772,90.3000030517578,39.5,0.939000010490417,69.4000015258789,6485,306.100006103516,105.900001525879,863,726,2
13.2700004577637,90.3000030517578,39.5,0.943000018596649,80.9000015258789,6610,294.399993896484,105.599998474121,864,725,2
13.5799999237061,90.3000030517578,39.5,0.944000005722046,85.9000015258789,6439,288.5,105.599998474121,864,725,2
13.4899997711182,90.3000030517578,39.5,0.927999973297119,89.5,6620,304.200012207031,105.599998474121,864,725,2
13.5,90.3000030517578,39.5,0.889999985694885,89.6999969482422,6785,308.100006103516,105.599998474121,864,725,2
13.3699998855591,90.3000030517578,39.5,0.936999976634979,89.9000015258789,7024,294.399993896484,105.300003051758,865,725,2
13.4499998092651,90.3000030517578,39.5,0.906000018119812,89.5999984741211,7349,293.399993896484,105.699996948242,864,725,2
13.6400003433228,90.3000030517578,39.5,0.906000018119812,90.0999984741211,7308,294.399993896484,105.900001525879,864,726,2
13.4399995803833,90.3000030517578,39.5,0.916000008583069,91,7360,300.299987792969,105.699996948242,865,727,2
13.5200004577637,90.3000030517578,39.5999984741211,0.903999984264374,89.4000015258789,7426,304.200012207031,105.599998474121,865,727,2
13.5900001525879,90.3000030517578,39.5999984741211,0.915000021457672,89.3000030517578,7423,310,105.699996948242,865,727,2
13.5,90.3000030517578,39.5999984741211,0.90200001001358,89.4000015258789,7791,310,105.599998474121,863,729,2
13.4300003051758,90.3000030517578,39.5999984741211,0.904999971389771,88.5999984741211,8002,314.899993896484,105.599998474121,863,729,2
13.4200000762939,90.3000030517578,39.5999984741211,0.896000027656555,87.4000015258789,8125,317.799987792969,105.699996948242,863,730,2
13.3299999237061,90.3000030517578,39.5999984741211,0.89300000667572,86.5,8112,329.600006103516,106,862,732,2
13.6499996185303,90.3000030517578,39.5999984741211,0.883000016212463,86.5999984741211,8303,335.399993896484,105.900001525879,863,733,2
13.5699996948242,90.3000030517578,39.5999984741211,0.90200001001358,84.9000015258789,8468,331.5,105.599998474121,862,733,2
13.3900003433228,90.3000030517578,39.5999984741211,0.88400000333786,85.0999984741211,8621,318.799987792969,105.599998474121,862,734,2
13.5500001907349,90.3000030517578,39.5999984741211,0.882000029087067,84.9000015258789,9062,315.899993896484,105.599998474121,862,736,2
13.5,90.3000030517578,39.5999984741211,0.843999981880188,84.8000030517578,8979,335.399993896484,105.599998474121,862,737,2
13.3299999237061,90.3000030517578,39.5999984741211,0.856000006198883,83.5,9232,313,105.599998474121,862,739,2
13.5200004577637,90.3000030517578,39.5999984741211,0.847000002861023,50.2000007629395,8468,329.600006103516,105.699996948242,862,740,2
13.4899997711182,90.3000030517578,39.5999984741211,0.708999991416931,26.6000003814697,7976,319.799987792969,106,862,741,2
13.210000038147,90.3000030517578,39.5999984741211,0.762000024318695,21,7497,310,105.900001525879,860,741,2
13.3900003433228,90.3000030517578,39.5999984741211,0.820999979972839,21.3999996185303,6945,301.200012207031,105.699996948242,860,742,2
13.6400003433228,90.3000030517578,39.5999984741211,0.88400000333786,22.7999992370605,6621,297.299987792969,105.599998474121,861,742,2
13.6300001144409,90.3000030517578,39.5999984741211,0.921999990940094,22.1000003814697,6042,307.100006103516,105.599998474121,860,742,2
13.6300001144409,90.3000030517578,39.5999984741211,0.887000024318695,24,5591,278.799987792969,105.599998474121,859,742,1
13.5699996948242,90.3000030517578,39.5999984741211,1.00499999523163,27.6000003814697,5404,284.600006103516,105.599998474121,859,742,1
13.6300001144409,90.3000030517578,39.5999984741211,1.36000001430511,29,5162,274.899993896484,106,860,740,1
13.6599998474121,90.3000030517578,39.5999984741211,1.69700002670288,29.6000003814697,5122,281.700012207031,105.900001525879,859,739,1
13.5200004577637,90.3000030517578,39.5999984741211,2.01200008392334,31,5155,278.799987792969,105.699996948242,859,739,1
13.6999998092651,90.3000030517578,39.5,1.28199994564056,32.4000015258789,4881,268,105.599998474121,860,738,1
13.460000038147,90.3000030517578,39.5,1.03799998760223,33.9000015258789,4616,257.299987792969,105.599998474121,857,736,1
13.6499996185303,90.3000030517578,39.5,1.05200004577637,34.5,4401,257.299987792969,105.599998474121,855,733,1
13.5500001907349,90.3000030517578,39.5,1.07299995422363,35,4278,245.600006103516,105.599998474121,854,731,1
13.5299997329712,90.3000030517578,39.5,1.12999999523163,35.7000007629395,4059,242.600006103516,105.300003051758,852,729,1
13.3299999237061,90.3000030517578,39.5,1.12000000476837,35.5999984741211,4061,237.800003051758,106,852,729,1
13.5,90.3000030517578,39.5,0.976000010967255,36.2000007629395,3915,230.899993896484,105.900001525879,852,728,1
13.539999961853,90.1999969482422,39.5,0.920000016689301,37.7000007629395,3743,228,105.699996948242,851,726,1
13.4899997711182,90.3000030517578,39.4000015258789,0.910000026226044,38.5999984741211,3708,230.899993896484,105.599998474121,851,724,1
13.4700002670288,90.3000030517578,39.4000015258789,0.935000002384186,40.2999992370605,3541,226,105.599998474121,851,723,1
13.6000003814697,90.3000030517578,39.4000015258789,0.944999992847443,41.7000007629395,3590,229,105.300003051758,852,722,1
13.4799995422363,90.3000030517578,39.4000015258789,0.949999988079071,43.0999984741211,3365,224.100006103516,105.300003051758,852,720,1
13.6199998855591,90.3000030517578,39.4000015258789,0.915000021457672,44,3497,222.100006103516,105.599998474121,852,720,1
13.5799999237061,90.3000030517578,39.4000015258789,0.91100001335144,43.5,3644,224.100006103516,106,853,719,1
13.6499996185303,90.3000030517578,39.4000015258789,0.898000001907349,43.2000007629395,3573,216.300003051758,105.699996948242,853,718,1
13.4899997711182,90.3000030517578,39.4000015258789,0.890999972820282,43.0999984741211,3471,208.5,105.599998474121,854,717,1
13.5799999237061,90.3000030517578,39.4000015258789,0.902999997138977,44.4000015258789,3533,212.399993896484,105.599998474121,854,715,1
13.4700002670288,90.3000030517578,39.4000015258789,0.897000014781952,43.9000015258789,3553,212.399993896484,105.599998474121,853,714,1
13.4499998092651,90.3000030517578,39.4000015258789,0.913999974727631,47.5999984741211,3543,214.300003051758,105.599998474121,853,714,1
13.6199998855591,90.3000030517578,39.4000015258789,0.897000014781952,48.9000015258789,3727,221.199996948242,105.599998474121,854,713,1
13.6000003814697,90.3000030517578,39.4000015258789,0.898000001907349,48.2999992370605,3803,231.899993896484,106,853,711,1
13.6800003051758,90.3000030517578,39.4000015258789,0.889999985694885,50.5999984741211,3815,226,105.900001525879,853,710,1
13.2399997711182,90.3000030517578,39.4000015258789,0.890999972820282,50.5,4005,235.800003051758,105.599998474121,852,709,1
13.5699996948242,90.3000030517578,39.4000015258789,0.896000027656555,59.4000015258789,3902,235.800003051758,105.599998474121,853,708,1
13.6099996566772,90.3000030517578,39.4000015258789,0.894999980926514,60.5999984741211,4006,237.800003051758,105.599998474121,852,708,1
13.4300003051758,90.3000030517578,39.4000015258789,0.916999995708466,66.9000015258789,4109,234.800003051758,105.300003051758,852,707,1
13.5,90.4000015258789,39.4000015258789,0.994000017642975,77.8000030517578,4327,252.399993896484,105.300003051758,851,706,1
13.5900001525879,90.4000015258789,39.4000015258789,0.945999979972839,84.8000030517578,4559,240.699996948242,106,851,705,1
13.6400003433228,90.4000015258789,39.4000015258789,0.890999972820282,89.8000030517578,5014,264.100006103516,106,851,704,1
13.5799999237061,90.4000015258789,39.4000015258789,0.896000027656555,91.1999969482422,5179,276.799987792969,105.699996948242,851,704,1
13.6000003814697,90.4000015258789,39.4000015258789,0.943000018596649,94.9000015258789,5401,281.700012207031,105.599998474121,850,704,1
13.460000038147,90.4000015258789,39.4000015258789,0.889999985694885,94.6999969482422,5422,287.600006103516,105.599998474121,850,704,1
13.5799999237061,90.4000015258789,39.4000015258789,0.856000006198883,95.9000015258789,5566,289.5,105.599998474121,850,704,1
13.3400001525879,90.4000015258789,39.4000015258789,0.870999991893768,95.1999969482422,5913,274.899993896484,105.599998474121,849,704,1
13.5799999237061,90.4000015258789,39.4000015258789,0.890999972820282,94,5753,289.5,105.699996948242,848,704,1
13.5299997329712,90.4000015258789,39.5,0.89300000667572,93.9000015258789,6143,290.5,106,848,704,1
13.4399995803833,90.4000015258789,39.5,0.930000007152557,92.6999969482422,6571,315.899993896484,105.699996948242,848,704,1
13.5,90.4000015258789,39.5,0.924000024795532,80.8000030517578,6846,325.600006103516,105.699996948242,847,705,1
13.5200004577637,90.4000015258789,39.5,0.83899998664856,45.5,6592,306.100006103516,105.599998474121,847,706,1
13.5,90.4000015258789,39.5,0.773000001907349,28.1000003814697,6480,313.899993896484,105.599998474121,847,706,1
13.4399995803833,90.4000015258789,39.5,0.847000002861023,22.6000003814697,6202,306.100006103516,105.599998474121,847,707,1
13.1000003814697,90.4000015258789,39.5,0.85699999332428,22.5,5768,284.600006103516,105.599998474121,846,708,1
13.2700004577637,90.4000015258789,39.5,0.846000015735626,23.7000007629395,5489,288.5,106,846,708,1
13.5500001907349,90.4000015258789,39.5,0.832000017166138,26.3999996185303,5282,271,106,844,709,1
13.4899997711182,90.4000015258789,39.5,0.842999994754791,28.1000003814697,5261,279.700012207031,105.699996948242,844,709,1
13.5500001907349,90.4000015258789,39.5,0.834999978542328,29.2999992370605,5256,272.899993896484,105.699996948242,845,709,1
13.3999996185303,90.4000015258789,39.5,0.828000009059906,30.1000003814697,5176,271,105.599998474121,844,708,1
13.6999998092651,90.4000015258789,39.5,0.818000018596649,31.3999996185303,5046,267.100006103516,105.599998474121,844,707,1
13.5900001525879,90.4000015258789,39.5,0.810999989509583,32.7000007629395,4929,271.899993896484,105.599998474121,844,705,1
13.6599998474121,90.4000015258789,39.4000015258789,0.809000015258789,50.5,5102,270,105.599998474121,845,705,1
13.4799995422363,90.4000015258789,39.4000015258789,0.879999995231628,46.5,5441,284.600006103516,106.099998474121,845,705,1
13.5500001907349,90.4000015258789,39.4000015258789,0.885999977588654,58.9000015258789,5702,285.600006103516,105.699996948242,845,703,1
13.7299995422363,90.4000015258789,39.4000015258789,0.832000017166138,55.0999984741211,5393,277.799987792969,105.699996948242,845,701,1
13.6800003051758,90.4000015258789,39.4000015258789,0.874000012874603,64.0999984741211,5277,282.700012207031,105.599998474121,846,701,1
13.5799999237061,90.4000015258789,39.4000015258789,0.970000028610229,76.6999969482422,5352,263.100006103516,105.599998474121,846,700,1
13.6400003433228,90.4000015258789,39.4000015258789,0.940999984741211,89.5999984741211,5490,285.600006103516,105.599998474121,846,699,1
13.710000038147,90.4000015258789,39.4000015258789,0.912000000476837,86.8000030517578,5480,268,105.599998474121,846,699,1
13.4799995422363,90.3000030517578,39.4000015258789,0.940999984741211,88.9000015258789,6325,280.700012207031,106.099998474121,846,699,1
13.5600004196167,90.3000030517578,39.4000015258789,0.879000008106232,81.3000030517578,5918,299.299987792969,105.900001525879,846,699,1
13.6700000762939,90.3000030517578,39.4000015258789,0.955999970436096,80.3000030517578,6428,294.399993896484,105.699996948242,846,699,1
13.6199998855591,90.3000030517578,39.4000015258789,0.978999972343445,78,6550,310,105.699996948242,845,699,1
13.3699998855591,90.3000030517578,39.4000015258789,0.930000007152557,76.4000015258789,6359,289.5,105.599998474121,845,699,1
13.5799999237061,90.3000030517578,39.4000015258789,0.879000008106232,70.4000015258789,6949,312,105.599998474121,845,700,1
13.5,90.3000030517578,39.4000015258789,0.824999988079071,39.9000015258789,6355,292.399993896484,105.699996948242,846,701,1
13.5900001525879,90.3000030517578,39.4000015258789,0.828000009059906,26.5,6282,305.100006103516,106.099998474121,846,701,1
13.4799995422363,90.3000030517578,39.4000015258789,0.870999991893768,23.3999996185303,5858,299.299987792969,106,845,703,1
13.5600004196167,90.3000030517578,39.4000015258789,0.865000009536743,23.8999996185303,5558,283.700012207031,105.699996948242,845,703,1
13.4200000762939,90.3000030517578,39.4000015258789,0.860000014305115,25.3999996185303,5350,281.700012207031,105.699996948242,844,704,1
13.3400001525879,90.1999969482422,39.4000015258789,0.837999999523163,27.2000007629395,5206,282.700012207031,105.699996948242,844,704,1
13.4700002670288,90.1999969482422,39.4000015258789,0.825999975204468,32.0999984741211,5252,284.600006103516,105.699996948242,844,704,1
13.6400003433228,90.1999969482422,39.4000015258789,0.869000017642975,36.0999984741211,5366,295.399993896484,105.699996948242,845,704,1
13.6000003814697,90.1999969482422,39.4000015258789,0.889999985694885,37.9000015258789,4995,270,105.900001525879,844,703,1
13.6400003433228,90.1999969482422,39.4000015258789,0.89300000667572,41.2999992370605,5036,270,106.099998474121,845,702,1
13.6499996185303,90.1999969482422,39.4000015258789,0.945999979972839,49.9000015258789,5054,272.899993896484,105.900001525879,845,702,1
13.4200000762939,90.1999969482422,39.4000015258789,0.971000015735626,53.2000007629395,5070,266.100006103516,105.699996948242,846,701,1
13.7700004577637,90.1999969482422,39.4000015258789,0.958999991416931,54.4000015258789,5214,275.799987792969,105.900001525879,847,700,1
13.6800003051758,90.1999969482422,39.4000015258789,0.967999994754791,60.2000007629395,5056,272.899993896484,105.699996948242,847,699,1
13.7200002670288,90.1999969482422,39.4000015258789,0.989000022411346,66.4000015258789,5303,280.700012207031,105.699996948242,847,699,1
13.6300001144409,90.1999969482422,39.4000015258789,0.968999981880188,65,5441,278.799987792969,105.699996948242,848,699,1
13.6499996185303,90.1999969482422,39.4000015258789,0.925999999046326,63.5999984741211,5766,282.700012207031,106.099998474121,849,699,1
13.6499996185303,90.1999969482422,39.4000015258789,0.907999992370605,61.2000007629395,5756,300.299987792969,106,850,699,1
13.5799999237061,90.1999969482422,39.4000015258789,0.888000011444092,58.4000015258789,5830,295.399993896484,105.900001525879,851,700,1
13.5,90.1999969482422,39.4000015258789,0.925999999046326,58.5,6024,294.399993896484,105.699996948242,851,700,1
13.5799999237061,90.1999969482422,39.4000015258789,0.930999994277954,57.5999984741211,6191,308.100006103516,105.699996948242,851,700,1
13.2600002288818,90.1999969482422,39.4000015258789,0.902999997138977,57.5999984741211,6415,295.399993896484,105.699996948242,851,700,1
13.4899997711182,90.1999969482422,39.4000015258789,0.948000013828278,58.7000007629395,6430,305.100006103516,105.699996948242,851,700,1
13.4700002670288,90.1999969482422,39.4000015258789,0.958000004291534,61.7000007629395,6233,293.399993896484,105.699996948242,852,700,1
13.5299997329712,90.1999969482422,39.4000015258789,0.980000019073486,67.9000015258789,6382,311,106.099998474121,852,701,1
13.5600004196167,90.1999969482422,39.4000015258789,0.912000000476837,72.3000030517578,6466,305.100006103516,106,852,701,1
13.3500003814697,90.1999969482422,39.4000015258789,0.976999998092651,79.1999969482422,6643,313,105.699996948242,853,702,1
13.6199998855591,90.1999969482422,39.4000015258789,0.934000015258789,85.3000030517578,7004,326.600006103516,105.699996948242,853,703,1
13.5200004577637,90.0999984741211,39.4000015258789,0.968999981880188,87.0999984741211,7346,319.799987792969,105.699996948242,853,703,1
13.4700002670288,90.1999969482422,39.4000015258789,0.949999988079071,89,7795,338.299987792969,105.699996948242,853,703,1
13.5100002288818,90.0999984741211,39.4000015258789,0.907000005245209,87,7935,314.899993896484,105.699996948242,854,705,1
13.4300003051758,90.1999969482422,39.4000015258789,0.898000001907349,87.4000015258789,8277,315.899993896484,106.099998474121,854,705,1
13.4200000762939,90.1999969482422,39.4000015258789,0.876999974250793,59.5,8288,320.799987792969,106.099998474121,854,708,1
13.3500003814697,90.1999969482422,39.4000015258789,0.723999977111816,28.7999992370605,7894,309,105.900001525879,854,709,1
13.3999996185303,90.1999969482422,39.4000015258789,0.751999974250793,20.7000007629395,7630,307.100006103516,105.900001525879,855,709,1
13.4300003051758,90.0999984741211,39.4000015258789,0.791999995708466,18.8999996185303,7173,302.200012207031,105.699996948242,855,711,1
13.5500001907349,90.1999969482422,39.4000015258789,0.804000020027161,19.2000007629395,6836,304.200012207031,105.699996948242,856,712,1
13.4399995803833,90.1999969482422,39.4000015258789,0.833000004291534,19.2999992370605,6569,300.299987792969,105.900001525879,855,714,1
13.4899997711182,90.1999969482422,39.4000015258789,0.853999972343445,19.2999992370605,6362,299.299987792969,105.699996948242,855,714,1
13.2399997711182,90.1999969482422,39.4000015258789,0.848999977111816,20.7999992370605,6018,294.399993896484,106.400001525879,855,715,1
13.5,90.1999969482422,39.4000015258789,0.878000020980835,22.7999992370605,5849,293.399993896484,106,856,714,1
13.5200004577637,90.1999969482422,39.4000015258789,0.887000024318695,25.2000007629395,5567,288.5,105.900001525879,856,713,1
13.5200004577637,90.1999969482422,39.4000015258789,0.885999977588654,27.1000003814697,5496,288.5,105.699996948242,856,713,1
12.9899997711182,90.1999969482422,39.4000015258789,0.86599999666214,28.7999992370605,5390,285.600006103516,105.699996948242,856,712,1
13.539999961853,90.1999969482422,39.2999992370605,0.852999985218048,30.7000007629395,5356,285.600006103516,105.900001525879,856,710,1
13.5299997329712,90.1999969482422,39.2999992370605,0.837000012397766,43.0999984741211,5640,289.5,105.699996948242,856,709,1
13.6499996185303,90.1999969482422,39.2999992370605,0.894999980926514,56.7000007629395,5650,289.5,106.400001525879,858,708,1
13.4700002670288,90.1999969482422,39.2999992370605,0.907000005245209,63.2999992370605,5367,271,106,858,708,1
13.3299999237061,90.1999969482422,39.2999992370605,0.915000021457672,64.0999984741211,5725,285.600006103516,105.699996948242,858,706,1
13.6400003433228,90.1999969482422,39.2999992370605,0.904999971389771,59.7000007629395,5713,295.399993896484,105.900001525879,859,705,1
13.5799999237061,90.1999969482422,39.2999992370605,0.897000014781952,57.2000007629395,5889,294.399993896484,105.900001525879,859,704,1
13.539999961853,90.1999969482422,39.2999992370605,0.910000026226044,47.0999984741211,5977,297.299987792969,105.900001525879,859,703,1
13.4499998092651,90.1999969482422,39.2999992370605,0.887000024318695,38.2999992370605,6063,287.600006103516,106.099998474121,859,703,1
13.5799999237061,90.1999969482422,39.2999992370605,0.892000019550323,31.5,5837,294.399993896484,106.400001525879,859,703,1
13.6000003814697,90.0999984741211,39.2999992370605,0.850000023841858,27.2999992370605,5686,277.799987792969,106,859,703,1
13.5600004196167,90.1999969482422,39.2999992370605,0.884999990463257,27.2999992370605,5676,303.200012207031,105.900001525879,859,703,1
13.5900001525879,90.1999969482422,39.2999992370605,0.861000001430511,27.5,5548,296.299987792969,105.900001525879,859,702,1
13.5799999237061,90.1999969482422,39.2999992370605,0.878000020980835,28.2999992370605,5486,287.600006103516,105.900001525879,859,702,1
13.460000038147,90.1999969482422,39.2999992370605,0.859000027179718,29.6000003814697,5408,292.399993896484,105.900001525879,859,701,1
13.5200004577637,90.1999969482422,39.2999992370605,0.843999981880188,32,5484,292.399993896484,105.900001525879,859,700,1
13.4200000762939,90.1999969482422,39.2999992370605,0.874000012874603,36.5,5658,285.600006103516,106.400001525879,859,699,1
13.5900001525879,90.1999969482422,39.2999992370605,0.908999979496002,43,5594,289.5,106.099998474121,859,699,1
13.6199998855591,90.1999969482422,39.2999992370605,0.913999974727631,50,5885,287.600006103516,105.900001525879,860,698,1
13.539999961853,90.1999969482422,39.2999992370605,0.952000021934509,59.2000007629395,5356,287.600006103516,105.699996948242,861,697,1
13.5200004577637,90.0999984741211,39.2999992370605,0.948000013828278,62.7999992370605,5265,278.799987792969,105.900001525879,860,697,1
13.6499996185303,90.0999984741211,39.2999992370605,0.910000026226044,66.9000015258789,5409,282.700012207031,105.900001525879,861,696,1
13.6199998855591,90.0999984741211,39.2999992370605,0.949999988079071,59.7999992370605,5496,292.399993896484,105.900001525879,861,695,1
13.6499996185303,90.0999984741211,39.2999992370605,0.885999977588654,51.7999992370605,5899,278.799987792969,106.099998474121,862,695,1
13.6099996566772,90.0999984741211,39.2999992370605,0.887000024318695,42.7999992370605,5889,271,106.400001525879,862,695,1
13.5100002288818,90.0999984741211,39.2999992370605,0.888999998569489,35.2999992370605,5700,292.399993896484,106,862,695,1
13.539999961853,90.0999984741211,39.2999992370605,0.889999985694885,31.1000003814697,5626,282.700012207031,105.900001525879,861,696,1
13.6300001144409,90.0999984741211,39.2999992370605,0.892000019550323,31.8999996185303,5353,280.700012207031,105.900001525879,862,695,1
13.4700002670288,90.0999984741211,39.2999992370605,0.86599999666214,30.7000007629395,5243,283.700012207031,105.900001525879,862,695,1
13.4700002670288,90.0999984741211,39.2999992370605,0.810000002384186,30.7999992370605,5225,279.700012207031,105.699996948242,862,695,1
13.4300003051758,90.0999984741211,39.2999992370605,0.813000023365021,30.8999996185303,5292,289.5,105.900001525879,862,695,1
13.6000003814697,90.0999984741211,39.2999992370605,0.819000005722046,32.0999984741211,5237,279.700012207031,106.5,862,695,1
13.6499996185303,90.0999984741211,39.2999992370605,0.818000018596649,40.2000007629395,5411,282.700012207031,106.400001525879,862,694,1
13.710000038147,90.0999984741211,39.2999992370605,0.892000019550323,45.0999984741211,5479,294.399993896484,106,862,693,1
13.5299997329712,90,39.2999992370605,0.889999985694885,44.5999984741211,5809,290.5,105.900001525879,862,693,1
13.5500001907349,90,39.2999992370605,0.889999985694885,42.5999984741211,5762,279.700012207031,105.900001525879,862,691,1
13.5500001907349,90,39.2999992370605,0.88400000333786,46.7000007629395,5010,264.100006103516,105.900001525879,862,691,1
13.6400003433228,90,39.2999992370605,0.945999979972839,50.5,4913,275.799987792969,105.900001525879,862,691,1
13.5,90,39.2999992370605,0.96399998664856,44.7999992370605,4759,259.200012207031,105.900001525879,862,690,1
13.6999998092651,90,39.2999992370605,0.896000027656555,39.5,4821,261.200012207031,106.400001525879,862,690,1
13.6499996185303,90,39.2999992370605,0.86599999666214,36.9000015258789,4788,259.200012207031,106.099998474121,861,690,1
13.6300001144409,90,39.2999992370605,0.847000002861023,47.2999992370605,4885,262.200012207031,106,862,690,1
13.6199998855591,90,39.2999992370605,0.903999984264374,48.9000015258789,5303,287.600006103516,105.900001525879,862,690,1
13.6499996185303,90,39.2999992370605,0.906000018119812,56,5171,269,105.900001525879,862,690,1
13.6400003433228,90,39.2999992370605,0.976000010967255,57.0999984741211,5282,278.799987792969,105.900001525879,863,690,1
13.4799995422363,90,39.2999992370605,0.899999976158142,67.5,5537,292.399993896484,106,863,690,1
13.4799995422363,90,39.2999992370605,0.908999979496002,83.5999984741211,5839,280.700012207031,106.5,863,689,1
13.8299999237061,89.9000015258789,39.2999992370605,0.864000022411346,83.1999969482422,5951,297.299987792969,106.400001525879,864,690,1
13.7299995422363,89.9000015258789,39.2999992370605,0.894999980926514,89.4000015258789,6404,295.399993896484,106,863,690,1
13.6499996185303,89.9000015258789,39.2999992370605,0.879999995231628,91.5,6564,314.899993896484,105.900001525879,862,690,1
13.8299999237061,89.9000015258789,39.2999992370605,0.871999979019165,91.9000015258789,6645,314.899993896484,105.900001525879,862,690,1
13.7299995422363,89.9000015258789,39.2999992370605,0.907000005245209,87.9000015258789,7388,299.299987792969,105.900001525879,862,691,1
13.960000038147,89.9000015258789,39.2999992370605,0.935999989509583,89.8000030517578,7199,318.799987792969,106,863,691,1
13.5,89.9000015258789,39.2999992370605,0.89300000667572,90.5999984741211,7815,312,106,863,693,1
13.710000038147,89.9000015258789,39.4000015258789,0.894999980926514,86.1999969482422,8091,312,106.5,861,694,1
13.8199996948242,89.9000015258789,39.4000015258789,0.889999985694885,85.5999984741211,8476,318.799987792969,106,860,696,1
13.6499996185303,89.9000015258789,39.4000015258789,0.859000027179718,83,9451,330.5,106,860,696,1
13.789999961853,89.9000015258789,39.4000015258789,0.833999991416931,80.0999984741211,9963,327.600006103516,106,861,698,1
13.8100004196167,89.9000015258789,39.4000015258789,0.796000003814697,69.1999969482422,8870,334.399993896484,106,861,698,1
13.8100004196167,89.9000015258789,39.4000015258789,0.716000020503998,30.7999992370605,7756,319.799987792969,106,860,699,1
13.7299995422363,89.9000015258789,39.4000015258789,0.717000007629395,19.3999996185303,7484,317.799987792969,106.400001525879,859,702,1
13.5799999237061,89.9000015258789,39.4000015258789,0.759999990463257,17,6962,296.299987792969,106.400001525879,858,704,1
13.8699998855591,89.9000015258789,39.4000015258789,0.949999988079071,17.6000003814697,6467,299.299987792969,106.099998474121,858,705,1
13.6999998092651,89.9000015258789,39.4000015258789,1.22300004959106,19.2000007629395,6248,294.399993896484,106,857,705,1
13.4700002670288,89.9000015258789,39.4000015258789,1.42299997806549,20.5,6027,283.700012207031,106,857,706,1
13.5200004577637,89.9000015258789,39.4000015258789,1.65199995040894,21.8999996185303,6175,292.399993896484,105.900001525879,857,705,1
13.9499998092651,89.9000015258789,39.4000015258789,1.00699996948242,26,6151,301.200012207031,106,856,705,1
13.8500003814697,89.9000015258789,39.4000015258789,1.00999999046326,31.8999996185303,6296,298.299987792969,106,854,704,1
13.9399995803833,89.9000015258789,39.4000015258789,1.01600003242493,40.5,6444,298.299987792969,106.5,852,704,1
13.4799995422363,89.9000015258789,39.4000015258789,0.976999998092651,46.5999984741211,6549,302.200012207031,106.400001525879,851,703,1
14.0100002288818,89.9000015258789,39.4000015258789,0.919000029563904,59.5999984741211,6504,285.600006103516,106.099998474121,851,703,1
13.4899997711182,89.9000015258789,39.4000015258789,0.955999970436096,62.5,7126,313.899993896484,106,849,703,1
13.8299999237061,89.9000015258789,39.4000015258789,1.00899994373322,84.5999984741211,6708,299.299987792969,106,849,703,1
13.8100004196167,89.8000030517578,39.2999992370605,0.943000018596649,81.5999984741211,7111,315.899993896484,106,849,702,1
13.8800001144409,89.9000015258789,39.2999992370605,0.995999991893768,89.5999984741211,7376,314.899993896484,106,849,702,1
13.8400001525879,89.9000015258789,39.2999992370605,0.919000029563904,88.0999984741211,7872,326.600006103516,106.400001525879,849,703,1
13.8599996566772,89.9000015258789,39.2999992370605,0.894999980926514,87.8000030517578,7907,328.600006103516,106.5,850,703,1
13.7700004577637,89.9000015258789,39.2999992370605,0.903999984264374,86.1999969482422,8167,316.899993896484,106.099998474121,850,705,1
13.9099998474121,89.8000030517578,39.2999992370605,0.910000026226044,85.3000030517578,8679,321.700012207031,106,850,706,1
13.8800001144409,89.8000030517578,39.4000015258789,0.869000017642975,82.9000015258789,8679,331.5,106.099998474121,850,707,1
13.8599996566772,89.8000030517578,39.4000015258789,1.17999994754791,87.8000030517578,6981,319.799987792969,106,850,709,2
13.5799999237061,89.8000030517578,39.4000015258789,1.58599996566772,84.6999969482422,6685,314.899993896484,106.099998474121,852,712,2
13.75,89.8000030517578,39.4000015258789,0.922999978065491,79.9000015258789,6851,308.100006103516,106.5,852,712,2
13.7399997711182,89.8000030517578,39.4000015258789,0.897000014781952,82.8000030517578,7109,314.899993896484,106.5,851,712,2
13.8999996185303,89.8000030517578,39.4000015258789,0.874000012874603,80.5999984741211,7210,315.899993896484,106.400001525879,851,713,2
13.789999961853,89.8000030517578,39.4000015258789,0.921000003814697,79.1999969482422,7381,329.600006103516,106.099998474121,850,715,2
13.8100004196167,89.8000030517578,39.4000015258789,0.958000004291534,76.5999984741211,7363,307.100006103516,106.099998474121,849,716,2
13.7299995422363,89.8000030517578,39.4000015258789,1.04799997806549,78.3000030517578,7352,314.899993896484,106.099998474121,849,717,2
13.6700000762939,89.8000030517578,39.4000015258789,1.05400002002716,81.6999969482422,7347,305.100006103516,106.099998474121,848,718,2
13.6000003814697,89.8000030517578,39.4000015258789,1.07400000095367,76.4000015258789,7279,317.799987792969,106.099998474121,847,720,2
13.4300003051758,89.8000030517578,39.4000015258789,1.00699996948242,69.8000030517578,7764,296.299987792969,106.699996948242,848,720,2
13.710000038147,89.8000030517578,39.4000015258789,1.05999994277954,63.5999984741211,7685,300.299987792969,106.5,848,722,2
13.5299997329712,89.8000030517578,39.4000015258789,1.02900004386902,65.1999969482422,8016,314.899993896484,106.099998474121,847,723,2
13.5200004577637,89.8000030517578,39.4000015258789,0.883000016212463,72.0999984741211,7872,300.299987792969,106.099998474121,847,724,2
13.3800001144409,89.8000030517578,39.4000015258789,0.851000010967255,76,8124,316.899993896484,106.099998474121,847,726,2
13.5299997329712,89.8000030517578,39.4000015258789,0.828999996185303,83.9000015258789,7893,306.100006103516,106.099998474121,847,727,2
13.460000038147,89.8000030517578,39.4000015258789,0.860000014305115,78.4000015258789,8169,320.799987792969,106.099998474121,847,728,2
13.5100002288818,89.8000030517578,39.4000015258789,0.813000023365021,49,7736,319.799987792969,106.400001525879,847,728,2
13.6499996185303,89.8000030517578,39.4000015258789,0.773000001907349,29.7999992370605,7643,309,106.699996948242,847,730,2
13.7399997711182,89.8000030517578,39.4000015258789,0.771000027656555,24.2000007629395,7305,310,106.5,847,731,2
13.8400001525879,89.8000030517578,39.4000015258789,0.804000020027161,21.2999992370605,7020,285.600006103516,106.099998474121,847,732,2
13.789999961853,89.8000030517578,39.4000015258789,0.842999994754791,20,6777,313,106.099998474121,847,733,2
13.6599998474121,89.8000030517578,39.4000015258789,0.842000007629395,20.5,6478,303.200012207031,106.099998474121,847,733,2
13.7299995422363,89.8000030517578,39.4000015258789,0.846000015735626,20.7999992370605,6009,297.299987792969,106.099998474121,848,733,2
13.8900003433228,89.8000030517578,39.4000015258789,0.860000014305115,23.2999992370605,5772,303.200012207031,106.099998474121,848,733,2
13.8100004196167,89.8000030517578,39.4000015258789,0.879000008106232,24.8999996185303,5509,283.700012207031,106.5,848,733,2
13.6499996185303,89.8000030517578,39.4000015258789,0.857999980449677,26,5259,269,106.699996948242,849,731,2
13.710000038147,89.8000030517578,39.4000015258789,0.995000004768372,27.3999996185303,4985,269,106.5,851,731,2
13.6599998474121,89.8000030517578,39.4000015258789,1.41199994087219,28.7999992370605,4737,266.100006103516,106.099998474121,852,730,2
13.8199996948242,89.8000030517578,39.4000015258789,1.67999994754791,29.7000007629395,4593,254.399993896484,106.400001525879,851,728,2
13.6499996185303,89.8000030517578,39.4000015258789,2.01900005340576,30.5,4518,260.200012207031,106.099998474121,851,728,-2
13.7299995422363,89.8000030517578,39.4000015258789,1.61199998855591,31.5,4524,254.399993896484,106.099998474121,851,726,1
13.8100004196167,89.8000030517578,39.2999992370605,2.11999988555908,31.7000007629395,4567,258.299987792969,106.099998474121,850,723,1
13.8100004196167,89.8000030517578,39.2999992370605,2.40000009536743,31.8999996185303,4678,270,106.800003051758,848,721,1
13.6999998092651,89.8000030517578,39.2999992370605,2.40000009536743,32.5,5073,285.600006103516,106.699996948242,845,718,1
13.7200002670288,89.8000030517578,39.2999992370605,0.977999985218048,33,5138,277.799987792969,106.5,841,716,1
13.6499996185303,89.8000030517578,39.2999992370605,0.879999995231628,34.9000015258789,5056,275.799987792969,106.400001525879,839,713,1
13.7299995422363,89.8000030517578,39.2999992370605,0.879000008106232,48.4000015258789,5221,282.700012207031,106.400001525879,839,713,1
13.6099996566772,89.8000030517578,39.2999992370605,0.879000008106232,61.9000015258789,5512,292.399993896484,106.099998474121,839,713,1
13.8100004196167,89.8000030517578,39.2999992370605,0.879999995231628,78.4000015258789,5480,285.600006103516,106.400001525879,837,711,1
13.7399997711182,89.8000030517578,39.2999992370605,0.884999990463257,86.5,5905,286.600006103516,106.800003051758,834,709,1
13.7600002288818,89.8000030517578,39.2999992370605,0.874000012874603,91.5999984741211,6253,288.5,106.699996948242,833,707,1
13.6800003051758,89.8000030517578,39.2999992370605,0.845000028610229,91.4000015258789,6455,320.799987792969,106.400001525879,831,706,1
13.8699998855591,89.9000015258789,39.2999992370605,0.862999975681305,92.1999969482422,6811,309,106.400001525879,830,705,1
13.4499998092651,89.9000015258789,39.2999992370605,0.890999972820282,92.5999984741211,6687,308.100006103516,106.099998474121,829,704,1
13.8900003433228,89.9000015258789,39.2999992370605,0.897000014781952,91.0999984741211,6831,289.5,106.400001525879,829,704,1
13.8199996948242,89.9000015258789,39.2999992370605,0.902999997138977,89.1999969482422,7235,296.299987792969,106.400001525879,829,704,1
13.8100004196167,89.9000015258789,39.2999992370605,0.971000015735626,88.1999969482422,7587,291.5,106.400001525879,829,705,1
13.789999961853,89.9000015258789,39.2999992370605,0.897000014781952,88.6999969482422,7771,320.799987792969,106.800003051758,827,704,1
13.7399997711182,89.9000015258789,39.2999992370605,0.898000001907349,87.0999984741211,8205,302.200012207031,106.5,827,706,1
13.6400003433228,89.9000015258789,39.2999992370605,0.890999972820282,85.9000015258789,8658,313.899993896484,106.400001525879,828,707,1
13.6499996185303,89.9000015258789,39.4000015258789,0.879000008106232,85.0999984741211,8890,308.100006103516,106.099998474121,828,708,1
13.8299999237061,89.9000015258789,39.4000015258789,0.894999980926514,86.3000030517578,7847,304.200012207031,106.400001525879,828,708,2
13.7200002670288,89.9000015258789,39.4000015258789,1.60099995136261,90,7134,279.700012207031,106.400001525879,829,710,2
13.8599996566772,89.9000015258789,39.4000015258789,0.992999970912933,88.0999984741211,7283,307.100006103516,106.400001525879,829,712,2
13.8400001525879,89.9000015258789,39.4000015258789,1.00899994373322,89.0999984741211,7515,309,106.5,829,713,2
13.7600002288818,89.9000015258789,39.4000015258789,0.919000029563904,89,7589,292.399993896484,106.800003051758,829,714,2
13.710000038147,89.9000015258789,39.4000015258789,0.925999999046326,89,7624,321.700012207031,106.699996948242,827,715,2
13.8500003814697,89.9000015258789,39.4000015258789,0.898000001907349,87,7970,297.299987792969,106.400001525879,828,715,2
13.460000038147,89.9000015258789,39.4000015258789,0.922999978065491,87.9000015258789,7976,313.899993896484,106.099998474121,828,716,2
13.789999961853,89.9000015258789,39.4000015258789,0.894999980926514,85.6999969482422,8153,319.799987792969,106.099998474121,828,718,2
13.6700000762939,89.9000015258789,39.4000015258789,0.870999991893768,87.0999984741211,8468,316.899993896484,106.400001525879,828,720,2
13.8100004196167,89.9000015258789,39.5,0.893999993801117,84.1999969482422,8576,321.700012207031,106.400001525879,829,721,2
13.2200002670288,89.9000015258789,39.5,0.884999990463257,75.6999969482422,8728,318.799987792969,106.800003051758,829,724,2
13.6700000762939,89.9000015258789,39.5,0.879000008106232,70.8000030517578,8688,320.799987792969,106.699996948242,829,725,2
13.6499996185303,89.9000015258789,39.5,0.851000010967255,70.9000015258789,8684,305.100006103516,106.400001525879,831,725,2
13.7399997711182,89.9000015258789,39.5,0.820999979972839,71.5999984741211,8995,321.700012207031,106.400001525879,831,727,2
13.5799999237061,89.9000015258789,39.5,0.795000016689301,72.6999969482422,8771,317.799987792969,106.400001525879,831,729,2
13.6499996185303,89.9000015258789,39.5,0.771000027656555,69.6999969482422,8846,313.899993896484,106.400001525879,832,730,2
13.8699998855591,89.9000015258789,39.5,0.787000000476837,62.7999992370605,8971,338.299987792969,106.400001525879,833,732,2
13.8500003814697,89.9000015258789,39.5,0.890999972820282,52.2999992370605,8844,318.799987792969,106.699996948242,834,734,2
13.6999998092651,90,39.5,0.890999972820282,34,8638,323.700012207031,106.699996948242,835,735,2
13.8500003814697,90,39.5,0.819999992847443,26.2000007629395,8382,313,106.5,835,735,2
13.6800003051758,90,39.5,0.860000014305115,23.5,8382,328.600006103516,106.400001525879,836,737,2
13.8100004196167,90,39.5,0.875,23.2000007629395,8213,320.799987792969,106.099998474121,835,737,2
13.5299997329712,90,39.5,0.878000020980835,24.7999992370605,8103,316.899993896484,106.400001525879,836,737,2
13.8100004196167,90,39.5,0.851000010967255,22,7938,309,106.400001525879,836,737,2
13.8199996948242,90,39.5,0.830999970436096,21.7000007629395,7802,314.899993896484,106.800003051758,836,737,2
13.75,90,39.4000015258789,0.845000028610229,21.3999996185303,7647,305.100006103516,106.699996948242,837,737,2
13.8500003814697,90,39.4000015258789,0.825999975204468,20.5,7530,318.799987792969,106.5,837,735,2
13.8699998855591,90,39.4000015258789,0.878000020980835,23.1000003814697,7605,302.200012207031,106.400001525879,837,735,2
13.9200000762939,90,39.4000015258789,0.846000015735626,23.2999992370605,7522,302.200012207031,106.400001525879,838,734,2
13.8900003433228,90,39.4000015258789,0.875,24.2000007629395,7343,300.299987792969,106.400001525879,838,732,2
13.7600002288818,90,39.4000015258789,0.943000018596649,25.6000003814697,7307,306.100006103516,106.400001525879,840,731,2
13.6899995803833,90,39.4000015258789,0.904999971389771,20.5,7058,300.299987792969,106.099998474121,842,730,2
13.6999998092651,90,39.4000015258789,0.825999975204468,19.7000007629395,6705,296.299987792969,106.800003051758,842,730,2
13.8000001907349,90,39.4000015258789,0.86599999666214,20.1000003814697,6374,298.299987792969,106.699996948242,843,729,2
13.7600002288818,90,39.4000015258789,0.869000017642975,20.5,5954,295.399993896484,106.5,844,727,2
13.8900003433228,90,39.4000015258789,1.02499997615814,22.7000007629395,5356,278.799987792969,106.400001525879,847,727,2
13.6000003814697,90,39.4000015258789,1.35099995136261,25.2999992370605,5056,278.799987792969,106.400001525879,847,725,2
13.8400001525879,90,39.4000015258789,1.63399994373322,27.5,4770,271.899993896484,106.400001525879,849,724,2
13.8500003814697,90,39.4000015258789,1.96000003814697,28.6000003814697,4519,258.299987792969,106.400001525879,848,724,2
13.8699998855591,90,39.4000015258789,2.29699993133545,29.7999992370605,4549,244.600006103516,106.5,848,722,2
13.8500003814697,90.0999984741211,39.4000015258789,2.24200010299683,31,4443,252.399993896484,106.699996948242,848,719,1
13.6899995803833,90.0999984741211,39.2999992370605,1.96700000762939,30.7000007629395,4615,253.399993896484,106.5,847,717,1
13.6999998092651,90.0999984741211,39.2999992370605,2.40000009536743,30.6000003814697,4440,252.399993896484,106.400001525879,845,715,1
13.7399997711182,90.0999984741211,39.2999992370605,2.40000009536743,31,4679,248.5,106.400001525879,842,712,1
13.8500003814697,90.0999984741211,39.2999992370605,1.35099995136261,33.7000007629395,4718,260.200012207031,106.400001525879,839,712,1
13.8100004196167,90.0999984741211,39.2999992370605,0.943000018596649,34.9000015258789,4833,265.100006103516,106.400001525879,839,710,1
13.8599996566772,90.0999984741211,39.2999992370605,0.899999976158142,42.5,4834,263.100006103516,106.400001525879,835,707,1
13.6099996566772,90.0999984741211,39.2999992370605,0.930000007152557,44.5,4581,254.399993896484,106.800003051758,833,705,1
13.9499998092651,90.0999984741211,39.2999992370605,0.966000020503998,54.0999984741211,4847,263.100006103516,106.699996948242,830,703,1
13.7799997329712,90.0999984741211,39.2999992370605,0.967999994754791,61.4000015258789,5169,277.799987792969,106.400001525879,829,702,1
13.9099998474121,90.0999984741211,39.2999992370605,0.882000029087067,66.5,4778,266.100006103516,106.400001525879,829,701,1
13.8500003814697,90.0999984741211,39.2999992370605,1.01800000667572,68.8000030517578,5339,266.100006103516,106.400001525879,829,701,1
13.6999998092651,90.0999984741211,39.2999992370605,0.901000022888184,76.8000030517578,5197,282.700012207031,106.400001525879,829,701,1
13.8599996566772,90.1999969482422,39.2999992370605,0.896000027656555,76.5,5541,290.5,106.400001525879,828,699,1
13.8500003814697,90.1999969482422,39.4000015258789,0.925000011920929,72,5660,281.700012207031,106.400001525879,827,699,1
13.8100004196167,90.1999969482422,39.4000015258789,0.896000027656555,70.9000015258789,5766,299.299987792969,106.699996948242,827,698,1
13.7399997711182,90.1999969482422,39.4000015258789,0.889999985694885,63.7000007629395,5899,294.399993896484,106.699996948242,827,698,1
13.8800001144409,90.1999969482422,39.4000015258789,0.950999975204468,69,6061,303.200012207031,106.400001525879,827,698,1
13.6899995803833,90.1999969482422,39.4000015258789,0.958000004291534,66.5,6316,297.299987792969,106.400001525879,827,698,1
13.8999996185303,90.1999969482422,39.4000015258789,0.896000027656555,63.4000015258789,6594,289.5,106.400001525879,827,698,1
13.8900003433228,90.1999969482422,39.4000015258789,0.934000015258789,63.0999984741211,6631,296.299987792969,106.400001525879,827,698,1
13.8400001525879,90.1999969482422,39.4000015258789,0.950999975204468,62.0999984741211,6835,292.399993896484,106.400001525879,827,699,1
13.9799995422363,90.1999969482422,39.4000015258789,0.944999992847443,54.4000015258789,6851,311,106.800003051758,827,700,1
13.8100004196167,90.1999969482422,39.4000015258789,0.879000008106232,35.2999992370605,6542,301.200012207031,106.800003051758,828,700,1
13.7399997711182,90.1999969482422,39.4000015258789,0.870000004768372,25.7000007629395,6150,297.299987792969,106.5,829,701,1
13.8199996948242,90.3000030517578,39.5,0.883000016212463,23.7000007629395,5983,291.5,106.400001525879,829,701,1
13.6099996566772,90.3000030517578,39.5,0.879999995231628,23.2999992370605,5787,307.100006103516,106.400001525879,829,702,1
13.75,90.3000030517578,39.5,0.875999987125397,23.6000003814697,5802,288.5,106.400001525879,829,702,1
13.8999996185303,90.3000030517578,39.5,0.866999983787537,23.7999992370605,5696,297.299987792969,106.400001525879,830,703,1
13.7600002288818,90.3000030517578,39.5,0.875999987125397,25.7999992370605,5609,286.600006103516,106.400001525879,831,703,1
13.789999961853,90.3000030517578,39.4000015258789,0.875999987125397,28.2000007629395,5458,286.600006103516,106.699996948242,831,703,1
13.8999996185303,90.3000030517578,39.4000015258789,0.861000001430511,30.2000007629395,5385,278.799987792969,106.5,832,703,1
13.8800001144409,90.3000030517578,39.4000015258789,0.843999981880188,34.9000015258789,5373,282.700012207031,106.400001525879,832,701,1
13.8100004196167,90.3000030517578,39.4000015258789,0.890999972820282,37.2999992370605,5527,285.600006103516,106.400001525879,833,701,1
13.8599996566772,90.4000015258789,39.4000015258789,0.892000019550323,40.7999992370605,5294,280.700012207031,106.400001525879,835,700,1
13.8699998855591,90.4000015258789,39.4000015258789,0.920000016689301,47.7000007629395,5431,280.700012207031,106.400001525879,836,699,1
13.8999996185303,90.4000015258789,39.4000015258789,0.961000025272369,57.4000015258789,5434,279.700012207031,106.400001525879,837,698,1
13.960000038147,90.4000015258789,39.4000015258789,0.989000022411346,63.7999992370605,5590,283.700012207031,106.699996948242,838,698,1
13.9300003051758,90.4000015258789,39.4000015258789,0.916000008583069,66.8000030517578,5475,285.600006103516,106.699996948242,838,697,1
13.8699998855591,90.4000015258789,39.4000015258789,0.908999979496002,64.6999969482422,5656,290.5,106.5,840,697,1
13.789999961853,90.4000015258789,39.4000015258789,0.912999987602234,63.2000007629395,5881,286.600006103516,106.400001525879,840,697,1
13.8900003433228,90.4000015258789,39.4000015258789,0.921999990940094,62.5,5993,291.5,106.400001525879,841,696,1
13.7399997711182,90.4000015258789,39.4000015258789,0.913999974727631,55.7999992370605,5790,286.600006103516,106.400001525879,842,696,1
13.8599996566772,90.5,39.4000015258789,0.851999998092651,38.0999984741211,5678,280.700012207031,106.400001525879,843,697,1
13.9700002670288,90.5,39.4000015258789,0.871999979019165,30.3999996185303,5711,288.5,106.699996948242,844,697,1
13.9300003051758,90.5,39.4000015258789,0.883000016212463,27.1000003814697,5501,274.899993896484,106.800003051758,844,697,1
13.9200000762939,90.5,39.4000015258789,0.970000028610229,27.5,5320,274.899993896484,106.5,844,697,1
13.8999996185303,90.5,39.4000015258789,0.875,30.2999992370605,5438,281.700012207031,106.400001525879,845,697,1
13.8900003433228,90.5,39.4000015258789,0.852999985218048,34.9000015258789,5494,281.700012207031,106.400001525879,844,697,1
13.8000001907349,90.5,39.4000015258789,0.896000027656555,36,5674,273.899993896484,106.400001525879,845,696,1
13.8900003433228,90.5,39.4000015258789,0.893999993801117,40.7999992370605,5666,289.5,106.400001525879,846,696,1
13.8900003433228,90.5,39.4000015258789,0.948000013828278,42.0999984741211,5612,283.700012207031,106.400001525879,846,696,1
13.8900003433228,90.5,39.4000015258789,0.922999978065491,50.9000015258789,5594,271,106.699996948242,846,695,1
13.6300001144409,90.5,39.4000015258789,0.990000009536743,52.7000007629395,5625,286.600006103516,106.699996948242,847,695,1
13.75,90.5,39.4000015258789,0.913999974727631,58.7000007629395,5503,281.700012207031,106.5,847,694,1
13.8800001144409,90.5,39.4000015258789,0.919000029563904,74.3000030517578,5900,282.700012207031,106.400001525879,848,694,1
13.7799997329712,90.5,39.4000015258789,0.878000020980835,75.8000030517578,5976,271.899993896484,106.400001525879,849,694,1
13.6099996566772,90.5,39.4000015258789,0.904999971389771,88.1999969482422,6380,283.700012207031,106.400001525879,849,694,1
13.710000038147,90.5,39.4000015258789,0.866999983787537,92.1999969482422,6448,300.299987792969,106.400001525879,849,694,1
13.8800001144409,90.5,39.4000015258789,0.870999991893768,91.5999984741211,6819,296.299987792969,106.800003051758,851,694,1
13.6599998474121,90.5,39.4000015258789,0.885999977588654,93,6767,297.299987792969,106.800003051758,850,695,1
13.7399997711182,90.5999984741211,39.4000015258789,0.915000021457672,90.3000030517578,7046,312,106.5,850,696,1
13.7299995422363,90.5,39.4000015258789,0.916999995708466,90.1999969482422,7398,309,106.400001525879,850,697,1
13.7799997329712,90.5999984741211,39.4000015258789,0.907000005245209,89.1999969482422,7792,317.799987792969,106.400001525879,851,698,1
13.6300001144409,90.5999984741211,39.4000015258789,0.88400000333786,88.4000015258789,8026,316.899993896484,106.400001525879,851,698,1
13.8599996566772,90.5999984741211,39.4000015258789,0.883000016212463,85.5999984741211,8404,323.700012207031,106.400001525879,849,699,1
13.7700004577637,90.5999984741211,39.4000015258789,0.878000020980835,85.5,8595,320.799987792969,106.400001525879,850,701,1
13.8500003814697,90.5999984741211,39.5,0.879000008106232,85,8670,314.899993896484,106.800003051758,849,703,1
13.8299999237061,90.5999984741211,39.5,1.38100004196167,88.0999984741211,7494,325.600006103516,106.699996948242,850,705,2
13.6599998474121,90.5999984741211,39.5,1.1139999628067,92.0999984741211,6447,290.5,106.400001525879,850,706,2
13.8500003814697,90.5999984741211,39.5,0.977999985218048,90.3000030517578,7015,314.899993896484,106.400001525879,849,707,2
13.7799997329712,90.5999984741211,39.5,0.968999981880188,90,7222,294.399993896484,106.400001525879,848,707,2
13.8000001907349,90.5999984741211,39.5,0.925000011920929,89.4000015258789,7451,313.899993896484,106.400001525879,848,709,2
13.8900003433228,90.5999984741211,39.5,0.925999999046326,89,7453,332.5,106.400001525879,847,710,2
13.8100004196167,90.5999984741211,39.5,0.88400000333786,89.6999969482422,7607,324.700012207031,106.400001525879,847,711,2
13.7600002288818,90.5999984741211,39.5,0.899999976158142,87.4000015258789,7997,314.899993896484,106.800003051758,847,713,2
13.7600002288818,90.5999984741211,39.5,0.897000014781952,88.3000030517578,8187,314.899993896484,106.5,847,716,2
13.8199996948242,90.5999984741211,39.5,0.885999977588654,87.9000015258789,8177,311,106.400001525879,847,717,2
13.5500001907349,90.5999984741211,39.5,0.888999998569489,87.5,8374,323.700012207031,106.400001525879,847,717,2
13.7700004577637,90.5999984741211,39.5,0.865000009536743,86.5,8545,324.700012207031,106.400001525879,847,719,2
13.6800003051758,90.5999984741211,39.5,0.862999975681305,85.0999984741211,8871,327.600006103516,106.400001525879,847,720,2
13.789999961853,90.5999984741211,39.5,0.882000029087067,85,8828,323.700012207031,106.400001525879,847,722,2
13.789999961853,90.5999984741211,39.5,0.833000004291534,85,9006,331.5,106.699996948242,847,722,2
13.789999961853,90.5999984741211,39.5,0.84799998998642,84.3000030517578,9283,335.399993896484,106.800003051758,847,725,2
13.8900003433228,90.5999984741211,39.5,0.833999991416931,83.8000030517578,9414,326.600006103516,106.5,847,726,2
13.8100004196167,90.6999969482422,39.5,0.842999994754791,81.8000030517578,9377,329.600006103516,106.5,847,726,2
13.75,90.6999969482422,39.5,0.828999996185303,81.1999969482422,9511,334.399993896484,106.400001525879,848,728,2
13.5900001525879,90.5999984741211,39.5,0.845000028610229,64.8000030517578,9402,331.5,106.400001525879,847,730,2
13.7700004577637,90.6999969482422,39.5,0.72299998998642,30.2000007629395,8878,323.700012207031,106.400001525879,847,731,2
13.7799997329712,90.6999969482422,39.5,0.834999978542328,21.1000003814697,8381,334.399993896484,106.800003051758,847,733,2
13.7299995422363,90.6999969482422,39.5,0.735000014305115,19.6000003814697,8088,306.100006103516,106.800003051758,848,734,2
13.7700004577637,90.6999969482422,39.5,0.767000019550323,18.6000003814697,7864,312,106.5,847,734,2
13.8000001907349,90.6999969482422,39.5,0.804000020027161,18.7999992370605,7443,314.899993896484,106.5,847,734,2
13.6700000762939,90.6999969482422,39.5,0.797999978065491,19.8999996185303,7122,311,106.400001525879,847,735,2
13.6000003814697,90.6999969482422,39.5,0.847000002861023,20.8999996185303,7051,299.299987792969,106.5,847,735,2
13.7299995422363,90.6999969482422,39.5,0.870000004768372,25.2000007629395,7059,300.299987792969,106.400001525879,847,734,2
13.8800001144409,90.6999969482422,39.5,0.950999975204468,31.7000007629395,7158,304.200012207031,106.5,847,733,2
13.5799999237061,90.6999969482422,39.5,1.00399994850159,36.7000007629395,7065,303.200012207031,106.800003051758,848,732,2
13.9200000762939,90.6999969482422,39.4000015258789,0.976000010967255,45,7024,300.299987792969,106.800003051758,848,732,2
13.789999961853,90.6999969482422,39.4000015258789,0.936999976634979,47,6887,306.100006103516,106.5,848,731,2
13.7799997329712,90.6999969482422,39.4000015258789,0.943000018596649,50.2999992370605,6953,310,106.400001525879,849,730,2
13.7600002288818,90.6999969482422,39.4000015258789,0.921999990940094,50.2000007629395,7103,297.299987792969,106.400001525879,850,729,2
13.9499998092651,90.6999969482422,39.4000015258789,0.903999984264374,49.4000015258789,7202,298.299987792969,106.5,852,729,2
13.8599996566772,90.8000030517578,39.4000015258789,0.936999976634979,47.9000015258789,7240,305.100006103516,106.400001525879,852,729,2
13.6099996566772,90.6999969482422,39.4000015258789,0.934000015258789,48.5999984741211,7233,305.100006103516,106.400001525879,854,729,2
13.5699996948242,90.8000030517578,39.4000015258789,0.930000007152557,58.4000015258789,7165,317.799987792969,107.099998474121,854,729,2
13.8100004196167,90.8000030517578,39.4000015258789,1.0110000371933,64.9000015258789,7161,314.899993896484,106.699996948242,854,728,2
13.9099998474121,90.8000030517578,39.4000015258789,0.978999972343445,67.4000015258789,7099,316.899993896484,106.5,855,729,2
13.6300001144409,90.8000030517578,39.4000015258789,0.953999996185303,66.9000015258789,7238,307.100006103516,106.400001525879,856,729,2
13.6599998474121,90.8000030517578,39.4000015258789,0.953000009059906,65.6999969482422,7491,300.299987792969,106.400001525879,857,730,2
13.8100004196167,90.9000015258789,39.4000015258789,0.957000017166138,64.6999969482422,7628,298.299987792969,106.400001525879,858,730,2
13.8800001144409,90.9000015258789,39.4000015258789,0.915000021457672,63.0999984741211,7531,310,106.699996948242,858,730,2
13.710000038147,90.9000015258789,39.4000015258789,0.947000026702881,61.9000015258789,7731,309,106.800003051758,858,730,2
13.8900003433228,90.9000015258789,39.4000015258789,0.930000007152557,60.5999984741211,7720,308.100006103516,106.5,860,732,2
13.7700004577637,90.9000015258789,39.4000015258789,0.944999992847443,60.2000007629395,7589,312,106.400001525879,861,733,2
13.8100004196167,91,39.4000015258789,0.952000021934509,58.5,7823,313.899993896484,106.400001525879,861,734,2
13.8199996948242,91,39.4000015258789,0.939999997615814,52.5999984741211,7894,309,106.400001525879,862,735,2
13.3900003433228,91,39.4000015258789,0.856000006198883,33.7999992370605,7582,310,106.400001525879,862,736,2
13.6400003433228,91,39.4000015258789,0.875,23.3999996185303,7218,308.100006103516,106.400001525879,863,736,2
13.6599998474121,91,39.4000015258789,0.851000010967255,22.3999996185303,6834,309,107.099998474121,863,737,2
13.8100004196167,91,39.4000015258789,0.888999998569489,21.5,6681,311,106.699996948242,864,737,2
13.8100004196167,91,39.4000015258789,0.879000008106232,20.7000007629395,6365,307.100006103516,106.5,865,738,2
13.4200000762939,91,39.4000015258789,0.876999974250793,21.2000007629395,6086,285.600006103516,106.400001525879,865,738,2
13.6800003051758,91,39.4000015258789,0.865000009536743,24.7000007629395,6344,293.399993896484,106.400001525879,866,737,2
13.7200002670288,91,39.4000015258789,0.842999994754791,33.5999984741211,6435,301.200012207031,106.400001525879,866,736,2
13.5799999237061,91.0999984741211,39.4000015258789,0.869000017642975,49.2999992370605,6340,289.5,106.400001525879,866,736,2
13.7600002288818,91.0999984741211,39.4000015258789,0.955999970436096,52.0999984741211,6343,294.399993896484,106.800003051758,866,735,2
13.8299999237061,91.0999984741211,39.4000015258789,0.939000010490417,54.5,6399,296.299987792969,106.699996948242,867,734,2
13.4399995803833,91.0999984741211,39.2999992370605,0.933000028133392,54.2000007629395,6576,293.399993896484,106.400001525879,869,733,2
13.9200000762939,91.0999984741211,39.2999992370605,0.930000007152557,48.2999992370605,6459,296.299987792969,106.400001525879,869,732,2
13.8100004196167,91.0999984741211,39.2999992370605,0.861999988555908,30.7000007629395,6172,292.399993896484,106.400001525879,868,731,2
13.7299995422363,91.0999984741211,39.2999992370605,0.875,26.2000007629395,5831,296.299987792969,106.400001525879,869,731,2
13.7399997711182,91.0999984741211,39.2999992370605,0.885999977588654,26.5,5466,268,106.400001525879,869,731,2
13.710000038147,91.1999969482422,39.2999992370605,0.888000011444092,28.2000007629395,5116,277.799987792969,106.5,869,731,2
13.8199996948242,91.1999969482422,39.2999992370605,0.842999994754791,30.1000003814697,4994,265.100006103516,106.699996948242,869,730,2
13.7799997329712,91.1999969482422,39.2999992370605,0.815999984741211,31.2000007629395,4939,263.100006103516,106.5,870,730,2
13.5299997329712,91.1999969482422,39.2999992370605,0.801999986171722,32,4921,271.899993896484,106.400001525879,871,728,2
13.7299995422363,91.1999969482422,39.2999992370605,0.797999978065491,32.4000015258789,4795,264.100006103516,106.400001525879,871,727,2
13.8800001144409,91.1999969482422,39.2999992370605,0.805999994277954,33.2999992370605,4597,248.5,106.099998474121,870,725,2
13.7700004577637,91.1999969482422,39.2999992370605,0.810000002384186,33.5,4523,246.5,106.099998474121,870,725,2
13.8100004196167,91.1999969482422,39.2999992370605,0.834999978542328,33.5,4497,248.5,106.099998474121,871,724,2
13.6800003051758,91.1999969482422,39.2999992370605,0.832000017166138,34.9000015258789,4560,246.5,106.800003051758,871,722,2
13.7399997711182,91.1999969482422,39.2999992370605,0.856000006198883,41.7000007629395,4299,239.699996948242,106.5,870,721,2
13.9499998092651,91.1999969482422,39.2999992370605,0.930999994277954,45.7999992370605,4423,248.5,106.400001525879,871,719,2
13.8900003433228,91.3000030517578,39.2999992370605,0.861000001430511,61.4000015258789,4403,246.5,106.099998474121,870,717,2
13.9700002670288,91.3000030517578,39.2999992370605,0.925000011920929,64.9000015258789,4413,244.600006103516,106.099998474121,870,717,2
13.9099998474121,91.3000030517578,39.2999992370605,0.938000023365021,71.9000015258789,4120,229,106.400001525879,870,717,2
13.9499998092651,91.3000030517578,39.2999992370605,0.948000013828278,69.6999969482422,4474,244.600006103516,106.099998474121,870,716,2
13.7299995422363,91.3000030517578,39.2999992370605,0.976000010967255,63.0999984741211,4211,247.5,106.699996948242,870,715,2
13.8100004196167,91.3000030517578,39.2999992370605,0.915000021457672,49.2000007629395,4426,243.600006103516,106.699996948242,870,714,2
13.8199996948242,91.3000030517578,39.2999992370605,1.01800000667572,44.2999992370605,3832,227,106.699996948242,869,713,1
13.7600002288818,91.3000030517578,39.2999992370605,1.52900004386902,40.7000007629395,4121,238.699996948242,106.400001525879,869,713,1
13.8800001144409,91.3000030517578,39.2999992370605,1.89699995517731,36.4000015258789,4346,247.5,106.099998474121,869,713,1
13.7299995422363,91.3000030517578,39.2999992370605,2.23099994659424,34.5,4633,252.399993896484,106.400001525879,870,713,1
13.7600002288818,91.3000030517578,39.2999992370605,1.70899999141693,35.7000007629395,4734,259.200012207031,106.099998474121,868,712,1
13.3800001144409,91.4000015258789,39.2999992370605,0.926999986171722,40.5999984741211,4894,264.100006103516,106.099998474121,866,710,1
13.8699998855591,91.4000015258789,39.2999992370605,0.954999983310699,46.5999984741211,4901,264.100006103516,106.699996948242,864,709,1
13.8100004196167,91.4000015258789,39.2999992370605,1.00699996948242,52.9000015258789,4872,266.100006103516,106.400001525879,861,706,1
13.6499996185303,91.4000015258789,39.2999992370605,0.999000012874603,62.0999984741211,5077,264.100006103516,106.099998474121,858,705,1
13.7299995422363,91.4000015258789,39.2999992370605,0.939999997615814,72.0999984741211,4964,271.899993896484,106.099998474121,858,705,1
13.8999996185303,91.5,39.2999992370605,0.970000028610229,79.9000015258789,5294,276.799987792969,106.099998474121,856,704,1
13.8000001907349,91.5,39.2999992370605,0.964999973773956,82.9000015258789,5448,277.799987792969,106.099998474121,856,703,1
13.8900003433228,91.5,39.2999992370605,0.879000008106232,85,5711,292.399993896484,106.699996948242,854,703,1
13.5299997329712,91.5,39.2999992370605,0.910000026226044,89.5999984741211,6015,277.799987792969,106.5,853,702,1
13.6800003051758,91.5,39.2999992370605,0.86599999666214,91.9000015258789,6288,288.5,106.400001525879,854,703,1
13.8699998855591,91.5,39.2999992370605,0.853999972343445,93.1999969482422,6509,299.299987792969,106.400001525879,853,703,1
13.8100004196167,91.5,39.2999992370605,0.870999991893768,93.5,6516,303.200012207031,106.099998474121,853,703,1
13.7799997329712,91.5,39.4000015258789,0.865000009536743,90.8000030517578,6801,306.100006103516,106.099998474121,853,703,1
13.8900003433228,91.5,39.4000015258789,0.894999980926514,91.0999984741211,7139,311,106.099998474121,852,704,1
13.5100002288818,91.5,39.4000015258789,0.922999978065491,90.6999969482422,7462,318.799987792969,106.5,852,705,1
13.8000001907349,91.5,39.4000015258789,0.935000002384186,88.5999984741211,7819,317.799987792969,106.699996948242,851,705,1
13.710000038147,91.5,39.4000015258789,0.896000027656555,88.9000015258789,7967,324.700012207031,106.5,850,707,1
13.8100004196167,91.5,39.4000015258789,0.88400000333786,85.8000030517578,8188,307.100006103516,106.400001525879,850,706,1
13.6899995803833,91.5999984741211,39.4000015258789,0.888000011444092,70.3000030517578,8222,321.700012207031,106.400001525879,850,708,1
13.6499996185303,91.5999984741211,39.4000015258789,0.72299998998642,31.7000007629395,7954,320.799987792969,106.099998474121,849,709,1
13.710000038147,91.5999984741211,39.5,0.723999977111816,20.5,7651,303.200012207031,106.099998474121,849,710,1
13.8000001907349,91.5999984741211,39.5,0.773000001907349,17.6000003814697,7222,252.399993896484,106.099998474121,848,712,1
13.7200002670288,91.5999984741211,39.5,0.864000022411346,19,6878,294.399993896484,106.400001525879,849,714,1
13.7399997711182,91.5999984741211,39.5,1.06900000572205,19.7000007629395,6759,296.299987792969,106.699996948242,848,714,1
13.7600002288818,91.5999984741211,39.5,0.894999980926514,20.1000003814697,6534,296.299987792969,106.5,848,714,1
13.5299997329712,91.5999984741211,39.4000015258789,0.890999972820282,21,6361,295.399993896484,106.099998474121,848,714,1
13.8000001907349,91.5999984741211,39.4000015258789,0.893999993801117,22.1000003814697,6330,303.200012207031,106.099998474121,848,714,1
13.6800003051758,91.5999984741211,39.4000015258789,0.889999985694885,22.2000007629395,6304,283.700012207031,106.099998474121,848,713,1
13.789999961853,91.5999984741211,39.4000015258789,0.884999990463257,22.8999996185303,6152,282.700012207031,106.099998474121,849,712,1
13.7799997329712,91.5999984741211,39.4000015258789,0.890999972820282,30,6059,297.299987792969,106.5,849,711,1
13.8400001525879,91.5999984741211,39.4000015258789,0.950999975204468,39.4000015258789,6175,302.200012207031,106.5,849,711,1
13.8599996566772,91.5999984741211,39.4000015258789,0.962000012397766,46,6391,306.100006103516,106.400001525879,849,710,1
13.8500003814697,91.5999984741211,39.4000015258789,0.964999973773956,50.5999984741211,6198,292.399993896484,106.099998474121,849,709,1
13.7299995422363,91.5999984741211,39.4000015258789,0.933000028133392,62,6589,315.899993896484,106.099998474121,851,709,1
13.7200002670288,91.5999984741211,39.4000015258789,0.896000027656555,66.8000030517578,6535,303.200012207031,106.099998474121,852,708,1
13.8100004196167,91.5999984741211,39.4000015258789,0.945999979972839,70.6999969482422,6767,311,106.400001525879,852,707,1
13.8000001907349,91.6999969482422,39.4000015258789,0.935000002384186,71.1999969482422,6653,310,106.5,853,708,1
13.8000001907349,91.6999969482422,39.4000015258789,0.975000023841858,62.7000007629395,6004,287.600006103516,106.699996948242,854,708,2
13.7299995422363,91.6999969482422,39.4000015258789,1.65400004386902,58.0999984741211,5462,288.5,106.400001525879,854,707,2
13.7299995422363,91.6999969482422,39.4000015258789,1.11600005626678,60.2000007629395,5322,270,106.099998474121,854,708,2
13.8500003814697,91.6999969482422,39.4000015258789,0.896000027656555,62.7999992370605,5414,266.100006103516,106.099998474121,854,709,2
13.9799995422363,91.6999969482422,39.4000015258789,0.931999981403351,65,5501,281.700012207031,106.400001525879,855,709,2
13.8299999237061,91.6999969482422,39.4000015258789,0.950999975204468,60.5999984741211,5392,274.899993896484,106.099998474121,853,708,2
13.8299999237061,91.6999969482422,39.4000015258789,0.90200001001358,56.7999992370605,5405,280.700012207031,106.099998474121,854,709,2
13.6999998092651,91.6999969482422,39.4000015258789,0.897000014781952,47.2000007629395,5379,273.899993896484,106.800003051758,853,708,2
13.9099998474121,91.6999969482422,39.4000015258789,0.908999979496002,44.2999992370605,5331,283.700012207031,106.5,853,709,2
13.960000038147,91.6999969482422,39.4000015258789,0.915000021457672,42,5466,285.600006103516,106.400001525879,854,709,2
13.710000038147,91.6999969482422,39.4000015258789,0.898999989032745,39.5,5319,279.700012207031,106.099998474121,853,709,2
13.710000038147,91.6999969482422,39.4000015258789,0.90200001001358,40.4000015258789,5312,281.700012207031,106.099998474121,853,709,2
13.75,91.6999969482422,39.4000015258789,0.927999973297119,45.0999984741211,5263,283.700012207031,106.400001525879,853,709,2
13.7799997329712,91.8000030517578,39.4000015258789,0.964999973773956,56.9000015258789,5363,283.700012207031,106.099998474121,852,709,2
13.8100004196167,91.8000030517578,39.4000015258789,0.910000026226044,66,5299,272.899993896484,106.400001525879,852,709,2
13.9099998474121,91.8000030517578,39.4000015258789,0.967999994754791,66.0999984741211,5360,286.600006103516,106.699996948242,853,709,2
13.7299995422363,91.8000030517578,39.4000015258789,0.898000001907349,65.3000030517578,5658,271.899993896484,106.400001525879,853,708,2
13.4899997711182,91.8000030517578,39.4000015258789,0.933000028133392,65.5999984741211,5715,284.600006103516,106.099998474121,853,708,2
13.8100004196167,91.8000030517578,39.4000015258789,0.913999974727631,71.4000015258789,5592,287.600006103516,106.400001525879,853,709,2
13.8699998855591,91.8000030517578,39.4000015258789,0.967999994754791,82,5863,293.399993896484,106.099998474121,854,709,2
13.8400001525879,91.8000030517578,39.4000015258789,0.889999985694885,86.0999984741211,5939,297.299987792969,106.099998474121,854,709,2
13.7299995422363,91.9000015258789,39.4000015258789,0.925999999046326,86.3000030517578,6048,303.200012207031,106.099998474121,854,709,2
13.7299995422363,91.9000015258789,39.4000015258789,0.921000003814697,92.8000030517578,6096,289.5,106.800003051758,854,709,2
13.8100004196167,91.9000015258789,39.4000015258789,0.878000020980835,92.8000030517578,6520,301.200012207031,106.5,854,709,2
13.8699998855591,91.9000015258789,39.4000015258789,0.915000021457672,90.3000030517578,6364,283.700012207031,106.400001525879,854,710,2
13.5,91.9000015258789,39.4000015258789,0.952000021934509,88.9000015258789,6826,293.399993896484,106.400001525879,853,710,2
13.9099998474121,91.9000015258789,39.4000015258789,0.935999989509583,89.9000015258789,6685,308.100006103516,106.099998474121,852,712,2
13.7799997329712,91.9000015258789,39.4000015258789,0.958000004291534,85.3000030517578,7070,296.299987792969,106.400001525879,852,712,2
13.8500003814697,91.9000015258789,39.4000015258789,0.910000026226044,81.0999984741211,7214,313,106.099998474121,852,712,2
13.8100004196167,92,39.4000015258789,0.943000018596649,71.4000015258789,7155,305.100006103516,106.099998474121,852,712,2
13.4700002670288,92,39.4000015258789,0.944000005722046,59.7000007629395,7293,300.299987792969,106.699996948242,852,713,2
13.6199998855591,92,39.4000015258789,0.977999985218048,59.5999984741211,7345,309,106.5,851,714,2
13.8299999237061,92,39.4000015258789,0.958999991416931,59.7000007629395,7436,309,106.400001525879,852,716,2
13.8299999237061,92,39.4000015258789,0.943000018596649,61.9000015258789,7326,290.5,106.400001525879,851,717,2
13.7299995422363,92,39.4000015258789,0.981000006198883,60.7999992370605,7411,306.100006103516,106.400001525879,852,717,2
13.8999996185303,92,39.4000015258789,0.958999991416931,61.4000015258789,7492,304.200012207031,106.099998474121,852,718,2
13.8100004196167,92,39.4000015258789,0.953000009059906,64,7590,309,106.800003051758,852,720,2
13.8100004196167,92,39.4000015258789,0.959999978542328,63.0999984741211,7445,299.299987792969,106.5,852,721,2
13.8400001525879,92.0999984741211,39.4000015258789,0.976999998092651,62.9000015258789,7437,290.5,106.400001525879,853,722,2
13.7600002288818,92.0999984741211,39.4000015258789,0.931999981403351,56.9000015258789,7561,308.100006103516,106.400001525879,854,724,2
13.4499998092651,92,39.4000015258789,0.861999988555908,40.7000007629395,7460,307.100006103516,106.400001525879,854,725,2
13.9099998474121,92.0999984741211,39.4000015258789,0.906000018119812,37,7385,313.899993896484,106.099998474121,855,725,2
13.8000001907349,92.0999984741211,39.4000015258789,0.940999984741211,36.0999984741211,7326,305.100006103516,106.400001525879,855,727,2
13.8599996566772,92.0999984741211,39.4000015258789,0.940999984741211,46.4000015258789,7419,313,106.5,856,728,2
13.8100004196167,92.0999984741211,39.4000015258789,1.00199997425079,42.5,7376,297.299987792969,106.699996948242,855,729,2
13.8900003433228,92.0999984741211,39.4000015258789,0.943000018596649,44,7282,297.299987792969,106.400001525879,857,730,2
13.8999996185303,92.0999984741211,39.4000015258789,0.944000005722046,44.7999992370605,7215,293.399993896484,106.099998474121,858,730,2
13.8400001525879,92.0999984741211,39.4000015258789,0.953999996185303,46,7089,297.299987792969,106.099998474121,859,731,2
13.710000038147,92.0999984741211,39.4000015258789,0.941999971866608,40.0999984741211,7158,293.399993896484,106.400001525879,859,731,2
13.8199996948242,92.0999984741211,39.4000015258789,0.890999972820282,39.0999984741211,6910,304.200012207031,106.400001525879,860,732,2
13.8699998855591,92.1999969482422,39.2999992370605,0.920000016689301,35.5999984741211,6805,308.100006103516,106.400001525879,861,732,2
13.8999996185303,92.1999969482422,39.2999992370605,0.903999984264374,29.5,6772,291.5,106.699996948242,861,732,2
13.6400003433228,92.1999969482422,39.2999992370605,0.879000008106232,23.7000007629395,6683,292.399993896484,106.5,863,733,2
13.8100004196167,92.1999969482422,39.2999992370605,0.882000029087067,20.6000003814697,6527,301.200012207031,106.400001525879,863,733,2
13.7299995422363,92.1999969482422,39.2999992370605,0.853999972343445,20,6364,304.200012207031,106.400001525879,864,733,2
13.7200002670288,92.1999969482422,39.2999992370605,0.862999975681305,23.7000007629395,6362,299.299987792969,106.099998474121,864,733,2
13.7299995422363,92.1999969482422,39.2999992370605,0.84799998998642,40.2999992370605,6620,311,106.099998474121,864,733,2
13.789999961853,92.1999969482422,39.2999992370605,0.896000027656555,46.2999992370605,6864,313,106.400001525879,865,732,2
13.7299995422363,92.1999969482422,39.2999992370605,0.967999994754791,54.4000015258789,6585,300.299987792969,106.699996948242,865,731,2
13.460000038147,92.1999969482422,39.2999992370605,0.950999975204468,65.5,6564,305.100006103516,106.699996948242,866,730,2
13.7700004577637,92.1999969482422,39.2999992370605,0.966000020503998,70.5,6774,307.100006103516,106.400001525879,867,730,2
13.6599998474121,92.1999969482422,39.2999992370605,0.944000005722046,69.0999984741211,6785,303.200012207031,106.400001525879,867,730,2
13.8999996185303,92.1999969482422,39.2999992370605,0.96399998664856,73.4000015258789,6880,311,106.400001525879,867,729,2
13.8299999237061,92.1999969482422,39.2999992370605,0.972000002861023,80.3000030517578,6679,304.200012207031,106.400001525879,867,729,2
13.75,92.1999969482422,39.2999992370605,0.98199999332428,85.6999969482422,7059,299.299987792969,106.400001525879,868,729,2
13.7600002288818,92.3000030517578,39.2999992370605,0.943000018596649,91.5,6984,304.200012207031,106.800003051758,869,730,2
13.9300003051758,92.1999969482422,39.2999992370605,0.907000005245209,91,7403,314.899993896484,106.5,868,730,2
13.4399995803833,92.3000030517578,39.2999992370605,0.944000005722046,90.4000015258789,7464,301.200012207031,106.400001525879,869,731,2
13.8100004196167,92.3000030517578,39.2999992370605,0.907000005245209,88.6999969482422,7726,315.899993896484,106.400001525879,869,731,2
13.7399997711182,92.3000030517578,39.2999992370605,0.908999979496002,87.9000015258789,7828,282.700012207031,106.400001525879,870,731,2
13.7600002288818,92.3000030517578,39.2999992370605,0.893999993801117,87.8000030517578,7959,322.700012207031,106.099998474121,869,733,2
13.9099998474121,92.3000030517578,39.4000015258789,0.935000002384186,87.5999984741211,8183,327.600006103516,106.099998474121,869,734,2
13.8000001907349,92.3000030517578,39.4000015258789,0.889999985694885,86.1999969482422,8152,301.200012207031,106.5,869,735,2
13.8100004196167,92.3000030517578,39.4000015258789,0.896000027656555,86.5,8312,308.100006103516,106.699996948242,869,736,2
13.8199996948242,92.3000030517578,39.4000015258789,0.875999987125397,85,8421,303.200012207031,106.5,869,738,2
13.6999998092651,92.3000030517578,39.4000015258789,0.873000025749207,84.0999984741211,8520,312,106.400001525879,869,738,2
13.6999998092651,92.3000030517578,39.4000015258789,0.776000022888184,43.2999992370605,8084,313.899993896484,106.400001525879,869,739,2
13.3900003433228,92.3000030517578,39.4000015258789,0.822000026702881,28.7999992370605,7766,302.200012207031,106.400001525879,869,741,2
13.6099996566772,92.3000030517578,39.4000015258789,0.860000014305115,23.7000007629395,7362,298.299987792969,106.400001525879,869,742,2
13.6499996185303,92.3000030517578,39.4000015258789,0.887000024318695,24.5,6955,304.200012207031,106.400001525879,868,743,2
13.6599998474121,92.3000030517578,39.4000015258789,0.926999986171722,21.2999992370605,6583,301.200012207031,106.800003051758,868,743,2
13.4200000762939,92.3000030517578,39.4000015258789,0.83899998664856,20.3999996185303,6180,285.600006103516,106.5,868,743,2
13.8199996948242,92.3000030517578,39.4000015258789,0.851000010967255,22.2999992370605,5757,290.5,106.5,868,742,2
13.6700000762939,92.3000030517578,39.4000015258789,0.882000029087067,24.7999992370605,5538,285.600006103516,106.400001525879,867,742,2
13.7200002670288,92.3000030517578,39.4000015258789,0.878000020980835,39.4000015258789,5915,280.700012207031,106.400001525879,866,741,2
13.5699996948242,92.4000015258789,39.4000015258789,0.882000029087067,43.9000015258789,6289,277.799987792969,106.400001525879,867,740,2
13.8000001907349,92.4000015258789,39.2999992370605,0.888000011444092,45.5999984741211,5869,272.899993896484,106.400001525879,868,738,2
13.8599996566772,92.4000015258789,39.2999992370605,0.943000018596649,48.7999992370605,6158,294.399993896484,106.400001525879,866,736,2
13.8199996948242,92.4000015258789,39.2999992370605,0.925000011920929,56.5,6072,286.600006103516,106.699996948242,866,736,2
13.9700002670288,92.4000015258789,39.2999992370605,0.887000024318695,54.9000015258789,6064,295.399993896484,106.5,868,735,2
13.8699998855591,92.4000015258789,39.2999992370605,0.943000018596649,61.7000007629395,6211,283.700012207031,106.400001525879,867,735,2
13.7399997711182,92.4000015258789,39.2999992370605,0.98199999332428,68.8000030517578,6666,308.100006103516,106.400001525879,867,734,2
13.8299999237061,92.4000015258789,39.2999992370605,0.949000000953674,67.5,6699,297.299987792969,106.400001525879,868,732,2
13.8400001525879,92.4000015258789,39.2999992370605,0.944999992847443,83.9000015258789,6385,278.799987792969,106.099998474121,868,732,2
13.6499996185303,92.4000015258789,39.2999992370605,0.896000027656555,91.4000015258789,6737,294.399993896484,106.699996948242,867,733,2
13.7600002288818,92.4000015258789,39.2999992370605,0.873000025749207,91.8000030517578,6639,287.600006103516,106.800003051758,867,733,2
13.8100004196167,92.5,39.2999992370605,0.935000002384186,90.4000015258789,7032,290.5,106.5,867,733,2
13.9799995422363,92.5,39.2999992370605,0.919000029563904,91,7093,312,106.400001525879,868,732,2
13.5900001525879,92.5,39.2999992370605,0.970000028610229,92.3000030517578,6865,301.200012207031,106.400001525879,867,733,2
13.789999961853,92.5,39.2999992370605,0.908999979496002,90.0999984741211,7034,315.899993896484,106.400001525879,866,733,2
13.75,92.5,39.2999992370605,0.953000009059906,89.5,7189,320.799987792969,106.400001525879,866,733,2
13.3500003814697,92.5,39.2999992370605,0.943000018596649,90.8000030517578,7382,314.899993896484,106.400001525879,866,734,2
13.7799997329712,92.5,39.2999992370605,0.907999992370605,89.0999984741211,7738,299.299987792969,106.800003051758,865,734,2
13.789999961853,92.5,39.2999992370605,0.89300000667572,88.8000030517578,7963,321.700012207031,106.5,865,735,2
13.7299995422363,92.5,39.2999992370605,0.896000027656555,88.3000030517578,7920,309,106.5,865,736,2
13.7299995422363,92.5,39.2999992370605,0.893999993801117,88.3000030517578,8311,324.700012207031,106.099998474121,864,737,2
13.5500001907349,92.5,39.2999992370605,0.887000024318695,87.5,8487,314.899993896484,106.099998474121,864,738,2
13.710000038147,92.5999984741211,39.2999992370605,0.889999985694885,87,8649,314.899993896484,106.400001525879,864,739,2
13.6800003051758,92.5999984741211,39.4000015258789,0.88400000333786,85.4000015258789,8645,327.600006103516,106.400001525879,863,740,2
13.7700004577637,92.5999984741211,39.4000015258789,0.865000009536743,85.6999969482422,8907,315.899993896484,106.800003051758,864,740,2
13.7399997711182,92.5999984741211,39.4000015258789,0.833999991416931,85.4000015258789,9149,325.600006103516,106.5,864,742,2
13.7600002288818,92.5999984741211,39.4000015258789,0.830999970436096,84,9108,317.799987792969,106.400001525879,863,743,2
13.6300001144409,92.6999969482422,39.4000015258789,0.853999972343445,54.5,8620,321.700012207031,106.400001525879,863,744,2
13.6400003433228,92.6999969482422,39.4000015258789,0.746999979019165,29.2999992370605,8108,307.100006103516,106.099998474121,863,746,2
13.7700004577637,92.6999969482422,39.4000015258789,0.739000022411346,21.2000007629395,7589,311,106.400001525879,862,747,2
13.6999998092651,92.6999969482422,39.4000015258789,0.792999982833862,20.3999996185303,7036,306.100006103516,106.400001525879,863,748,2
13.7700004577637,92.6999969482422,39.4000015258789,0.820999979972839,21.5,6740,301.200012207031,106.800003051758,862,748,2
13.6899995803833,92.6999969482422,39.4000015258789,0.890999972820282,21.7000007629395,6018,300.299987792969,106.699996948242,862,748,1
13.8599996566772,92.6999969482422,39.4000015258789,1.17400002479553,23,5988,285.600006103516,106.5,860,748,1
13.8199996948242,92.8000030517578,39.4000015258789,1.432000041008,24,5794,278.799987792969,106.400001525879,860,747,1
13.75,92.8000030517578,39.4000015258789,1.682000041008,26,5563,287.600006103516,106.400001525879,860,745,1
13.8299999237061,92.8000030517578,39.4000015258789,1.89400005340576,26.8999996185303,5630,292.399993896484,106.400001525879,858,744,1
13.710000038147,92.8000030517578,39.2999992370605,1.11199998855591,28,5401,283.700012207031,106.400001525879,857,744,1
13.6899995803833,92.8000030517578,39.2999992370605,1.04200005531311,30.5,4893,268,106.400001525879,857,741,1
13.9499998092651,92.8000030517578,39.2999992370605,0.998000025749207,32.4000015258789,4751,261.200012207031,106.800003051758,855,740,1
13.8100004196167,92.8000030517578,39.2999992370605,1.00600004196167,33.2999992370605,4516,255.300003051758,106.5,853,737,1
13.710000038147,92.8000030517578,39.2999992370605,1.04100000858307,34.9000015258789,4260,246.5,106.5,853,736,1
13.6800003051758,92.8000030517578,39.2999992370605,1.08899998664856,34.7000007629395,4117,244.600006103516,106.400001525879,852,734,1
13.6800003051758,92.8000030517578,39.2999992370605,1.10599994659424,35.5999984741211,4044,238.699996948242,106.400001525879,852,732,1
13.7399997711182,92.8000030517578,39.2999992370605,1.10800004005432,43.5999984741211,4270,240.699996948242,106.400001525879,852,732,1
13.9099998474121,92.8000030517578,39.2999992370605,1.00699996948242,47.5999984741211,4251,248.5,106.099998474121,852,731,1
13.9399995803833,92.9000015258789,39.2999992370605,0.953000009059906,47.5999984741211,4285,232.899993896484,106.400001525879,853,730,1
13.8900003433228,92.9000015258789,39.2999992370605,0.959999978542328,49.4000015258789,4045,243.600006103516,106.800003051758,854,728,1
13.8599996566772,92.9000015258789,39.2999992370605,0.917999982833862,43.4000015258789,4073,234.800003051758,106.699996948242,855,727,1
13.8599996566772,92.9000015258789,39.2999992370605,0.885999977588654,39.7999992370605,3932,231.899993896484,106.400001525879,856,727,1
13.8699998855591,92.9000015258789,39.2999992370605,0.889999985694885,37.7000007629395,3976,226,106.400001525879,856,727,1
13.8900003433228,92.9000015258789,39.2999992370605,0.883000016212463,35.7999992370605,4019,226,106.400001525879,856,726,1
13.8000001907349,92.9000015258789,39.2999992370605,0.865000009536743,34.5999984741211,3881,224.100006103516,106.400001525879,857,725,1
13.8900003433228,92.9000015258789,39.2999992370605,0.870999991893768,34.4000015258789,3908,224.100006103516,106.400001525879,857,724,1
13.5,92.9000015258789,39.2999992370605,0.862999975681305,33.5999984741211,4110,236.800003051758,106.699996948242,859,723,1
13.8299999237061,92.9000015258789,39.2999992370605,0.851000010967255,33.5,4015,232.899993896484,106.800003051758,859,722,1
13.9099998474121,93,39.2999992370605,0.834999978542328,36,3968,229.899993896484,106.5,859,721,1
13.9300003051758,93,39.2999992370605,0.874000012874603,40.2999992370605,3964,232.899993896484,106.400001525879,859,721,1
13.7299995422363,93,39.2999992370605,0.893999993801117,42.9000015258789,3801,224.100006103516,106.099998474121,859,719,1
13.7200002670288,93,39.2999992370605,0.903999984264374,52.5,4004,223.100006103516,106.400001525879,860,718,1
13.8900003433228,93,39.2999992370605,0.884999990463257,74.5999984741211,4026,244.600006103516,106.400001525879,859,717,1
13.8500003814697,93,39.2999992370605,0.896000027656555,76.3000030517578,4349,240.699996948242,106.099998474121,859,716,1
13.8400001525879,93,39.2999992370605,0.953999996185303,80.1999969482422,4226,245.600006103516,106.699996948242,859,715,1
13.7600002288818,93,39.2999992370605,0.977999985218048,85.4000015258789,4635,264.100006103516,106.699996948242,859,715,1
13.6800003051758,93,39.2999992370605,0.890999972820282,89.5999984741211,4832,269,106.5,859,714,1
13.7200002670288,93.0999984741211,39.2999992370605,0.908999979496002,94,5718,283.700012207031,106.400001525879,859,713,1
13.6499996185303,93.0999984741211,39.2999992370605,0.828999996185303,94.3000030517578,5197,274.899993896484,106.400001525879,859,713,1
13.789999961853,93.0999984741211,39.2999992370605,0.874000012874603,95.0999984741211,5809,287.600006103516,106.400001525879,859,713,1
13.7200002670288,93.0999984741211,39.2999992370605,0.837999999523163,94.3000030517578,5976,289.5,106.099998474121,858,712,1
13.4399995803833,93.0999984741211,39.2999992370605,0.889999985694885,94.5,6021,267.100006103516,106.099998474121,857,712,1
13.5200004577637,93.0999984741211,39.2999992370605,0.892000019550323,94.5999984741211,6141,276.799987792969,106.800003051758,857,712,1
13.7399997711182,93.1999969482422,39.2999992370605,0.948000013828278,92.5999984741211,6399,305.100006103516,106.5,857,712,1
13.7600002288818,93.1999969482422,39.2999992370605,0.920000016689301,92.9000015258789,6530,294.399993896484,106.400001525879,855,713,1
13.710000038147,93.1999969482422,39.2999992370605,0.915000021457672,86.6999969482422,7170,316.899993896484,106.400001525879,855,713,1
13.6499996185303,93.1999969482422,39.2999992370605,0.870000004768372,56,7076,299.299987792969,106.400001525879,855,713,1
13.710000038147,93.1999969482422,39.2999992370605,0.774999976158142,32.7999992370605,6842,313,106.400001525879,854,714,1
13.6999998092651,93.1999969482422,39.2999992370605,0.828000009059906,25,6673,307.100006103516,106.400001525879,854,715,1
13.7600002288818,93.1999969482422,39.2999992370605,0.860000014305115,22.6000003814697,6148,310,106.699996948242,853,716,1
13.6400003433228,93.3000030517578,39.2999992370605,0.856000006198883,23.5,5706,302.200012207031,106.699996948242,853,716,1
13.6199998855591,93.3000030517578,39.2999992370605,0.860000014305115,25.2000007629395,5503,285.600006103516,106.5,852,716,1
13.75,93.3000030517578,39.2999992370605,0.851999998092651,27.7000007629395,5255,270,106.400001525879,852,716,1
13.5500001907349,93.3000030517578,39.2999992370605,0.837999999523163,29.6000003814697,5101,277.799987792969,106.400001525879,852,716,1
13.7399997711182,93.3000030517578,39.2999992370605,0.829999983310699,32.5,5008,264.100006103516,106.400001525879,852,716,1
13.6499996185303,93.3000030517578,39.2999992370605,0.799000024795532,40.5999984741211,5178,270,106.800003051758,852,715,1
13.960000038147,93.3000030517578,39.2999992370605,0.883000016212463,48.5999984741211,5370,270,106.5,852,715,1
13.75,93.3000030517578,39.2999992370605,0.90200001001358,54.9000015258789,5263,285.600006103516,106.400001525879,852,714,1
13.8800001144409,93.3000030517578,39.2999992370605,0.897000014781952,53.7999992370605,5644,285.600006103516,106.400001525879,852,712,1
13.8199996948242,93.3000030517578,39.2999992370605,0.893999993801117,61.5,5599,266.100006103516,106.400001525879,852,712,1
13.789999961853,93.3000030517578,39.2999992370605,0.875999987125397,59.7999992370605,5613,287.600006103516,106.400001525879,852,711,1
13.8100004196167,93.3000030517578,39.2999992370605,0.907999992370605,68.5,5594,283.700012207031,106.400001525879,852,710,1
13.5799999237061,93.3000030517578,39.2999992370605,0.954999983310699,76.5999984741211,5915,285.600006103516,106.800003051758,852,709,1
13.4700002670288,93.3000030517578,39.2999992370605,0.936999976634979,85.4000015258789,5854,284.600006103516,106.699996948242,852,709,1
13.5200004577637,93.3000030517578,39.2999992370605,0.925000011920929,84,6343,301.200012207031,106.5,852,709,1
13.7600002288818,93.3000030517578,39.2999992370605,0.887000024318695,85.3000030517578,7022,306.100006103516,106.400001525879,852,709,1
13.8100004196167,93.3000030517578,39.2999992370605,0.887000024318695,85.8000030517578,6576,285.600006103516,106.400001525879,852,709,1
13.5699996948242,93.3000030517578,39.2999992370605,0.955999970436096,84.3000030517578,6721,303.200012207031,106.099998474121,852,709,1
13.8299999237061,93.3000030517578,39.2999992370605,0.961000025272369,79.8000030517578,6647,304.200012207031,106.400001525879,852,710,1
13.6499996185303,93.3000030517578,39.2999992370605,0.875999987125397,47.4000015258789,6854,308.100006103516,106.400001525879,852,710,1
13.6899995803833,93.3000030517578,39.2999992370605,0.857999980449677,29.7000007629395,6446,304.200012207031,106.800003051758,852,710,1
13.4300003051758,93.3000030517578,39.2999992370605,0.882000029087067,23.1000003814697,6242,285.600006103516,106.699996948242,853,712,1
13.4899997711182,93.3000030517578,39.2999992370605,0.853999972343445,22.3999996185303,5900,289.5,106.5,853,713,1
13.6800003051758,93.3000030517578,39.2999992370605,0.842999994754791,23.5,5585,292.399993896484,106.400001525879,852,714,1
13.7799997329712,93.3000030517578,39.2999992370605,0.859000027179718,25.3999996185303,5361,282.700012207031,106.5,852,714,1
13.7200002670288,93.4000015258789,39.2999992370605,0.842000007629395,27.2999992370605,5301,280.700012207031,106.5,852,713,1
13.6400003433228,93.4000015258789,39.2999992370605,0.828000009059906,31.3999996185303,5253,278.799987792969,106.400001525879,852,713,1
13.75,93.4000015258789,39.2999992370605,0.846000015735626,43.7999992370605,5358,284.600006103516,106.800003051758,852,713,1
13.8199996948242,93.4000015258789,39.2999992370605,0.889999985694885,51,5153,275.799987792969,106.699996948242,853,712,1
13.8900003433228,93.4000015258789,39.2999992370605,0.949999988079071,54.5999984741211,5302,290.5,106.5,852,712,1
13.9300003051758,93.4000015258789,39.2999992370605,0.968999981880188,52.9000015258789,5420,285.600006103516,106.5,852,710,1
13.9300003051758,93.4000015258789,39.2999992370605,0.893999993801117,54.9000015258789,5224,282.700012207031,106.400001525879,852,710,1
13.960000038147,93.4000015258789,39.2999992370605,0.935000002384186,53.5,5327,283.700012207031,106.5,853,710,1
13.5,93.4000015258789,39.2999992370605,0.898999989032745,46.0999984741211,5352,273.899993896484,106.400001525879,853,709,1
13.9200000762939,93.4000015258789,39.2999992370605,0.837999999523163,38.7999992370605,5012,272.899993896484,107.099998474121,853,709,1
13.8800001144409,93.4000015258789,39.2999992370605,0.839999973773956,55,5119,275.799987792969,106.800003051758,854,708,1
13.789999961853,93.4000015258789,39.2000007629395,0.850000023841858,68.9000015258789,5342,289.5,106.5,854,708,1
13.8699998855591,93.4000015258789,39.2000007629395,0.879999995231628,72.5,5598,288.5,106.5,854,708,1
13.9499998092651,93.4000015258789,39.2000007629395,0.898000001907349,72.5999984741211,5851,299.299987792969,106.5,854,707,1
13.8699998855591,93.4000015258789,39.2000007629395,0.898000001907349,69.5999984741211,6175,302.200012207031,106.5,854,707,1
13.7600002288818,93.4000015258789,39.2000007629395,0.897000014781952,66.4000015258789,6323,295.399993896484,106.5,854,707,1
13.8900003433228,93.4000015258789,39.2000007629395,0.908999979496002,64.5999984741211,6303,294.399993896484,106.5,855,707,1
13.6899995803833,93.4000015258789,39.2000007629395,0.935000002384186,64.6999969482422,6306,302.200012207031,107.099998474121,854,707,1
13.8999996185303,93.4000015258789,39.2000007629395,0.894999980926514,62.7000007629395,6545,305.100006103516,106.800003051758,854,707,1
13.8100004196167,93.4000015258789,39.2000007629395,0.919000029563904,57.0999984741211,6856,297.299987792969,106.699996948242,854,708,1
13.7799997329712,93.5,39.2000007629395,0.898000001907349,52.9000015258789,6846,305.100006103516,106.5,854,708,1
13.8100004196167,93.5,39.2000007629395,0.953000009059906,55.2999992370605,6976,295.399993896484,106.5,854,708,1
13.8100004196167,93.5,39.2000007629395,0.935999989509583,60.4000015258789,7109,303.200012207031,106.5,854,709,1
13.6800003051758,93.5,39.2000007629395,1.00300002098083,67.5999984741211,7352,306.100006103516,106.5,853,709,1
13.8400001525879,93.5,39.2000007629395,0.986000001430511,75.3000030517578,7398,310,106.800003051758,854,710,1
13.8000001907349,93.5,39.2000007629395,0.949000000953674,79.5999984741211,7583,315.899993896484,107.099998474121,854,711,1
13.6599998474121,93.5,39.2000007629395,0.982999980449677,83.0999984741211,7617,309,106.699996948242,854,712,1
13.4300003051758,93.5,39.2000007629395,0.851999998092651,47.2999992370605,7376,308.100006103516,106.5,854,712,1
13.5799999237061,93.5,39.2000007629395,0.791999995708466,25.7000007629395,7206,302.200012207031,106.5,854,713,1
13.8100004196167,93.5,39.2000007629395,0.819000005722046,20.3999996185303,6906,297.299987792969,106.5,854,715,1
13.7299995422363,93.5,39.2000007629395,0.824999988079071,19.5,6601,286.600006103516,106.5,854,716,1
13.6999998092651,93.5,39.2000007629395,0.851000010967255,20.2000007629395,6272,294.399993896484,106.5,855,717,1
13.7299995422363,93.5999984741211,39.2000007629395,0.878000020980835,21.5,6002,292.399993896484,107.199996948242,855,717,1
13.789999961853,93.5999984741211,39.2000007629395,0.875999987125397,21.8999996185303,6183,296.299987792969,106.800003051758,855,717,1
13.5,93.5999984741211,39.2000007629395,0.869000017642975,24.7000007629395,6127,292.399993896484,106.699996948242,855,717,1
13.6499996185303,93.5999984741211,39.2000007629395,0.920000016689301,27.3999996185303,6042,304.200012207031,106.5,856,717,1
13.4200000762939,93.5999984741211,39.2000007629395,0.921999990940094,28.5,6002,300.299987792969,106.5,856,716,1
13.5,93.5999984741211,39.2000007629395,0.920000016689301,29.1000003814697,5967,305.100006103516,106.5,856,715,1
13.4499998092651,93.5999984741211,39.2000007629395,0.908999979496002,29.7000007629395,5903,295.399993896484,106.5,857,714,1
13.8900003433228,93.5999984741211,39.2000007629395,0.90200001001358,30.6000003814697,5784,297.299987792969,106.800003051758,858,713,1
13.8500003814697,93.5999984741211,39.0999984741211,0.897000014781952,28.2999992370605,5655,285.600006103516,107.099998474121,858,713,1
13.8900003433228,93.5999984741211,39.0999984741211,0.834999978542328,28.3999996185303,5541,278.799987792969,106.800003051758,859,712,1
13.75,93.5999984741211,39.0999984741211,0.852999985218048,34.9000015258789,5308,276.799987792969,106.5,859,711,1
13.6000003814697,93.6999969482422,39.0999984741211,0.850000023841858,45.5,5182,271.899993896484,106.5,861,710,1
13.8699998855591,93.6999969482422,39.0999984741211,0.931999981403351,51.5999984741211,5271,265.100006103516,106.699996948242,862,709,1
13.7399997711182,93.6999969482422,39.0999984741211,0.991999983787537,55.7000007629395,5449,272.899993896484,106.5,863,709,1
13.8299999237061,93.6999969482422,39.0999984741211,0.907000005245209,55.7000007629395,5403,263.100006103516,106.5,863,709,1
13.8299999237061,93.8000030517578,39.0999984741211,0.899999976158142,57.9000015258789,5642,277.799987792969,107.199996948242,863,707,1
13.8100004196167,93.8000030517578,39.0999984741211,0.913999974727631,56.5999984741211,5807,292.399993896484,107.099998474121,864,707,1
13.8699998855591,93.8000030517578,39.0999984741211,0.912000000476837,55,5721,284.600006103516,106.699996948242,865,707,1
13.7399997711182,93.8000030517578,39.0999984741211,0.904999971389771,44.2999992370605,5623,277.799987792969,106.699996948242,865,706,1
13.75,93.8000030517578,39.0999984741211,0.897000014781952,38.5999984741211,5751,275.799987792969,106.699996948242,866,706,1
13.8800001144409,93.9000015258789,39.0999984741211,0.884999990463257,30.7999992370605,5598,295.399993896484,106.5,865,706,1
13.8000001907349,93.9000015258789,39.0999984741211,0.870000004768372,28.7999992370605,5481,291.5,106.699996948242,865,706,1
13.8400001525879,93.9000015258789,39.0999984741211,0.862999975681305,28.7000007629395,5445,279.700012207031,107.099998474121,866,706,1
13.7799997329712,93.9000015258789,39.0999984741211,0.857999980449677,29.2999992370605,5285,279.700012207031,107.099998474121,866,706,1
13.8100004196167,93.9000015258789,39.0999984741211,0.837999999523163,31.7999992370605,5535,285.600006103516,106.699996948242,866,705,1
13.9700002670288,93.9000015258789,39.0999984741211,0.83899998664856,36.9000015258789,5578,293.399993896484,106.5,866,705,1
13.8500003814697,94,39.0999984741211,0.860000014305115,44.2999992370605,5678,281.700012207031,106.699996948242,866,703,1
13.8900003433228,94,39.0999984741211,0.853999972343445,54.5999984741211,5452,286.600006103516,106.699996948242,866,703,1
13.7799997329712,94,39.0999984741211,0.935000002384186,62.5999984741211,5192,275.799987792969,106.5,866,703,1
13.9200000762939,94,39.0999984741211,0.977999985218048,67.1999969482422,5218,267.100006103516,106.699996948242,866,703,1
13.9099998474121,94,39.0999984741211,0.986000001430511,68.1999969482422,5474,273.899993896484,107.199996948242,866,702,1
13.8500003814697,94,39.0999984741211,0.899999976158142,64.0999984741211,5621,285.600006103516,106.800003051758,867,701,1
13.9399995803833,94,39.0999984741211,0.903999984264374,61.7999992370605,5842,271,106.699996948242,866,701,1
13.8900003433228,94,39.0999984741211,0.902999997138977,52.7000007629395,5969,277.799987792969,106.699996948242,866,701,1
13.8100004196167,94,39.0999984741211,0.885999977588654,46.2000007629395,6049,290.5,106.5,866,701,1
13.8199996948242,94.0999984741211,39.0999984741211,0.898000001907349,41.0999984741211,5899,289.5,106.699996948242,866,701,1
13.7299995422363,94.0999984741211,39.0999984741211,0.887000024318695,32.4000015258789,5743,278.799987792969,106.699996948242,866,701,1
13.8800001144409,94.0999984741211,39.0999984741211,0.86599999666214,28.6000003814697,5704,292.399993896484,107.099998474121,866,702,1
13.8299999237061,94,39.0999984741211,0.878000020980835,27.2999992370605,5620,301.200012207031,107.199996948242,866,702,1
13.7200002670288,94.0999984741211,39.0999984741211,0.865000009536743,27,5565,289.5,106.800003051758,866,702,1
13.710000038147,94.0999984741211,39.0999984741211,0.842999994754791,27.7999992370605,5358,283.700012207031,106.800003051758,866,701,1
13.8900003433228,94.0999984741211,39.0999984741211,0.84799998998642,33.7999992370605,5560,286.600006103516,106.699996948242,866,701,1
13.8599996566772,94.0999984741211,39.0999984741211,0.89300000667572,38.0999984741211,5623,289.5,106.699996948242,866,701,1
13.8699998855591,94.0999984741211,39.0999984741211,0.899999976158142,40.2999992370605,5768,280.700012207031,106.699996948242,866,700,1
13.6499996185303,94.0999984741211,39.0999984741211,0.913999974727631,44.2999992370605,5161,281.700012207031,106.699996948242,866,700,1
13.8100004196167,94.0999984741211,39.0999984741211,0.929000020027161,51.2999992370605,5230,274.899993896484,107.199996948242,866,699,1
13.8900003433228,94.0999984741211,39.0999984741211,0.947000026702881,59.4000015258789,4928,266.100006103516,107.199996948242,866,699,1
13.8800001144409,94.0999984741211,39.0999984741211,0.952000021934509,52.2999992370605,5083,268,106.800003051758,867,699,1
13.5900001525879,94.0999984741211,39.0999984741211,0.873000025749207,41.0999984741211,5130,271.899993896484,106.699996948242,867,698,1
13.9300003051758,94.0999984741211,39.0999984741211,0.866999983787537,36.5,5170,261.200012207031,106.699996948242,867,698,1
13.960000038147,94.0999984741211,39.0999984741211,0.865000009536743,35.5,5231,281.700012207031,106.800003051758,867,698,1
13.8100004196167,94.0999984741211,39.0999984741211,0.84799998998642,36,5151,267.100006103516,106.699996948242,867,697,1
13.960000038147,94.0999984741211,39.0999984741211,0.820999979972839,45.2000007629395,5291,271.899993896484,106.699996948242,868,697,1
13.8199996948242,94.0999984741211,39.0999984741211,0.875999987125397,67,5629,275.799987792969,107.199996948242,868,697,1
13.8599996566772,94.0999984741211,39.0999984741211,0.842999994754791,70.0999984741211,5938,297.299987792969,107.099998474121,868,697,1
13.8000001907349,94.0999984741211,39.0999984741211,0.885999977588654,75.0999984741211,5508,288.5,106.800003051758,868,698,1
13.9700002670288,94.0999984741211,39.0999984741211,0.929000020027161,82.9000015258789,5955,286.600006103516,106.699996948242,868,697,1
13.8100004196167,94.0999984741211,39.0999984741211,0.889999985694885,86.4000015258789,6371,305.100006103516,106.699996948242,869,697,1
13.8100004196167,94.0999984741211,39.0999984741211,0.88400000333786,88.8000030517578,6195,300.299987792969,106.699996948242,868,697,1
13.8100004196167,94.0999984741211,39.0999984741211,0.898000001907349,88.3000030517578,7021,289.5,106.699996948242,867,697,1
13.8000001907349,94.0999984741211,39.0999984741211,0.952000021934509,88.1999969482422,7288,297.299987792969,107.400001525879,867,697,1
13.9200000762939,94.0999984741211,39.0999984741211,0.912000000476837,90.1999969482422,7227,307.100006103516,107.199996948242,867,698,1
13.7299995422363,94.0999984741211,39.0999984741211,0.947000026702881,89.9000015258789,7466,314.899993896484,106.800003051758,866,698,1
13.7299995422363,94.1999969482422,39.0999984741211,0.910000026226044,88.0999984741211,7774,309,106.800003051758,866,699,1
13.9200000762939,94.1999969482422,39.0999984741211,0.892000019550323,88.8000030517578,7723,326.600006103516,106.800003051758,865,701,1
13.7399997711182,94.0999984741211,39.0999984741211,0.897000014781952,86.3000030517578,8409,302.200012207031,106.699996948242,864,702,1
13.7299995422363,94.0999984741211,39.0999984741211,0.883000016212463,76.4000015258789,8473,303.200012207031,106.699996948242,864,703,1
13.6300001144409,94.1999969482422,39.0999984741211,0.739000022411346,34.7000007629395,7978,311,106.699996948242,865,703,1
13.7299995422363,94.1999969482422,39.2000007629395,0.708000004291534,20.6000003814697,7609,309,107.400001525879,865,706,1
13.7299995422363,94.1999969482422,39.2000007629395,0.773000001907349,18,7171,305.100006103516,107.099998474121,863,707,1
13.6400003433228,94.1999969482422,39.2000007629395,0.763000011444092,19.5,6965,305.100006103516,106.800003051758,862,709,1
13.7200002670288,94.1999969482422,39.2000007629395,0.84799998998642,23.2000007629395,6916,289.5,106.800003051758,862,709,1
13.8599996566772,94.1999969482422,39.2000007629395,0.912000000476837,28.7999992370605,6823,297.299987792969,106.800003051758,862,710,1
13.9300003051758,94.1999969482422,39.0999984741211,0.975000023841858,36.5,7015,305.100006103516,106.800003051758,861,710,1
13.8699998855591,94.1999969482422,39.0999984741211,0.949999988079071,40,7019,302.200012207031,106.800003051758,861,710,1
13.8999996185303,94.1999969482422,39.0999984741211,0.976000010967255,43.2000007629395,7006,293.399993896484,107.400001525879,862,710,1
13.8400001525879,94.1999969482422,39.0999984741211,0.949999988079071,50.7999992370605,7072,309,107.099998474121,861,710,1
13.8900003433228,94.1999969482422,39.0999984741211,0.952000021934509,58.2000007629395,7177,315.899993896484,107.099998474121,861,710,1
13.789999961853,94.1999969482422,39,0.96399998664856,58.2000007629395,7382,309,106.800003051758,863,710,1
13.710000038147,94.1999969482422,39,0.925999999046326,45.9000015258789,7666,305.100006103516,106.800003051758,863,710,1
13.5299997329712,94.1999969482422,39,0.904999971389771,52.5999984741211,7658,309,106.800003051758,864,710,1
13.8900003433228,94.1999969482422,39,0.953000009059906,50.4000015258789,7465,307.100006103516,106.800003051758,864,712,1
13.8900003433228,94.1999969482422,39,0.970000028610229,58.7000007629395,7542,302.200012207031,106.800003051758,865,712,1
13.8599996566772,94.1999969482422,39,1.07099997997284,68.5,7830,313,107.400001525879,866,712,1
13.8100004196167,94.1999969482422,39,0.931999981403351,77.0999984741211,7739,305.100006103516,107.099998474121,866,715,1
13.8800001144409,94.1999969482422,39,1.01699995994568,83,8102,324.700012207031,107.099998474121,867,715,1
13.6899995803833,94.1999969482422,39,0.91100001335144,85.3000030517578,8093,304.200012207031,106.800003051758,868,715,1
13.6599998474121,94.1999969482422,39,0.907000005245209,83,8210,309,106.800003051758,868,716,1
13.710000038147,94.1999969482422,39,0.90200001001358,72.8000030517578,8360,329.600006103516,106.800003051758,867,719,1
13.6199998855591,94.1999969482422,39,1.16600000858307,64.5,7251,312,106.800003051758,868,720,2
13.6400003433228,94.1999969482422,39,1.07400000095367,70,6567,309,107.5,869,723,2
13.4099998474121,94.1999969482422,39,0.814000010490417,62.2999992370605,6631,305.100006103516,107.199996948242,869,724,2
13.1700000762939,94.1999969482422,39,0.805999994277954,67.8000030517578,6593,317.799987792969,107.099998474121,869,725,2
13.6800003051758,94.3000030517578,39,0.824999988079071,73.9000015258789,6704,311,106.800003051758,868,725,2
13.9099998474121,94.3000030517578,39,0.922999978065491,79.0999984741211,6757,302.200012207031,106.800003051758,868,725,2
13.7700004577637,94.3000030517578,39,1.00800001621246,82.1999969482422,6979,299.299987792969,106.800003051758,866,725,2
13.4399995803833,94.3000030517578,39,1.09500002861023,90.5,7136,311,107.099998474121,865,726,2
13.8500003814697,94.3000030517578,39,0.971000015735626,90.1999969482422,7336,316.899993896484,107.099998474121,864,727,2
13.7700004577637,94.3000030517578,39,0.898000001907349,89.3000030517578,7515,308.100006103516,107.5,863,728,2
13.8199996948242,94.4000015258789,39,0.915000021457672,88.5999984741211,7825,326.600006103516,107.199996948242,862,728,2
13.8599996566772,94.4000015258789,39,0.915000021457672,87,7746,313.899993896484,107.099998474121,862,728,2
13.6899995803833,94.4000015258789,39,0.907000005245209,88.4000015258789,8000,308.100006103516,106.800003051758,860,728,2
13.6400003433228,94.4000015258789,39,0.89300000667572,88.8000030517578,8227,324.700012207031,107.099998474121,860,730,2
13.960000038147,94.4000015258789,39,0.879000008106232,87.4000015258789,8046,313.899993896484,107.099998474121,860,731,2
13.8999996185303,94.4000015258789,39,0.908999979496002,85.8000030517578,8248,296.299987792969,106.800003051758,859,733,2
13.789999961853,94.4000015258789,39,0.857999980449677,52.5,8007,309,107.400001525879,859,734,2
13.6400003433228,94.4000015258789,39,0.800000011920929,29.2999992370605,7645,311,107.400001525879,858,734,2
13.5500001907349,94.4000015258789,39,0.763999998569489,23,7361,311,107.199996948242,858,735,2
13.8100004196167,94.4000015258789,39,0.824999988079071,21.2000007629395,7004,308.100006103516,107.099998474121,858,735,2
13.789999961853,94.5,39,0.861000001430511,20.6000003814697,6743,308.100006103516,107.099998474121,859,737,2
13.7600002288818,94.5,39,0.882000029087067,20.2999992370605,6492,297.299987792969,107.099998474121,858,737,2
13.7299995422363,94.5,39,0.879000008106232,21,5991,304.200012207031,106.800003051758,859,737,1
13.8900003433228,94.5,39,0.984000027179718,22.5,6087,296.299987792969,106.800003051758,859,737,1
13.8199996948242,94.5,39,1.37699997425079,22.8999996185303,6050,308.100006103516,107.5,859,737,1
13.8100004196167,94.5,39,1.73399996757507,23.3999996185303,6096,305.100006103516,107.199996948242,858,737,1
13.7600002288818,94.5,39,1.93599998950958,22.5,6574,288.5,107.099998474121,858,736,1
13.6999998092651,94.5,39,0.955999970436096,20.8999996185303,6565,285.600006103516,107.099998474121,858,734,1
13.6700000762939,94.5,38.9000015258789,0.897000014781952,21.2000007629395,6315,303.200012207031,107.099998474121,856,731,1
13.6300001144409,94.5,38.9000015258789,0.915000021457672,21.7999992370605,6009,286.600006103516,107.099998474121,854,730,1
13.8400001525879,94.5,38.9000015258789,0.893999993801117,22.2000007629395,5913,302.200012207031,107.099998474121,853,728,1
13.7700004577637,94.5,38.9000015258789,0.899999976158142,23.2000007629395,5796,305.100006103516,107.400001525879,852,727,1
13.3100004196167,94.5,38.9000015258789,0.889999985694885,24.7999992370605,5605,290.5,107.400001525879,852,727,1
13.789999961853,94.5999984741211,38.9000015258789,0.879999995231628,26.2999992370605,5462,283.700012207031,107.400001525879,851,725,1
13.6400003433228,94.5999984741211,38.9000015258789,0.882000029087067,28.1000003814697,5388,278.799987792969,107.199996948242,850,723,1
13.7700004577637,94.5999984741211,38.9000015258789,0.852999985218048,29.1000003814697,5226,276.799987792969,107.099998474121,849,721,1
13.6499996185303,94.5999984741211,38.9000015258789,0.837000012397766,30.7999992370605,5166,275.799987792969,107.099998474121,850,719,1
13.6599998474121,94.5999984741211,38.9000015258789,0.839999973773956,53.2999992370605,5384,280.700012207031,107.099998474121,850,717,1
13.8000001907349,94.5999984741211,38.9000015258789,0.934000015258789,80.5999984741211,5884,296.299987792969,107.099998474121,851,717,1
13.9300003051758,94.5999984741211,38.9000015258789,0.897000014781952,82.6999969482422,6353,285.600006103516,107.5,851,716,1
13.7399997711182,94.5999984741211,38.9000015258789,0.894999980926514,84,6333,302.200012207031,107.5,851,714,1
13.6099996566772,94.5999984741211,38.9000015258789,0.882000029087067,92.3000030517578,6509,293.399993896484,107.199996948242,852,712,1
13.7399997711182,94.5999984741211,38.9000015258789,0.871999979019165,90.6999969482422,6900,301.200012207031,107.099998474121,852,712,1
13.460000038147,94.5999984741211,38.9000015258789,0.887000024318695,91.6999969482422,6800,312,107.099998474121,852,712,1
13.8599996566772,94.6999969482422,38.9000015258789,0.903999984264374,90.5,6784,291.5,107.099998474121,852,712,1
13.8000001907349,94.6999969482422,38.9000015258789,0.957000017166138,90.4000015258789,7084,279.700012207031,107.099998474121,852,712,1
13.789999961853,94.6999969482422,38.9000015258789,0.896000027656555,88.6999969482422,7610,265.100006103516,107.199996948242,852,712,1
13.3400001525879,94.6999969482422,39,0.903999984264374,90.1999969482422,7728,313,107.5,852,712,1
13.7399997711182,94.6999969482422,39,0.890999972820282,85.3000030517578,8185,296.299987792969,107.199996948242,852,713,1
13.7399997711182,94.6999969482422,39,0.888000011444092,86.0999984741211,8462,299.299987792969,107.199996948242,852,714,1
13.8699998855591,94.6999969482422,39,0.869000017642975,85,8685,328.600006103516,107.099998474121,852,716,1
13.8100004196167,94.6999969482422,39,0.856000006198883,84.8000030517578,9158,325.600006103516,107.099998474121,852,718,1
13.7200002670288,94.6999969482422,39,0.906000018119812,86.3000030517578,7982,315.899993896484,107.199996948242,852,718,2
13.789999961853,94.6999969482422,39.0999984741211,1.53199994564056,89.0999984741211,7460,288.5,107.099998474121,852,719,2
13.6899995803833,94.8000030517578,39.0999984741211,0.953000009059906,88.9000015258789,7442,285.600006103516,107.5,852,720,2
13.8599996566772,94.8000030517578,39.0999984741211,0.916000008583069,89.1999969482422,7438,314.899993896484,107.400001525879,852,721,2
13.8199996948242,94.8000030517578,39.0999984741211,0.945999979972839,90.3000030517578,7769,313,107.199996948242,850,722,2
13.7200002670288,94.8000030517578,39.0999984741211,0.890999972820282,86.8000030517578,7817,307.100006103516,107.099998474121,849,723,2
13.6499996185303,94.8000030517578,39.0999984741211,0.897000014781952,89.5,8078,312,107.099998474121,849,724,2
13.8100004196167,94.8000030517578,39.0999984741211,0.896000027656555,86.1999969482422,8372,310,107.099998474121,849,724,2
13.8100004196167,94.8000030517578,39.0999984741211,0.885999977588654,87.5,8463,310,107.099998474121,849,726,2
13.8000001907349,94.8000030517578,39.0999984741211,0.885999977588654,85.0999984741211,8597,314.899993896484,107.5,849,727,2
13.3900003433228,94.8000030517578,39.0999984741211,0.874000012874603,85.4000015258789,8884,318.799987792969,107.5,848,729,2
13.7200002670288,94.8000030517578,39.2000007629395,0.860000014305115,84.5999984741211,8720,316.899993896484,107.199996948242,847,731,2
13.8900003433228,94.8000030517578,39.2000007629395,0.852999985218048,84.6999969482422,8762,312,107.099998474121,848,732,2
13.710000038147,94.9000015258789,39.2000007629395,0.860000014305115,84.0999984741211,9215,330.5,107.099998474121,848,732,2
13.75,94.9000015258789,39.2000007629395,0.842999994754791,84.5999984741211,8963,308.100006103516,107.099998474121,848,734,2
13.6899995803833,94.9000015258789,39.2000007629395,0.853999972343445,81.0999984741211,9279,326.600006103516,107.099998474121,847,735,2
13.6099996566772,94.9000015258789,39.2000007629395,0.751999974250793,48.2000007629395,8947,332.5,107.400001525879,848,736,2
13.2700004577637,94.9000015258789,39.2000007629395,0.732999980449677,28.5,8684,326.600006103516,107.5,847,738,2
13.4300003051758,94.9000015258789,39.2000007629395,0.806999981403351,22.7000007629395,8532,317.799987792969,107.400001525879,848,740,2
13.5200004577637,94.9000015258789,39.2000007629395,0.853999972343445,20.2999992370605,8239,330.5,107.199996948242,847,740,2
13.5900001525879,94.9000015258789,39.2000007629395,0.782999992370605,18.6000003814697,8008,314.899993896484,107.099998474121,847,740,2
13.75,94.9000015258789,39.2000007629395,0.760999977588654,17.8999996185303,7654,308.100006103516,107.099998474121,847,740,2
13.6899995803833,95,39.2000007629395,0.779999971389771,18.6000003814697,7518,316.899993896484,107.099998474121,847,740,2
13.6599998474121,95,39.2000007629395,0.787999987602234,19,7394,307.100006103516,107.099998474121,846,740,2
13.6499996185303,95,39.2000007629395,0.818000018596649,20.2000007629395,7350,302.200012207031,107.5,846,738,2
13.789999961853,95,39.0999984741211,0.896000027656555,26.7999992370605,7322,309,107.5,846,737,2
12.8699998855591,95,39.0999984741211,0.976000010967255,33.0999984741211,7471,307.100006103516,107.199996948242,846,737,2
12.8999996185303,95,39.0999984741211,0.975000023841858,36.7000007629395,7236,301.200012207031,107.199996948242,846,735,2
13.1300001144409,95,39.0999984741211,0.98199999332428,40.7999992370605,7380,303.200012207031,107.099998474121,847,734,2
13.4799995422363,95,39.0999984741211,0.938000023365021,40.5,7367,302.200012207031,107.199996948242,847,733,2
13.5,95,39.0999984741211,0.949999988079071,41.0999984741211,7392,291.5,107.199996948242,848,733,2
13.4200000762939,95,39.0999984741211,0.936999976634979,29.5,7099,296.299987792969,107.199996948242,850,732,2
13.2399997711182,95,39.0999984741211,0.815999984741211,23.7000007629395,6733,295.399993896484,107.599998474121,851,731,2
13.5,95,39.0999984741211,0.862999975681305,21,6443,304.200012207031,107.400001525879,851,731,2
13.4200000762939,95,39.0999984741211,0.856000006198883,20.8999996185303,5981,281.700012207031,107.199996948242,851,731,2
13.4300003051758,95.0999984741211,39.0999984741211,0.908999979496002,23,5810,304.200012207031,107.199996948242,853,731,1
13.539999961853,95.0999984741211,39.0999984741211,1.32400000095367,23.7999992370605,5780,283.700012207031,107.199996948242,854,731,1
13.5200004577637,95.0999984741211,39.0999984741211,1.62100005149841,24.6000003814697,5690,295.399993896484,107.199996948242,854,730,1
13.4799995422363,95.0999984741211,39.0999984741211,1.92200005054474,26,5717,278.799987792969,107.199996948242,854,729,1
13.3400001525879,95.0999984741211,39.0999984741211,1.90100002288818,25.3999996185303,5918,288.5,107.599998474121,854,728,1
13.3999996185303,95.0999984741211,39.0999984741211,0.925999999046326,25.1000003814697,5735,285.600006103516,107.5,852,728,1
13.5,95.0999984741211,39.0999984741211,0.898999989032745,26.1000003814697,5453,275.799987792969,107.199996948242,852,726,1
13.5200004577637,95.0999984741211,39.0999984741211,0.894999980926514,28,5230,267.100006103516,107.199996948242,851,724,1
13.5500001907349,95.0999984741211,39.0999984741211,0.865000009536743,29.1000003814697,5057,268,107.099998474121,850,722,1
13.4700002670288,95.0999984741211,39.0999984741211,0.83899998664856,30.8999996185303,5044,273.899993896484,107.199996948242,848,720,1
13.6300001144409,95.0999984741211,39.0999984741211,0.828999996185303,35.9000015258789,5077,269,107.199996948242,847,718,1
13.5799999237061,95.0999984741211,39.0999984741211,0.873000025749207,39.2000007629395,5303,275.799987792969,107.099998474121,847,717,1
13.4399995803833,95.0999984741211,39.0999984741211,0.920000016689301,38.7000007629395,5017,260.200012207031,107.599998474121,847,717,1
13.6400003433228,95.0999984741211,39.0999984741211,0.893999993801117,40.2000007629395,4811,253.399993896484,107.400001525879,847,716,1
13.6899995803833,95.0999984741211,39.0999984741211,0.944999992847443,48.5999984741211,5078,270,107.199996948242,848,714,1
13.2200002670288,95.1999969482422,39.0999984741211,0.888999998569489,57.5,5449,283.700012207031,107.099998474121,847,712,1
13.6700000762939,95.1999969482422,39.0999984741211,0.871999979019165,61.7000007629395,4911,266.100006103516,107.099998474121,847,712,1
13.6199998855591,95.1999969482422,39.0999984741211,0.964999973773956,66.1999969482422,5444,281.700012207031,107.099998474121,848,710,1
13.6499996185303,95.1999969482422,39.0999984741211,0.898000001907349,80.5,5776,284.600006103516,107.099998474121,849,710,1
13.5900001525879,95.1999969482422,39.0999984741211,0.834999978542328,69.5,5459,279.700012207031,107.400001525879,849,709,1
13.2399997711182,95.1999969482422,39.0999984741211,0.848999977111816,69.6999969482422,5832,288.5,107.5,849,709,1
13.6099996566772,95.1999969482422,39.0999984741211,0.892000019550323,66.3000030517578,6048,290.5,107.400001525879,849,709,1
13.4200000762939,95.1999969482422,39.0999984741211,0.887000024318695,57.5,6025,294.399993896484,107.199996948242,849,709,1
13.5100002288818,95.1999969482422,39.0999984741211,0.944999992847443,60.2999992370605,6173,300.299987792969,107.099998474121,849,709,1
13.6999998092651,95.1999969482422,39.0999984741211,0.954999983310699,60.2999992370605,6304,293.399993896484,107.099998474121,850,709,1
13.6499996185303,95.1999969482422,39.0999984741211,0.920000016689301,57.2000007629395,6522,303.200012207031,107.199996948242,850,709,1
13.3500003814697,95.1999969482422,39.0999984741211,0.954999983310699,57.7000007629395,6545,298.299987792969,107.199996948242,849,709,1
13.5799999237061,95.3000030517578,39.0999984741211,0.958000004291534,55.7999992370605,6711,305.100006103516,107.199996948242,849,709,1
13.6199998855591,95.3000030517578,39.0999984741211,0.936999976634979,38.0999984741211,6511,302.200012207031,107.5,849,710,1
13.4499998092651,95.3000030517578,39.2000007629395,0.892000019550323,27.5,6113,286.600006103516,107.400001525879,849,710,1
13.460000038147,95.3000030517578,39.2000007629395,0.883000016212463,25.2000007629395,5760,295.399993896484,107.199996948242,850,710,1
13.3199996948242,95.3000030517578,39.2000007629395,0.890999972820282,24.7000007629395,5623,271.899993896484,107.199996948242,850,711,1
13.5799999237061,95.3000030517578,39.2000007629395,0.869000017642975,25.1000003814697,5705,285.600006103516,107.199996948242,850,711,1
13.5600004196167,95.3000030517578,39.2000007629395,0.869000017642975,24.7000007629395,5635,290.5,107.199996948242,850,711,1
13.6300001144409,95.3000030517578,39.2000007629395,0.851999998092651,25.7999992370605,5472,281.700012207031,107.099998474121,851,711,1
13.4700002670288,95.3000030517578,39.2000007629395,0.874000012874603,28.5,5348,282.700012207031,107.599998474121,851,710,1
13.6099996566772,95.3000030517578,39.2000007629395,0.846000015735626,30,5309,277.799987792969,107.5,852,710,1
13.539999961853,95.3000030517578,39.2000007629395,0.846000015735626,35.4000015258789,5265,281.700012207031,107.199996948242,852,709,1
13.6700000762939,95.3000030517578,39.2000007629395,0.890999972820282,42.2999992370605,5257,272.899993896484,107.099998474121,853,709,1
13.4499998092651,95.3000030517578,39.0999984741211,0.940999984741211,48.2999992370605,5336,277.799987792969,107.199996948242,853,708,1
13.4899997711182,95.3000030517578,39.0999984741211,0.962000012397766,53.7000007629395,5311,276.799987792969,107.099998474121,854,707,1
13.6800003051758,95.3000030517578,39.0999984741211,0.941999971866608,54.2000007629395,5224,280.700012207031,107.199996948242,854,706,1
13.5299997329712,95.4000015258789,39.0999984741211,0.944000005722046,53.7000007629395,5449,285.600006103516,107.599998474121,856,705,1
13.6400003433228,95.3000030517578,39.0999984741211,0.903999984264374,52.2000007629395,5492,283.700012207031,107.5,856,705,1
13.1800003051758,95.4000015258789,39.0999984741211,0.903999984264374,51.9000015258789,5575,284.600006103516,107.199996948242,857,705,1
13.6800003051758,95.4000015258789,39.0999984741211,0.892000019550323,51.2999992370605,5536,282.700012207031,107.199996948242,857,705,1
13.6199998855591,95.4000015258789,39.0999984741211,0.944000005722046,53.2999992370605,5554,282.700012207031,107.199996948242,858,704,1
13.4499998092651,95.4000015258789,39.0999984741211,0.948000013828278,54.2000007629395,5731,285.600006103516,107.199996948242,858,704,1
13.6199998855591,95.4000015258789,39.0999984741211,0.921000003814697,54.7000007629395,5453,274.899993896484,107.199996948242,858,704,1
13.6000003814697,95.4000015258789,39.0999984741211,0.962000012397766,56.5999984741211,5556,283.700012207031,107.400001525879,859,704,1
13.5,95.4000015258789,39.0999984741211,0.958000004291534,42.4000015258789,5495,272.899993896484,107.5,859,704,1
13.6300001144409,95.4000015258789,39.0999984741211,0.855000019073486,33.9000015258789,5470,266.100006103516,107.199996948242,859,704,1
13.3599996566772,95.4000015258789,39.0999984741211,0.888000011444092,30.8999996185303,5424,274.899993896484,107.199996948242,859,705,1
13.6400003433228,95.4000015258789,39.0999984741211,0.857999980449677,31.6000003814697,5340,260.200012207031,107.199996948242,860,705,1
13.6499996185303,95.4000015258789,39.0999984741211,0.84799998998642,32.5999984741211,5376,272.899993896484,107.199996948242,860,705,1
13.5799999237061,95.4000015258789,39.0999984741211,0.851000010967255,33.0999984741211,5426,275.799987792969,107.199996948242,860,705,1
13.6499996185303,95.4000015258789,39.0999984741211,0.864000022411346,36.2999992370605,5384,275.799987792969,107.199996948242,860,704,1
13.6700000762939,95.4000015258789,39.0999984741211,0.884999990463257,34.4000015258789,5500,272.899993896484,107.599998474121,861,704,1
13.5500001907349,95.4000015258789,39.0999984741211,0.836000025272369,32.0999984741211,5201,264.100006103516,107.5,861,704,1
13.4700002670288,95.4000015258789,39.0999984741211,0.792999982833862,47.9000015258789,5285,275.799987792969,107.400001525879,861,703,1
13.5100002288818,95.4000015258789,39.0999984741211,0.837000012397766,51.9000015258789,5175,271.899993896484,107.199996948242,861,702,1
13.539999961853,95.5,39.0999984741211,0.943000018596649,55.2999992370605,5291,275.799987792969,107.199996948242,861,701,1
13.6499996185303,95.5,39.0999984741211,0.954999983310699,65.6999969482422,5416,272.899993896484,107.199996948242,861,701,1
13.5900001525879,95.4000015258789,39.0999984741211,0.897000014781952,78.0999984741211,5552,284.600006103516,107.199996948242,863,701,1
13.4499998092651,95.5,39.0999984741211,0.897000014781952,84.0999984741211,5789,298.299987792969,107.400001525879,863,701,1
13.3400001525879,95.4000015258789,39.0999984741211,0.842999994754791,90.8000030517578,6012,297.299987792969,107.599998474121,862,700,1
13.5100002288818,95.4000015258789,39.0999984741211,0.864000022411346,94.0999984741211,6571,292.399993896484,107.5,862,699,1
13.5699996948242,95.5,39.0999984741211,0.865000009536743,91.3000030517578,6745,286.600006103516,107.400001525879,863,699,1
13.6199998855591,95.4000015258789,39.0999984741211,0.882000029087067,89.3000030517578,7098,313,107.199996948242,861,700,1
13.3400001525879,95.4000015258789,39.0999984741211,0.913999974727631,90.6999969482422,7378,304.200012207031,107.199996948242,861,701,1
13.6099996566772,95.4000015258789,39.0999984741211,0.902999997138977,89.3000030517578,7583,327.600006103516,107.199996948242,861,701,1
13.5600004196167,95.5,39.2000007629395,0.890999972820282,87.6999969482422,7602,295.399993896484,107.400001525879,861,702,1
13.210000038147,95.4000015258789,39.2000007629395,0.907000005245209,89.1999969482422,8019,314.899993896484,107.599998474121,860,703,1
13.6199998855591,95.4000015258789,39.2000007629395,0.890999972820282,86.1999969482422,8064,307.100006103516,107.599998474121,860,703,1
13.5,95.4000015258789,39.2000007629395,0.897000014781952,86.4000015258789,8367,303.200012207031,107.5,860,704,1
13.6499996185303,95.4000015258789,39.2000007629395,0.883000016212463,84.5,8588,327.600006103516,107.199996948242,859,706,1
13.5600004196167,95.4000015258789,39.2000007629395,0.870999991893768,85.5,8638,324.700012207031,107.400001525879,859,707,1
13.4499998092651,95.4000015258789,39.2000007629395,1.29999995231628,89.5999984741211,7104,295.399993896484,107.199996948242,858,709,2
13.460000038147,95.4000015258789,39.2000007629395,1.51699995994568,90.4000015258789,7104,313.899993896484,107.199996948242,858,709,2
13.4799995422363,95.4000015258789,39.2000007629395,1.00999999046326,91.8000030517578,7249,310,107.199996948242,858,711,2
13.6000003814697,95.4000015258789,39.2000007629395,0.907999992370605,90.3000030517578,7509,317.799987792969,107.599998474121,858,712,2
13.3900003433228,95.4000015258789,39.2000007629395,0.896000027656555,89.0999984741211,7633,311,107.5,857,713,2
13.6999998092651,95.4000015258789,39.2000007629395,0.90200001001358,88.0999984741211,7636,326.600006103516,107.400001525879,856,715,2
13.5,95.4000015258789,39.2000007629395,0.894999980926514,88.5,8032,302.200012207031,107.199996948242,855,716,2
13.4399995803833,95.4000015258789,39.2000007629395,0.892000019550323,88.5999984741211,8040,320.799987792969,107.400001525879,854,717,2
13.2700004577637,95.4000015258789,39.2999992370605,0.890999972820282,87.4000015258789,8393,323.700012207031,107.400001525879,854,717,2
13.1400003433228,95.4000015258789,39.2999992370605,0.888000011444092,86.6999969482422,8575,327.600006103516,107.900001525879,854,719,2
13.5,95.4000015258789,39.2999992370605,0.879000008106232,86,8675,326.600006103516,107.599998474121,852,721,2
13.6099996566772,95.4000015258789,39.2999992370605,0.857999980449677,85.0999984741211,8862,327.600006103516,107.400001525879,852,723,2
13.5299997329712,95.4000015258789,39.2999992370605,0.860000014305115,85.3000030517578,8824,309,107.199996948242,852,724,2
13.5799999237061,95.4000015258789,39.2999992370605,0.848999977111816,84.3000030517578,9135,325.600006103516,107.400001525879,852,726,2
13.3999996185303,95.4000015258789,39.2999992370605,0.850000023841858,84.4000015258789,9118,314.899993896484,107.400001525879,853,728,2
13.5200004577637,95.4000015258789,39.2999992370605,0.845000028610229,83.3000030517578,9405,320.799987792969,107.400001525879,853,728,2
13.3699998855591,95.4000015258789,39.2999992370605,0.837999999523163,82.9000015258789,9541,326.600006103516,107.199996948242,853,730,2
13.5500001907349,95.4000015258789,39.2999992370605,0.828999996185303,84.5,9669,335.399993896484,107.599998474121,853,731,2
13.289999961853,95.4000015258789,39.2999992370605,0.819000005722046,72.5,9573,337.399993896484,107.5,853,733,2
13.5200004577637,95.4000015258789,39.2999992370605,0.689000010490417,33.2999992370605,8911,319.799987792969,107.400001525879,853,735,2
13.3299999237061,95.4000015258789,39.2999992370605,0.745999991893768,21.3999996185303,8461,326.600006103516,107.400001525879,852,735,2
13.6099996566772,95.4000015258789,39.2999992370605,0.707000017166138,19.1000003814697,8232,321.700012207031,107.400001525879,852,737,2
13.4700002670288,95.3000030517578,39.2999992370605,0.755999982357025,18.2000007629395,7962,311,107.400001525879,852,737,2
13.4499998092651,95.3000030517578,39.2999992370605,0.790000021457672,18.3999996185303,7512,320.799987792969,107.900001525879,853,738,2
13.6199998855591,95.3000030517578,39.2999992370605,0.823000013828278,19.3999996185303,7134,310,107.900001525879,852,738,2
13.6199998855591,95.3000030517578,39.2999992370605,0.892000019550323,20.5,6922,305.100006103516,107.5,852,737,2
13.6099996566772,95.3000030517578,39.2999992370605,0.944999992847443,21,6915,296.299987792969,107.400001525879,852,737,2
13.4899997711182,95.3000030517578,39.2000007629395,0.991999983787537,21.2999992370605,6818,303.200012207031,107.400001525879,853,736,2
13.6499996185303,95.3000030517578,39.2000007629395,1.06299996376038,28.3999996185303,6638,292.399993896484,107.400001525879,853,736,2
13.6999998092651,95.3000030517578,39.2000007629395,1.22300004959106,32.0999984741211,6710,294.399993896484,107.400001525879,853,735,2
13.6199998855591,95.3000030517578,39.2000007629395,1.26800000667572,44,6470,302.200012207031,107.400001525879,855,733,2
13.6899995803833,95.3000030517578,39.2000007629395,1.54499995708466,50.5,6466,288.5,107.900001525879,856,732,2
13.6499996185303,95.3000030517578,39.2000007629395,1.87999999523163,60.2000007629395,6321,303.200012207031,107.599998474121,856,731,2
13.6000003814697,95.3000030517578,39.2000007629395,2.11299991607666,59.9000015258789,6746,307.100006103516,107.5,857,731,2
13.5900001525879,95.3000030517578,39.2000007629395,1.29799997806549,64.3000030517578,6682,300.299987792969,107.400001525879,858,731,2
13.5100002288818,95.3000030517578,39.2000007629395,1.06299996376038,74.6999969482422,6660,309,107.400001525879,858,730,2
13.4799995422363,95.3000030517578,39.2000007629395,0.968999981880188,76.3000030517578,6861,294.399993896484,107.400001525879,858,729,2
13.5500001907349,95.3000030517578,39.2000007629395,0.958000004291534,75.8000030517578,6896,307.100006103516,107.400001525879,857,728,2
13.3500003814697,95.3000030517578,39.2000007629395,0.966000020503998,66.9000015258789,6981,301.200012207031,107.900001525879,857,728,2
13.6099996566772,95.3000030517578,39.2000007629395,0.889999985694885,51.0999984741211,6879,292.399993896484,107.900001525879,857,728,2
13.6199998855591,95.3000030517578,39.2000007629395,0.912000000476837,47,6949,284.600006103516,107.5,856,728,2
13.6700000762939,95.3000030517578,39.2000007629395,0.930999994277954,45.5999984741211,6976,296.299987792969,107.400001525879,856,728,2
13.6099996566772,95.3000030517578,39.2000007629395,0.935000002384186,44.5,7079,307.100006103516,107.400001525879,856,728,2
13.6400003433228,95.3000030517578,39.2000007629395,0.935999989509583,44.5999984741211,7099,302.200012207031,107.400001525879,856,729,2
13.4200000762939,95.3000030517578,39.2000007629395,0.939000010490417,45.2999992370605,7076,301.200012207031,107.400001525879,856,729,2
13.5799999237061,95.3000030517578,39.2000007629395,0.931999981403351,43.7999992370605,6925,305.100006103516,107.5,856,730,2
13.6599998474121,95.3000030517578,39.2000007629395,0.903999984264374,40.7000007629395,6924,299.299987792969,107.900001525879,856,730,2
13.6300001144409,95.3000030517578,39.2000007629395,0.924000024795532,40.2000007629395,7010,299.299987792969,107.5,857,730,2
13.6099996566772,95.3000030517578,39.2000007629395,0.904999971389771,39.2000007629395,7028,294.399993896484,107.400001525879,857,730,2
13.4799995422363,95.3000030517578,39.2000007629395,0.931999981403351,39.5999984741211,7010,316.899993896484,107.400001525879,857,730,2
13.6099996566772,95.3000030517578,39.2000007629395,0.924000024795532,39.5999984741211,6922,299.299987792969,107.400001525879,857,731,2
13.6800003051758,95.3000030517578,39.2000007629395,0.944999992847443,42.7000007629395,6894,305.100006103516,107.400001525879,858,731,2
13.5699996948242,95.3000030517578,39.2000007629395,0.96399998664856,49.4000015258789,6972,296.299987792969,107.400001525879,859,731,2
13.6800003051758,95.3000030517578,39.2000007629395,0.990000009536743,57.4000015258789,7013,310,107.900001525879,859,731,2
13.6300001144409,95.3000030517578,39.2000007629395,0.950999975204468,60.0999984741211,6942,314.899993896484,107.599998474121,859,731,2
13.5500001907349,95.3000030517578,39.2000007629395,0.917999982833862,50.9000015258789,7011,294.399993896484,107.5,859,731,2
13.5100002288818,95.3000030517578,39.2000007629395,0.919000029563904,49.0999984741211,7079,293.399993896484,107.400001525879,860,731,2
13.6199998855591,95.3000030517578,39.2000007629395,0.85699999332428,32.5999984741211,7069,283.700012207031,107.400001525879,861,732,2
13.6400003433228,95.3000030517578,39.2000007629395,0.875,26.7000007629395,6919,301.200012207031,107.400001525879,861,732,2
13.5600004196167,95.3000030517578,39.2000007629395,0.889999985694885,23.5,6637,291.5,107.400001525879,862,732,2
13.5,95.3000030517578,39.2000007629395,0.88400000333786,21,6402,301.200012207031,107.599998474121,863,732,2
13.5,95.3000030517578,39.2000007629395,0.865000009536743,21.7999992370605,5997,285.600006103516,107.900001525879,863,732,2
13.5299997329712,95.3000030517578,39.2000007629395,0.885999977588654,23.5,5511,276.799987792969,107.599998474121,863,732,1
13.539999961853,95.3000030517578,39.2000007629395,1.02300000190735,25.2999992370605,5400,276.799987792969,107.5,863,731,1
13.5200004577637,95.3000030517578,39.0999984741211,1.49699997901917,27.2999992370605,4976,257.299987792969,107.400001525879,864,731,1
13.6000003814697,95.3000030517578,39.0999984741211,1.82099997997284,28.6000003814697,4823,257.299987792969,107.400001525879,864,729,1
13.2299995422363,95.3000030517578,39.0999984741211,2.15499997138977,29.8999996185303,4901,264.100006103516,107.400001525879,864,728,1
13.5799999237061,95.3000030517578,39.0999984741211,1.03699994087219,30.3999996185303,4796,264.100006103516,107.400001525879,862,728,1
13.2299995422363,95.3000030517578,39.0999984741211,1.12600004673004,30.8999996185303,4903,265.100006103516,107.900001525879,862,726,1
13.5900001525879,95.3000030517578,39.0999984741211,1.68599998950958,30,4973,273.899993896484,107.900001525879,860,724,1
13.5100002288818,95.3000030517578,39.0999984741211,2.15199995040894,29.7999992370605,4893,256.299987792969,107.5,860,724,1
13.5699996948242,95.3000030517578,39.0999984741211,1.10699999332428,30.1000003814697,5116,271.899993896484,107.5,858,722,1
13.5299997329712,95.3000030517578,39.0999984741211,0.870999991893768,32.4000015258789,4951,269,107.5,857,720,1
13.4499998092651,95.3000030517578,39.0999984741211,0.818000018596649,42.9000015258789,5031,266.100006103516,107.400001525879,854,718,1
13.5,95.3000030517578,39.0999984741211,0.915000021457672,60.2000007629395,5527,279.700012207031,107.400001525879,852,716,1
13.6199998855591,95.3000030517578,39.0999984741211,0.944000005722046,65.6999969482422,5297,273.899993896484,108,852,716,1
13.4799995422363,95.3000030517578,39.0999984741211,0.870999991893768,64,5652,282.700012207031,107.599998474121,850,715,1
13.3500003814697,95.3000030517578,39.0999984741211,0.894999980926514,70.0999984741211,5630,269,107.5,849,713,1
13.2799997329712,95.3000030517578,39.0999984741211,0.884999990463257,61.5,5631,282.700012207031,107.400001525879,848,712,1
13.5799999237061,95.3000030517578,39.0999984741211,0.921000003814697,57,5772,291.5,107.400001525879,847,711,1
13.6499996185303,95.3000030517578,39.0999984741211,0.890999972820282,40.5999984741211,5578,282.700012207031,107.400001525879,847,710,1
13.6099996566772,95.3000030517578,39.0999984741211,0.85699999332428,32.4000015258789,5657,282.700012207031,107.900001525879,846,710,1
13.6899995803833,95.3000030517578,39.0999984741211,0.883000016212463,28.7999992370605,5516,276.799987792969,107.599998474121,846,710,1
13.6899995803833,95.3000030517578,39.0999984741211,0.833000004291534,27.6000003814697,5425,273.899993896484,107.5,845,710,1
13.6700000762939,95.3000030517578,39.0999984741211,0.842999994754791,28.1000003814697,5251,275.799987792969,107.5,845,710,1
13.4300003051758,95.3000030517578,39.0999984741211,0.828000009059906,28,5287,277.799987792969,107.5,845,709,1
13.5,95.3000030517578,39.0999984741211,0.814999997615814,29.3999996185303,5086,271.899993896484,107.400001525879,844,708,1
13.6599998474121,95.3000030517578,39.0999984741211,0.814000010490417,37.5,5117,272.899993896484,107.400001525879,844,707,1
13.6499996185303,95.3000030517578,39.0999984741211,0.773000001907349,45.4000015258789,5495,288.5,107.400001525879,844,707,1
13.6300001144409,95.3000030517578,39.0999984741211,0.91100001335144,47.4000015258789,5427,285.600006103516,107.900001525879,844,706,1
13.7299995422363,95.1999969482422,39.0999984741211,0.89300000667572,52.2999992370605,5155,275.799987792969,107.5,844,705,1
13.6400003433228,95.1999969482422,39.0999984741211,0.926999986171722,55.5,5294,275.799987792969,107.5,844,704,1
13.7200002670288,95.1999969482422,39.0999984741211,0.879000008106232,76.6999969482422,5354,279.700012207031,107.5,844,703,1
13.539999961853,95.1999969482422,39.0999984741211,0.869000017642975,81.8000030517578,5592,270,107.400001525879,845,703,1
13.4399995803833,95.1999969482422,39.0999984741211,0.885999977588654,87.9000015258789,5644,280.700012207031,107.400001525879,845,703,1
13.1999998092651,95.1999969482422,39.0999984741211,0.906000018119812,92.1999969482422,5954,286.600006103516,107.400001525879,845,702,1
13.7200002670288,95.1999969482422,39.0999984741211,0.862999975681305,93.5999984741211,6380,302.200012207031,108,845,702,1
13.6499996185303,95.1999969482422,39.0999984741211,0.870999991893768,92.5999984741211,6578,295.399993896484,107.900001525879,846,701,1
13.4499998092651,95.1999969482422,39.0999984741211,0.869000017642975,91.5999984741211,6560,295.399993896484,107.5,846,701,1
13.6000003814697,95.1999969482422,39.0999984741211,0.906000018119812,92.0999984741211,6997,299.299987792969,107.5,845,702,1
13.5799999237061,95.1999969482422,39.0999984741211,0.919000029563904,90.0999984741211,7290,318.799987792969,107.5,845,703,1
13.6499996185303,95.1999969482422,39.0999984741211,0.912000000476837,89,7663,315.899993896484,107.400001525879,845,703,1
13.6300001144409,95.1999969482422,39.2000007629395,0.890999972820282,87.4000015258789,8090,309,107.400001525879,844,703,1
13.4899997711182,95.1999969482422,39.2000007629395,0.870000004768372,86.1999969482422,8225,321.700012207031,107.5,844,704,1
13.5299997329712,95.1999969482422,39.2000007629395,0.885999977588654,63.0999984741211,7173,312,108,844,705,2
13.4700002670288,95.1999969482422,39.2000007629395,1.53400003910065,44.5,5932,294.399993896484,107.599998474121,844,706,2
13.5500001907349,95.0999984741211,39.2000007629395,0.995999991893768,34.9000015258789,6089,290.5,107.5,844,709,2
13.5600004196167,95.0999984741211,39.2000007629395,0.894999980926514,27.8999996185303,6025,287.600006103516,107.5,844,709,2
13.6499996185303,95.0999984741211,39.2000007629395,0.889999985694885,25.2000007629395,5857,271,107.400001525879,844,709,2
13.3999996185303,95.0999984741211,39.2000007629395,0.889999985694885,24.2999992370605,5814,283.700012207031,107.5,843,710,2
13.5200004577637,95.0999984741211,39.2000007629395,0.878000020980835,23.8999996185303,5774,284.600006103516,107.5,842,710,2
13.6499996185303,95.0999984741211,39.2000007629395,0.879000008106232,23.8999996185303,5520,279.700012207031,107.900001525879,842,710,2
13.5500001907349,95.0999984741211,39.2000007629395,1.22399997711182,25,5547,272.899993896484,107.599998474121,842,710,2
13.6099996566772,95.0999984741211,39.2000007629395,1.58000004291534,25.3999996185303,5374,274.899993896484,107.599998474121,842,709,2
13.3599996566772,95.0999984741211,39.2000007629395,1.95299994945526,26.7000007629395,5340,282.700012207031,107.5,841,709,2
13.6700000762939,95.0999984741211,39.2000007629395,2.02300000190735,28.7999992370605,5164,267.100006103516,107.5,841,709,2
13.6499996185303,95.0999984741211,39.2000007629395,1.06500005722046,31.8999996185303,5127,271,107.5,840,707,2
13.5900001525879,95.0999984741211,39.2000007629395,0.89300000667572,38.2999992370605,5296,278.799987792969,107.5,839,705,2
13.4899997711182,95.0999984741211,39.0999984741211,0.919000029563904,50.7000007629395,5355,276.799987792969,107.900001525879,837,704,2
13.5900001525879,95.0999984741211,39.0999984741211,0.931999981403351,59.2000007629395,5439,289.5,107.900001525879,836,704,2
13.6800003051758,95.0999984741211,39.0999984741211,0.968999981880188,65.5,5182,271,107.599998474121,835,703,2
13.460000038147,95,39.0999984741211,0.976999998092651,67.8000030517578,5092,263.100006103516,107.5,835,703,2
13.5100002288818,95,39.0999984741211,0.975000023841858,68.9000015258789,4966,270,107.5,835,702,2
13.5100002288818,95,39.0999984741211,1.01499998569489,69.0999984741211,5178,278.799987792969,107.5,834,701,2
13.6700000762939,95,39.0999984741211,0.952000021934509,67,5333,272.899993896484,107.5,834,701,2
13.710000038147,95,39.0999984741211,0.991999983787537,63.5,5332,278.799987792969,107.599998474121,834,701,2
13.6199998855591,95,39.0999984741211,0.887000024318695,60.4000015258789,5409,272.899993896484,108,834,701,2
13.5500001907349,95,39.0999984741211,0.897000014781952,55.7999992370605,5301,278.799987792969,107.599998474121,835,701,2
13.3900003433228,95,39.0999984741211,0.89300000667572,54.0999984741211,5122,265.100006103516,107.599998474121,835,702,2
13.710000038147,95,39.0999984741211,0.898000001907349,46.5999984741211,5271,272.899993896484,107.5,835,702,2
13.4899997711182,95,39.0999984741211,0.897000014781952,39.7999992370605,5115,278.799987792969,107.5,835,702,2
13.5200004577637,95,39.0999984741211,0.878000020980835,35.7999992370605,5199,284.600006103516,107.5,835,702,2
13.6000003814697,95,39.0999984741211,0.875999987125397,41.2000007629395,5139,275.799987792969,107.5,835,702,2
13.5799999237061,95,39.0999984741211,0.941999971866608,43.7999992370605,5126,271.899993896484,108,836,702,2
13.5600004196167,94.9000015258789,39.0999984741211,0.939000010490417,51.0999984741211,5015,271,108,836,702,2
13.4099998474121,94.9000015258789,39.0999984741211,1.00899994373322,59.5,4975,273.899993896484,107.599998474121,837,702,2
13.3800001144409,94.9000015258789,39.0999984741211,1.01900005340576,66.8000030517578,4932,263.100006103516,107.5,837,702,2
13.4700002670288,94.9000015258789,39.0999984741211,1.01300001144409,69.5,5253,275.799987792969,107.5,837,701,2
13.4899997711182,94.9000015258789,39.0999984741211,0.985000014305115,70.3000030517578,5312,283.700012207031,107.5,839,702,2
13.3199996948242,94.9000015258789,39.0999984741211,0.940999984741211,78.3000030517578,5277,278.799987792969,107.5,840,702,2
13.4499998092651,94.9000015258789,39.0999984741211,1.00300002098083,77.6999969482422,5414,287.600006103516,107.5,840,702,2
13.6999998092651,94.8000030517578,39.0999984741211,0.934000015258789,84.4000015258789,5913,288.5,108,840,702,2
13.1599998474121,94.9000015258789,39.0999984741211,0.889999985694885,91.9000015258789,5540,272.899993896484,107.599998474121,840,702,2
13.5299997329712,94.8000030517578,39.0999984741211,0.875999987125397,90.9000015258789,5703,276.799987792969,107.5,841,703,2
13.6000003814697,94.8000030517578,39.0999984741211,0.864000022411346,92.5,5927,292.399993896484,107.5,842,704,2
13.5299997329712,94.8000030517578,39.0999984741211,0.861000001430511,91.9000015258789,6022,283.700012207031,107.5,842,705,2
13.6199998855591,94.8000030517578,39.0999984741211,0.879000008106232,92.5,6485,302.200012207031,107.5,843,705,2
13.5,94.8000030517578,39.2000007629395,0.894999980926514,93.1999969482422,6584,285.600006103516,107.599998474121,843,706,2
13.6099996566772,94.8000030517578,39.2000007629395,0.913999974727631,91.9000015258789,6555,292.399993896484,107.5,843,706,2
13.5,94.8000030517578,39.2000007629395,0.907000005245209,89.6999969482422,6892,305.100006103516,108,843,706,2
13.5699996948242,94.8000030517578,39.2000007629395,0.920000016689301,86.4000015258789,6848,307.100006103516,107.900001525879,842,707,2
13.5600004196167,94.8000030517578,39.2000007629395,0.912000000476837,84.3000030517578,7195,305.100006103516,107.5,843,708,2
13.6499996185303,94.8000030517578,39.2000007629395,0.954999983310699,81.5,7278,305.100006103516,107.5,843,710,2
13.6300001144409,94.6999969482422,39.2000007629395,0.899999976158142,76.6999969482422,7386,314.899993896484,107.5,842,710,2
13.5100002288818,94.8000030517578,39.2000007629395,1,73.9000015258789,7309,296.299987792969,107.599998474121,842,711,2
13.3599996566772,94.6999969482422,39.2000007629395,0.99099999666214,66.1999969482422,7437,300.299987792969,108,842,711,2
13.5900001525879,94.6999969482422,39.2000007629395,0.926999986171722,67.1999969482422,7480,311,108,842,713,2
13.6000003814697,94.6999969482422,39.2000007629395,0.968999981880188,67.8000030517578,7665,309,107.900001525879,842,715,2
13.5299997329712,94.6999969482422,39.2000007629395,0.949999988079071,67.4000015258789,7527,302.200012207031,107.599998474121,843,717,2
13.6199998855591,94.6999969482422,39.2000007629395,0.948000013828278,55.7000007629395,7489,305.100006103516,107.5,843,718,2
13.289999961853,94.6999969482422,39.2000007629395,0.926999986171722,41.2999992370605,7530,298.299987792969,107.5,844,720,2
13.4399995803833,94.6999969482422,39.2000007629395,0.873000025749207,37,7469,308.100006103516,107.599998474121,844,722,2
13.5699996948242,94.6999969482422,39.2000007629395,0.948000013828278,33.7999992370605,7482,304.200012207031,107.599998474121,844,722,2
13.539999961853,94.6999969482422,39.2000007629395,0.940999984741211,38.4000015258789,7367,295.399993896484,108.199996948242,845,723,2
13.5900001525879,94.6999969482422,39.2000007629395,1.00300002098083,39.5999984741211,7291,303.200012207031,108,845,724,2
13.3900003433228,94.5999984741211,39.2000007629395,0.940999984741211,39.5,7205,307.100006103516,107.599998474121,846,725,2
13.4300003051758,94.6999969482422,39.2000007629395,0.96399998664856,42.9000015258789,7226,295.399993896484,107.599998474121,847,726,2
13.6599998474121,94.6999969482422,39.2000007629395,0.944000005722046,43.5999984741211,7266,305.100006103516,107.599998474121,848,727,2
13.5799999237061,94.5999984741211,39.2000007629395,0.949999988079071,45.5,7201,303.200012207031,107.599998474121,849,727,2
13.5699996948242,94.5999984741211,39.2000007629395,0.938000023365021,46.2000007629395,6963,297.299987792969,107.599998474121,849,728,2
13.5200004577637,94.5999984741211,39.2000007629395,0.953999996185303,49.2000007629395,6969,285.600006103516,108,850,728,2
13.4700002670288,94.5999984741211,39.2000007629395,0.935999989509583,47.7000007629395,6910,304.200012207031,108.199996948242,851,729,2
13.5699996948242,94.5999984741211,39.2000007629395,0.958999991416931,36.7000007629395,6692,300.299987792969,107.900001525879,852,729,2
13.5600004196167,94.5999984741211,39.2000007629395,0.836000025272369,26.2999992370605,6663,298.299987792969,107.599998474121,854,730,2
13.5699996948242,94.5999984741211,39.2000007629395,0.89300000667572,23,6480,291.5,107.599998474121,854,730,2
13.5100002288818,94.5999984741211,39.2000007629395,0.885999977588654,21.5,6396,303.200012207031,107.599998474121,854,730,2
13.3400001525879,94.5999984741211,39.2000007629395,0.879000008106232,20.3999996185303,6437,309,107.599998474121,855,730,2
13.5,94.5999984741211,39.0999984741211,0.869000017642975,20,6261,300.299987792969,107.599998474121,856,730,2
13.460000038147,94.5999984741211,39.0999984741211,0.861000001430511,20.7999992370605,6148,287.600006103516,108.199996948242,856,729,2
13.5699996948242,94.5,39.0999984741211,0.875,28.3999996185303,6096,295.399993896484,108,858,728,2
13.3500003814697,94.5,39.0999984741211,0.861999988555908,46,6529,304.200012207031,107.900001525879,859,727,2
13.6499996185303,94.5,39.0999984741211,0.922999978065491,56.2000007629395,6345,298.299987792969,107.599998474121,859,726,2
13.4799995422363,94.5,39.0999984741211,0.940999984741211,58.7000007629395,6282,295.399993896484,107.599998474121,859,726,2
13.289999961853,94.5,39.0999984741211,0.961000025272369,67.9000015258789,6375,302.200012207031,107.599998474121,859,725,2
13.6199998855591,94.5,39.0999984741211,0.887000024318695,72.9000015258789,6636,299.299987792969,107.599998474121,860,724,2
13.6899995803833,94.5,39.0999984741211,0.950999975204468,76.6999969482422,6615,304.200012207031,107.900001525879,861,723,2
13.5600004196167,94.5,39.0999984741211,0.961000025272369,81.5,6865,300.299987792969,108.199996948242,861,722,2
13.6000003814697,94.5,39.0999984741211,0.926999986171722,89,7057,299.299987792969,107.900001525879,861,722,2
13.6999998092651,94.5,39.0999984741211,0.948000013828278,92.9000015258789,6730,308.100006103516,107.599998474121,861,722,2
13.5900001525879,94.5,39.0999984741211,0.885999977588654,90.6999969482422,7126,314.899993896484,107.599998474121,861,722,2
13.5699996948242,94.4000015258789,39.0999984741211,0.952000021934509,90.8000030517578,7232,307.100006103516,107.599998474121,861,723,2
13.4399995803833,94.5,39.0999984741211,0.908999979496002,90.4000015258789,7562,309,107.599998474121,862,724,2
13.4200000762939,94.4000015258789,39.0999984741211,0.887000024318695,89.4000015258789,7863,296.299987792969,107.599998474121,861,724,2
13.3699998855591,94.4000015258789,39.0999984741211,0.890999972820282,89.9000015258789,7678,310,108.199996948242,861,726,2
13.5699996948242,94.4000015258789,39.0999984741211,0.879999995231628,87.4000015258789,8210,304.200012207031,108.199996948242,862,727,2
13.5799999237061,94.4000015258789,39.2000007629395,0.890999972820282,87.4000015258789,8341,326.600006103516,107.900001525879,861,727,2
13.6099996566772,94.4000015258789,39.2000007629395,0.888000011444092,86.8000030517578,8478,317.799987792969,107.599998474121,861,728,2
13.5200004577637,94.3000030517578,39.2000007629395,0.885999977588654,86.9000015258789,8604,317.799987792969,107.599998474121,861,728,2
13.5799999237061,94.3000030517578,39.2000007629395,0.892000019550323,84.5999984741211,8787,308.100006103516,107.599998474121,862,730,2
13.1599998474121,94.3000030517578,39.2000007629395,0.870000004768372,84.9000015258789,8688,318.799987792969,107.599998474121,861,731,2
13.4300003051758,94.3000030517578,39.2000007629395,0.851999998092651,45.4000015258789,8116,318.799987792969,107.900001525879,862,732,2
13.4099998474121,94.3000030517578,39.2000007629395,0.750999987125397,25.2999992370605,7917,313.899993896484,108.199996948242,862,734,2
13.4300003051758,94.3000030517578,39.2000007629395,0.830999970436096,20,7532,303.200012207031,107.599998474121,861,735,2
13.3500003814697,94.3000030517578,39.2000007629395,0.813000023365021,19.2000007629395,7067,299.299987792969,107.599998474121,861,736,2
13.4499998092651,94.3000030517578,39.2000007629395,0.818000018596649,19.5,6645,298.299987792969,107.900001525879,861,737,2
13.0299997329712,94.3000030517578,39.2000007629395,0.845000028610229,21.2000007629395,6157,288.5,107.599998474121,861,737,2
13.4499998092651,94.1999969482422,39.2000007629395,0.887000024318695,22.7999992370605,5784,285.600006103516,107.599998474121,861,737,2
13.4899997711182,94.1999969482422,39.2000007629395,0.876999974250793,26.6000003814697,5840,286.600006103516,108.199996948242,861,736,2
13.3999996185303,94.1999969482422,39.2000007629395,0.889999985694885,38.9000015258789,6016,291.5,108.199996948242,860,735,2
13.6800003051758,94.1999969482422,39.2000007629395,0.893999993801117,44.7000007629395,6215,288.5,108,860,734,2
13.4200000762939,94.1999969482422,39.2000007629395,0.896000027656555,44.0999984741211,6013,281.700012207031,107.599998474121,860,734,2
13.6800003051758,94.1999969482422,39.2000007629395,0.957000017166138,47.0999984741211,6017,279.700012207031,107.599998474121,860,733,2
13.5,94.1999969482422,39.2000007629395,0.967999994754791,49,6101,281.700012207031,107.599998474121,860,731,2
13.1899995803833,94.1999969482422,39.2000007629395,0.879000008106232,57.9000015258789,6334,293.399993896484,107.599998474121,861,730,2
13.6499996185303,94.1999969482422,39.2000007629395,0.931999981403351,61.4000015258789,6313,279.700012207031,108,861,730,2
13.5200004577637,94.1999969482422,39.2000007629395,0.966000020503998,74,6288,291.5,108.199996948242,861,729,2
13.6599998474121,94.1999969482422,39.2000007629395,0.889999985694885,82.5999984741211,6378,300.299987792969,108,862,728,2
13.5799999237061,94.1999969482422,39.0999984741211,0.912000000476837,90.4000015258789,6722,292.399993896484,107.900001525879,862,728,2
13.6499996185303,94.1999969482422,39.0999984741211,0.892000019550323,92.5,6691,302.200012207031,107.599998474121,862,729,2
13.5100002288818,94.1999969482422,39.0999984741211,0.896000027656555,91.3000030517578,6819,290.5,107.599998474121,862,729,2
13.5,94.1999969482422,39.0999984741211,0.931999981403351,90.5999984741211,7072,292.399993896484,107.599998474121,862,729,2
13.4899997711182,94.1999969482422,39.2000007629395,0.898999989032745,89.9000015258789,7106,302.200012207031,107.599998474121,862,728,2
13.5500001907349,94.1999969482422,39.2000007629395,0.950999975204468,90.8000030517578,7189,309,108.300003051758,862,729,2
13.5699996948242,94.1999969482422,39.2000007629395,0.930000007152557,88.8000030517578,7378,319.799987792969,108.199996948242,862,730,2
13.4700002670288,94.1999969482422,39.2000007629395,0.949999988079071,88.6999969482422,7592,304.200012207031,107.900001525879,862,730,2
13.5200004577637,94.1999969482422,39.2000007629395,0.920000016689301,88.0999984741211,7734,305.100006103516,107.599998474121,862,730,2
13.5600004196167,94.1999969482422,39.2000007629395,0.888999998569489,89.4000015258789,7721,312,107.599998474121,861,732,2
13.5600004196167,94.0999984741211,39.2000007629395,0.897000014781952,86.5,8076,296.299987792969,107.599998474121,862,733,2
13.5200004577637,94.0999984741211,39.2000007629395,0.890999972820282,87.6999969482422,8242,320.799987792969,107.900001525879,861,734,2
13.5799999237061,94.0999984741211,39.2000007629395,0.888000011444092,87.6999969482422,8257,312,107.900001525879,861,736,2
13.2600002288818,94.0999984741211,39.2000007629395,0.883000016212463,86.8000030517578,8435,322.700012207031,108.300003051758,861,736,2
13.5799999237061,94.0999984741211,39.2000007629395,0.875,85.4000015258789,8771,330.5,108,862,737,2
13.4899997711182,94.0999984741211,39.2000007629395,0.860000014305115,84.8000030517578,8903,300.299987792969,107.900001525879,862,738,2
13.4200000762939,94.0999984741211,39.2000007629395,0.862999975681305,84.9000015258789,8972,332.5,107.900001525879,861,740,2
13.3500003814697,94.0999984741211,39.2000007629395,0.851999998092651,72.3000030517578,8947,315.899993896484,107.900001525879,861,741,2
13.539999961853,94.0999984741211,39.2000007629395,0.721000015735626,36.0999984741211,8200,314.899993896484,107.599998474121,862,743,2
13.5,94.0999984741211,39.2000007629395,0.720000028610229,22.7999992370605,7507,311,107.599998474121,860,743,2
13.3699998855591,94.0999984741211,39.2000007629395,0.787000000476837,22.3999996185303,6956,308.100006103516,108.300003051758,860,743,2
13.3999996185303,94.0999984741211,39.2000007629395,0.898000001907349,23,6525,293.399993896484,108,860,744,2
13.6499996185303,94.0999984741211,39.2000007629395,0.894999980926514,21.7999992370605,5744,281.700012207031,107.900001525879,860,745,-2
13.5299997329712,94.0999984741211,39.2000007629395,1.12600004673004,25.2000007629395,5525,285.600006103516,107.599998474121,859,744,1
13.5900001525879,94.0999984741211,39.2000007629395,1.39600002765656,27.7000007629395,5247,272.899993896484,107.599998474121,860,744,1
13.6099996566772,94.0999984741211,39.2000007629395,1.63399994373322,28.8999996185303,5141,278.799987792969,107.900001525879,859,743,1
13.6499996185303,94.0999984741211,39.2000007629395,1.93599998950958,30,5519,290.5,107.900001525879,859,743,1
13.6499996185303,94.0999984741211,39.2000007629395,1.24300003051758,28.7000007629395,5621,289.5,108.199996948242,857,741,1
13.6300001144409,94.0999984741211,39.2000007629395,1.07400000095367,28.7000007629395,5339,284.600006103516,108.199996948242,856,739,1
13.6599998474121,94.0999984741211,39.2000007629395,1.067999958992,30.1000003814697,4936,262.200012207031,108,854,737,1
13.3999996185303,94.0999984741211,39.2000007629395,1.04100000858307,31.7999992370605,4683,258.299987792969,107.900001525879,853,735,1
13.6099996566772,94.0999984741211,39.0999984741211,1.06099998950958,32.5999984741211,4540,257.299987792969,107.900001525879,852,734,1
13.6199998855591,94.0999984741211,39.0999984741211,1.09599995613098,33.5,4455,252.399993896484,107.900001525879,851,734,1
13.539999961853,94.0999984741211,39.0999984741211,1.10699999332428,34.5999984741211,4261,247.5,107.900001525879,851,732,1
13.4200000762939,94.0999984741211,39.0999984741211,1.12100005149841,35.7000007629395,4352,247.5,107.599998474121,852,731,1
13.5799999237061,94.0999984741211,39.0999984741211,1.01199996471405,41.5,4555,252.399993896484,108.300003051758,852,729,1
13.6400003433228,94.0999984741211,39.0999984741211,1.01199996471405,46.7999992370605,4487,244.600006103516,108,853,728,1
13.5799999237061,94.0999984741211,39.0999984741211,1.04100000858307,48.9000015258789,4224,238.699996948242,107.900001525879,854,727,1
13.5699996948242,94.0999984741211,39.0999984741211,0.970000028610229,44.7999992370605,4412,236.800003051758,107.599998474121,856,726,1
13.4200000762939,94,39.0999984741211,0.90200001001358,39.7000007629395,4091,233.800003051758,107.599998474121,856,726,1
13.5100002288818,94,39.0999984741211,0.896000027656555,39.0999984741211,4013,229,107.900001525879,857,725,1
13.5299997329712,94,39.0999984741211,0.903999984264374,37.0999984741211,4006,226,107.599998474121,858,724,1
13.5,94.0999984741211,39.0999984741211,0.897000014781952,36.2999992370605,3825,222.100006103516,108,860,724,1
13.5200004577637,94,39.0999984741211,0.885999977588654,36.2999992370605,3801,227,108.300003051758,861,723,1
13.4499998092651,94,39.0999984741211,0.889999985694885,36.2999992370605,3795,223.100006103516,107.900001525879,860,722,1
13.4200000762939,94,39.0999984741211,0.889999985694885,35.5,3860,228,107.599998474121,860,722,1
13.6300001144409,94,39.0999984741211,0.883000016212463,35.0999984741211,3823,218.199996948242,107.599998474121,861,721,1
13.6400003433228,94,39.0999984741211,0.873000025749207,35.0999984741211,3859,217.199996948242,107.599998474121,862,720,1
13.3299999237061,94,39.0999984741211,0.879000008106232,35.0999984741211,3762,225.100006103516,107.599998474121,862,719,1
13.5799999237061,94,39,0.874000012874603,37.9000015258789,3450,214.300003051758,108,862,718,1
13.4499998092651,94,39,0.862999975681305,47.9000015258789,3527,219.199996948242,108.300003051758,863,716,1
13.6499996185303,94,39,0.879000008106232,71,3788,230.899993896484,108,863,716,1
13.3100004196167,94,39,0.887000024318695,76,4271,235.800003051758,107.599998474121,863,715,1
13.5100002288818,94,39,0.889999985694885,80.3000030517578,4206,227,107.599998474121,863,712,1
13.2700004577637,94,39,0.957000017166138,82.9000015258789,4725,250.5,107.599998474121,862,712,1
13.4300003051758,94,39,0.976000010967255,85,4624,251.399993896484,107.599998474121,861,711,1
13.5,94,39,0.958999991416931,89,5185,266.100006103516,107.599998474121,861,710,1
13.4300003051758,94,39,0.894999980926514,92.4000015258789,5219,279.700012207031,107.900001525879,861,710,1
13.5299997329712,94,39.0999984741211,0.878000020980835,94.3000030517578,5313,278.799987792969,108.199996948242,861,710,1
13.6599998474121,94,39.0999984741211,0.823000013828278,95.6999969482422,5665,286.600006103516,108,860,710,1
13.539999961853,94,39.0999984741211,0.851999998092651,96.5999984741211,5519,274.899993896484,107.900001525879,859,709,1
13.5699996948242,94,39.0999984741211,0.916999995708466,93.5999984741211,5770,291.5,107.900001525879,860,709,1
13.539999961853,94,39.0999984741211,0.896000027656555,93.8000030517578,5884,285.600006103516,107.599998474121,859,709,1
13.5200004577637,94,39.0999984741211,0.904999971389771,92,6240,310,107.900001525879,857,709,1
13.6300001144409,94,39.0999984741211,0.904999971389771,92.1999969482422,6778,310,107.900001525879,857,709,1
13.1999998092651,93.9000015258789,39.0999984741211,0.919000029563904,81.4000015258789,7039,314.899993896484,108.199996948242,856,710,1
13.6499996185303,93.9000015258789,39.2000007629395,0.887000024318695,50,6950,315.899993896484,108,856,710,1
13.5,93.9000015258789,39.2000007629395,0.824999988079071,35,6988,295.399993896484,107.900001525879,854,711,1
13.539999961853,93.9000015258789,39.2000007629395,0.799000024795532,27.3999996185303,6870,302.200012207031,107.599998474121,853,711,1
13.1499996185303,93.9000015258789,39.2000007629395,0.813000023365021,23.7000007629395,6574,301.200012207031,107.599998474121,853,712,1
13.4399995803833,93.9000015258789,39.2000007629395,0.842999994754791,22.1000003814697,5992,298.299987792969,107.599998474121,852,712,1
13.1300001144409,93.9000015258789,39.2000007629395,0.861000001430511,23.6000003814697,5653,275.799987792969,107.599998474121,852,712,1
13.3999996185303,93.9000015258789,39.2000007629395,0.857999980449677,25.1000003814697,5392,272.899993896484,108.199996948242,852,713,1
13.539999961853,93.8000030517578,39.2000007629395,0.851999998092651,27.8999996185303,5088,262.200012207031,108.199996948242,852,712,1
13.1899995803833,93.9000015258789,39.0999984741211,0.820999979972839,30.5,4926,268,107.900001525879,852,712,1
13.2299995422363,93.8000030517578,39.0999984741211,0.810000002384186,32.2999992370605,4787,261.200012207031,107.900001525879,851,712,1
13.4399995803833,93.8000030517578,39.0999984741211,0.804000020027161,46.0999984741211,4892,265.100006103516,107.599998474121,852,710,1
13.5,93.8000030517578,39.0999984741211,0.864000022411346,52.5999984741211,5393,273.899993896484,107.900001525879,852,710,1
13.4399995803833,93.8000030517578,39.0999984741211,0.89300000667572,75.4000015258789,5802,295.399993896484,107.599998474121,852,710,1
13.6199998855591,93.8000030517578,39.0999984741211,0.893999993801117,70.5999984741211,5498,276.799987792969,107.900001525879,852,709,1
13.5900001525879,93.8000030517578,39.0999984741211,0.894999980926514,68.5999984741211,5433,259.200012207031,108.300003051758,852,708,1
13.6599998474121,93.8000030517578,39.0999984741211,0.962999999523163,69.6999969482422,5754,275.799987792969,108,852,706,1
13.7200002670288,93.6999969482422,39.0999984741211,0.958000004291534,79.1999969482422,6177,286.600006103516,107.900001525879,852,706,1
13.5900001525879,93.6999969482422,39.0999984741211,0.898000001907349,76.6999969482422,5869,294.399993896484,107.900001525879,852,706,1
13.6800003051758,93.6999969482422,39.0999984741211,0.927999973297119,76.8000030517578,7197,298.299987792969,107.900001525879,852,706,1
13.5600004196167,93.6999969482422,39.0999984741211,0.966000020503998,75.1999969482422,7099,288.5,107.900001525879,852,705,1
13.5299997329712,93.6999969482422,39.0999984741211,0.917999982833862,74.9000015258789,6321,298.299987792969,107.900001525879,852,705,1
13.6999998092651,93.6999969482422,39.0999984741211,0.943000018596649,77.3000030517578,6685,300.299987792969,108.300003051758,852,705,1
13.5699996948242,93.5999984741211,39.0999984741211,0.964999973773956,64.9000015258789,6277,303.200012207031,108,850,706,1
13.25,93.5999984741211,39.0999984741211,0.804000020027161,39.0999984741211,6571,293.399993896484,107.900001525879,851,706,1
13.5799999237061,93.5999984741211,39.2000007629395,0.870999991893768,26.2999992370605,6400,296.299987792969,107.900001525879,851,708,1
13.5,93.5999984741211,39.2000007629395,0.88400000333786,22.7999992370605,6139,299.299987792969,107.900001525879,851,709,1
13.6599998474121,93.5999984741211,39.2000007629395,0.873000025749207,22.6000003814697,5925,298.299987792969,107.900001525879,851,709,1
13.6499996185303,93.5999984741211,39.2000007629395,0.874000012874603,22.8999996185303,5939,302.200012207031,107.900001525879,850,709,1
13.5200004577637,93.5999984741211,39.2000007629395,0.88400000333786,23.5,5803,287.600006103516,108.199996948242,851,709,1
13.2700004577637,93.5999984741211,39.2000007629395,0.866999983787537,25.7000007629395,5696,290.5,108.300003051758,850,709,1
13.5799999237061,93.5999984741211,39.2000007629395,0.882000029087067,27.2999992370605,5550,289.5,108,850,709,1
13.5500001907349,93.5999984741211,39.0999984741211,0.879000008106232,28.8999996185303,5470,282.700012207031,107.900001525879,851,708,1
13.5299997329712,93.5,39.0999984741211,0.852999985218048,32.5,5374,280.700012207031,107.900001525879,850,708,1
13.5799999237061,93.5,39.0999984741211,0.892000019550323,38.0999984741211,5496,281.700012207031,108,851,707,1
13.6099996566772,93.5,39.0999984741211,0.912999987602234,45.2999992370605,5197,273.899993896484,107.900001525879,852,706,1
13.6499996185303,93.5,39.0999984741211,0.982999980449677,53.5,5179,276.799987792969,107.900001525879,852,705,1
13.6800003051758,93.5,39.0999984741211,0.998000025749207,61.9000015258789,5400,279.700012207031,108.300003051758,853,704,1
13.6499996185303,93.5,39.0999984741211,0.989000022411346,65.6999969482422,5291,282.700012207031,108.300003051758,854,703,1
13.6300001144409,93.5,39.0999984741211,0.919000029563904,65.4000015258789,5701,276.799987792969,108,855,703,1
13.6499996185303,93.5,39.0999984741211,0.931999981403351,62.7999992370605,5896,289.5,108,855,703,1
13.2700004577637,93.5,39.0999984741211,0.89300000667572,54.9000015258789,5965,286.600006103516,108,856,703,1
13.4700002670288,93.5,39.0999984741211,0.89300000667572,50.5999984741211,5829,284.600006103516,107.900001525879,857,702,1
13.6400003433228,93.5,39.0999984741211,0.958000004291534,50.4000015258789,5975,289.5,107.900001525879,857,703,1
13.3000001907349,93.5,39.0999984741211,0.934000015258789,48.9000015258789,6042,285.600006103516,108.300003051758,857,703,1
13.3900003433228,93.5,39.0999984741211,0.939999997615814,47.5999984741211,6164,290.5,108.300003051758,859,703,1
13.5699996948242,93.5,39.0999984741211,0.955999970436096,50.7999992370605,6038,291.5,108.199996948242,859,703,1
13.3900003433228,93.5,39.0999984741211,0.920000016689301,67.1999969482422,6305,297.299987792969,108,859,703,1
13.5799999237061,93.4000015258789,39,0.879000008106232,80.4000015258789,6335,283.700012207031,108,859,704,1
13.460000038147,93.4000015258789,39,0.892000019550323,86.1999969482422,6766,299.299987792969,107.900001525879,859,703,1
13.2600002288818,93.4000015258789,39,0.907000005245209,90,6898,301.200012207031,107.900001525879,859,704,1
13.4899997711182,93.4000015258789,39,0.916000008583069,89.1999969482422,7445,303.200012207031,108,859,705,1
13.5799999237061,93.4000015258789,39,0.890999972820282,89.5,7360,305.100006103516,108.599998474121,859,706,1
13.539999961853,93.4000015258789,39.0999984741211,0.920000016689301,89.5,7681,307.100006103516,108.300003051758,859,706,1
13.4899997711182,93.4000015258789,39.0999984741211,0.889999985694885,87.4000015258789,7982,307.100006103516,108,859,706,1
13.3800001144409,93.4000015258789,39.0999984741211,0.885999977588654,88.0999984741211,8354,321.700012207031,108,859,708,1
13.4899997711182,93.4000015258789,39.0999984741211,0.883000016212463,69.0999984741211,8476,320.799987792969,108,859,709,1
13.539999961853,93.4000015258789,39.0999984741211,0.720000028610229,33.0999984741211,8080,318.799987792969,108,859,710,1
13.4300003051758,93.4000015258789,39.0999984741211,0.708000004291534,20.7999992370605,7811,311,108.199996948242,859,712,1
13.2399997711182,93.4000015258789,39.0999984741211,0.739000022411346,18,7237,306.100006103516,108.599998474121,859,712,1
13.5200004577637,93.4000015258789,39.0999984741211,0.762000024318695,18.3999996185303,6826,301.200012207031,108.300003051758,858,714,1
13.5799999237061,93.4000015258789,39.0999984741211,0.800999999046326,19.6000003814697,6619,288.5,108.199996948242,859,715,1
13.5100002288818,93.4000015258789,39.0999984741211,0.861999988555908,19.2999992370605,6455,288.5,108.199996948242,858,715,1
13.3299999237061,93.4000015258789,39.0999984741211,0.851999998092651,19.7999992370605,6173,301.200012207031,108,858,715,1
13.3599996566772,93.4000015258789,39.0999984741211,0.862999975681305,21.1000003814697,6042,298.299987792969,108,858,715,1
13.3900003433228,93.4000015258789,39,0.879000008106232,22.7000007629395,5937,298.299987792969,108,858,715,1
13.5299997329712,93.4000015258789,39,0.887000024318695,24,5795,286.600006103516,108,858,714,1
13.6000003814697,93.4000015258789,39,0.894999980926514,25.1000003814697,5635,289.5,108.699996948242,859,713,1
13.5100002288818,93.4000015258789,39,0.875999987125397,26.6000003814697,5564,288.5,108.599998474121,858,711,1
13.5,93.4000015258789,39,0.86599999666214,27.2000007629395,5428,283.700012207031,108.199996948242,858,709,1
13.1899995803833,93.4000015258789,39,0.864000022411346,29.1000003814697,5279,276.799987792969,108,859,709,1
13.6199998855591,93.4000015258789,39,0.851999998092651,35.7000007629395,5180,269,108,859,709,1
13.6700000762939,93.4000015258789,39,0.851999998092651,46,5501,276.799987792969,108,859,707,1
13.6700000762939,93.4000015258789,39,0.925999999046326,48.9000015258789,5237,262.200012207031,108,859,705,1
13.4200000762939,93.3000030517578,39,0.903999984264374,51.0999984741211,5302,271.899993896484,108,861,704,1
13.6499996185303,93.4000015258789,39,0.941999971866608,58.4000015258789,5502,272.899993896484,108.599998474121,861,703,1
13.6300001144409,93.3000030517578,38.9000015258789,0.941999971866608,57.9000015258789,5735,268,108.300003051758,861,702,1
13.710000038147,93.3000030517578,39,0.887000024318695,51.5999984741211,5494,277.799987792969,108.199996948242,862,701,1
13.5100002288818,93.3000030517578,39,0.86599999666214,38.7999992370605,5571,282.700012207031,108.199996948242,862,701,1
13.5500001907349,93.4000015258789,39,0.861999988555908,31.7999992370605,5470,290.5,108,862,701,1
13.4300003051758,93.3000030517578,39,0.870000004768372,30.1000003814697,5356,275.799987792969,108.199996948242,862,701,1
13.6499996185303,93.3000030517578,39,0.839999973773956,31.3999996185303,5239,275.799987792969,108,863,700,1
13.2399997711182,93.3000030517578,39,0.842999994754791,36.0999984741211,5375,278.799987792969,108.699996948242,863,700,1
13.5100002288818,93.3000030517578,39,0.894999980926514,40.2999992370605,5428,284.600006103516,108.599998474121,863,699,1
13.4300003051758,93.3000030517578,39,0.920000016689301,43.0999984741211,5712,290.5,108.199996948242,864,699,1
13.6400003433228,93.3000030517578,39,0.893999993801117,44.9000015258789,5476,284.600006103516,108,864,699,1
13.5799999237061,93.3000030517578,39,0.944000005722046,50.4000015258789,5353,286.600006103516,108.199996948242,863,699,1
13.4399995803833,93.3000030517578,39,0.964999973773956,62.5999984741211,5155,284.600006103516,108,863,698,1
13.1700000762939,93.3000030517578,39,0.933000028133392,67.3000030517578,5441,277.799987792969,108,864,698,1
13.460000038147,93.3000030517578,39,0.927999973297119,63.0999984741211,5404,273.899993896484,108.199996948242,865,697,1
13.539999961853,93.3000030517578,39,0.885999977588654,56.0999984741211,5652,278.799987792969,108.699996948242,865,697,1
13.2700004577637,93.3000030517578,39,0.865000009536743,50.5,5813,272.899993896484,108.300003051758,865,697,1
13.6800003051758,93.3000030517578,39,0.874000012874603,39.2999992370605,5712,287.600006103516,108.199996948242,865,697,1
13.5799999237061,93.3000030517578,39,0.91100001335144,32.9000015258789,5578,274.899993896484,108.199996948242,865,697,1
13.2299995422363,93.3000030517578,39,0.871999979019165,30.6000003814697,5528,281.700012207031,108,865,697,1
13.6599998474121,93.3000030517578,39,0.874000012874603,30.3999996185303,5485,286.600006103516,108.199996948242,865,697,1
13.6000003814697,93.3000030517578,39,0.846000015735626,29.1000003814697,5529,287.600006103516,108,864,697,1
13.5799999237061,93.3000030517578,39,0.833999991416931,28.5,5392,279.700012207031,108.699996948242,864,697,1
13.6199998855591,93.3000030517578,39,0.823000013828278,29.3999996185303,5303,278.799987792969,108.300003051758,865,697,1
13.4399995803833,93.3000030517578,39,0.822000026702881,30.5,5198,275.799987792969,108.300003051758,864,696,1
13.6199998855591,93.3000030517578,39,0.829999983310699,34.0999984741211,5187,284.600006103516,108.199996948242,865,696,1
13.4899997711182,93.1999969482422,39,0.865000009536743,38.7000007629395,5369,279.700012207031,108.199996948242,864,695,1
13.5200004577637,93.1999969482422,39,0.898000001907349,43.0999984741211,5537,290.5,108.199996948242,864,694,1
13.4799995422363,93.1999969482422,39,0.893999993801117,44.7000007629395,5368,269,108.199996948242,864,694,1
13.6499996185303,93.1999969482422,39,0.912999987602234,52.7999992370605,4983,270,108.300003051758,864,693,1
13.6800003051758,93.1999969482422,39,0.99099999666214,61.4000015258789,5003,273.899993896484,108.699996948242,865,692,1
13.289999961853,93.1999969482422,39,1.02600002288818,62.2999992370605,5251,278.799987792969,108.300003051758,864,691,1
13.6199998855591,93.0999984741211,39,0.889999985694885,48.0999984741211,5191,268,108.199996948242,864,691,1
13.5,93.0999984741211,39,0.837999999523163,38.4000015258789,5160,271,108.300003051758,865,691,1
13.6499996185303,93.0999984741211,39,0.851000010967255,43.7999992370605,5458,279.700012207031,108.199996948242,865,691,1
13.6499996185303,93.0999984741211,39,0.892000019550323,39.0999984741211,5435,273.899993896484,108.199996948242,865,691,1
13.5900001525879,93.0999984741211,39,0.860000014305115,48.9000015258789,5412,275.799987792969,108.199996948242,865,691,1
13.6199998855591,93.0999984741211,39,0.903999984264374,61.5,5616,281.700012207031,108.699996948242,865,691,1
13.7299995422363,93.0999984741211,39,0.88400000333786,71.5,6117,285.600006103516,108.599998474121,866,691,1
13.6599998474121,93.0999984741211,39,0.869000017642975,79.0999984741211,6043,279.700012207031,108.199996948242,866,691,1
13.1800003051758,93,39,0.897000014781952,78.3000030517578,6326,290.5,108.199996948242,865,691,1
13.6499996185303,93,39,0.943000018596649,80.9000015258789,6643,290.5,108.300003051758,865,691,1
13.4300003051758,93,39,0.908999979496002,84.5999984741211,6671,295.399993896484,108.199996948242,865,691,1
13.5900001525879,93,39,0.920000016689301,81.6999969482422,7209,321.700012207031,108.599998474121,865,691,1
13.6999998092651,93,39,0.954999983310699,83.8000030517578,7411,312,108.699996948242,865,693,1
13.539999961853,93,39,0.970000028610229,87.3000030517578,7337,309,108.599998474121,864,693,1
13.3000001907349,93,39,0.931999981403351,89,7711,306.100006103516,108.300003051758,864,694,1
13.4200000762939,93,39,0.907000005245209,86.1999969482422,7846,310,108.300003051758,864,696,1
13.4099998474121,93,39,0.91100001335144,85.5,8223,325.600006103516,108.300003051758,863,697,1
13.5100002288818,93,39.0999984741211,0.85699999332428,72.8000030517578,8932,326.600006103516,108.199996948242,863,697,1
13.6700000762939,92.9000015258789,39.0999984741211,0.782000005245209,55.5,8219,311,108.199996948242,862,699,1
13.2399997711182,92.9000015258789,39.0999984741211,0.882000029087067,57,8329,314.899993896484,108.800003051758,863,701,1
13.289999961853,92.9000015258789,39.0999984741211,0.896000027656555,55.5,8258,312,108.599998474121,862,703,1
13.3400001525879,92.9000015258789,39.0999984741211,0.760999977588654,28.6000003814697,7795,315.899993896484,108.599998474121,862,705,1
13.1700000762939,92.9000015258789,39.0999984741211,0.791000008583069,20,7527,309,108.300003051758,861,706,1
13.1499996185303,92.9000015258789,39.0999984741211,0.797999978065491,18.6000003814697,7125,300.299987792969,108.300003051758,862,706,1
13.460000038147,92.9000015258789,39.0999984741211,0.800999999046326,19.2999992370605,6825,296.299987792969,108.300003051758,862,709,1
13.3800001144409,92.9000015258789,39.0999984741211,0.837999999523163,20.1000003814697,6651,287.600006103516,108.199996948242,862,710,1
13.4200000762939,92.9000015258789,39.0999984741211,0.869000017642975,22,6474,297.299987792969,108.699996948242,861,710,1
13.5799999237061,92.9000015258789,39,0.944999992847443,30.7999992370605,6620,291.5,108.699996948242,862,710,1
13.1099996566772,92.9000015258789,39,0.991999983787537,42.0999984741211,6962,305.100006103516,108.300003051758,862,710,1
13.6499996185303,92.9000015258789,39,0.939999997615814,51.5,6890,301.200012207031,108.300003051758,862,709,1
13.4700002670288,92.9000015258789,39,0.89300000667572,54,6923,289.5,108.300003051758,862,709,1
13.289999961853,92.8000030517578,39,0.950999975204468,54.7000007629395,7627,304.200012207031,108.300003051758,862,709,1
13.2700004577637,92.8000030517578,39,0.99099999666214,74.9000015258789,7182,299.299987792969,108.300003051758,863,708,1
13.2399997711182,92.8000030517578,39,0.885999977588654,73.8000030517578,7477,302.200012207031,108.699996948242,863,709,1
13.4200000762939,92.8000030517578,38.9000015258789,0.896000027656555,82.5,7391,312,108.800003051758,864,709,1
13.3599996566772,92.8000030517578,38.9000015258789,0.882000029087067,84.5,7971,316.899993896484,108.699996948242,864,710,1
13.5,92.8000030517578,38.9000015258789,0.889999985694885,88.3000030517578,7876,323.700012207031,108.599998474121,864,710,1
13.5100002288818,92.8000030517578,39,0.889999985694885,86.0999984741211,8306,308.100006103516,108.300003051758,864,710,1
13.6000003814697,92.8000030517578,39,0.898999989032745,85.4000015258789,8639,306.100006103516,108.300003051758,865,712,1
13.5,92.8000030517578,39,0.809000015258789,73.5,8681,321.700012207031,108.300003051758,864,714,1
13.5900001525879,92.8000030517578,39,1.17999994754791,65.6999969482422,6717,306.100006103516,108.300003051758,866,716,2
13.4099998474121,92.8000030517578,39,1.49899995326996,56.2999992370605,6724,305.100006103516,108.699996948242,866,717,2
13.5500001907349,92.8000030517578,39,0.871999979019165,52.5,6548,314.899993896484,108.800003051758,866,718,2
13.5200004577637,92.8000030517578,39,1.00999999046326,51.2999992370605,6728,301.200012207031,108.699996948242,865,718,2
13.3400001525879,92.8000030517578,39,1.125,53.5999984741211,6648,308.100006103516,108.300003051758,865,720,2
13.3199996948242,92.8000030517578,39,1.22599995136261,54.0999984741211,6747,304.200012207031,108.300003051758,864,720,2
13.3800001144409,92.8000030517578,39,1.05299997329712,69.3000030517578,6979,292.399993896484,108.300003051758,863,722,2
13.4300003051758,92.8000030517578,39,1,73.4000015258789,7022,308.100006103516,108.300003051758,862,722,2
13.5200004577637,92.6999969482422,39,0.926999986171722,76.8000030517578,6912,310,109,861,722,2
13.2600002288818,92.6999969482422,39,1.07599997520447,75.1999969482422,7074,285.600006103516,108.800003051758,860,723,2
13.1800003051758,92.6999969482422,39,1.03100001811981,75.0999984741211,7273,291.5,108.699996948242,860,723,2
13.2700004577637,92.6999969482422,39,0.953000009059906,79.8000030517578,7373,293.399993896484,108.599998474121,859,724,2
12.8299999237061,92.6999969482422,39,0.879000008106232,81.6999969482422,7805,305.100006103516,108.300003051758,859,724,2
13.5,92.6999969482422,39,0.824999988079071,87.1999969482422,7543,301.200012207031,108.599998474121,858,726,2
13.3999996185303,92.6999969482422,39,0.922999978065491,86,7811,316.899993896484,108.599998474121,858,727,2
13.5100002288818,92.6999969482422,39,0.887000024318695,89,7996,316.899993896484,108.599998474121,856,728,2
13.710000038147,92.6999969482422,39,0.91100001335144,87.9000015258789,8194,308.100006103516,109,857,730,2
13.5,92.6999969482422,39,0.892000019550323,81.9000015258789,8043,325.600006103516,108.699996948242,856,729,2
13.5,92.6999969482422,39,0.779999971389771,41.2999992370605,7806,314.899993896484,108.599998474121,857,731,2
13.5699996948242,92.6999969482422,39,0.736999988555908,23.6000003814697,7577,315.899993896484,108.599998474121,856,733,2
13.2200002670288,92.6999969482422,39,0.814999997615814,20.2000007629395,7193,307.100006103516,108.300003051758,856,734,2
13.4899997711182,92.6999969482422,39,0.851999998092651,20.7000007629395,6915,304.200012207031,108.599998474121,856,735,2
13.5699996948242,92.6999969482422,39,0.870999991893768,20.7000007629395,6454,289.5,108.599998474121,856,735,-2
13.6099996566772,92.6999969482422,39,1.02799999713898,21,6284,295.399993896484,109,856,735,1
13.5699996948242,92.6999969482422,39,1.47699999809265,21.2999992370605,6160,290.5,108.800003051758,856,735,1
13.5600004196167,92.5999984741211,38.9000015258789,1.72300004959106,23.2000007629395,5604,290.5,108.699996948242,856,735,1
13.6000003814697,92.5999984741211,38.9000015258789,2.01900005340576,24.7000007629395,5739,298.299987792969,108.599998474121,854,733,1
13.0900001525879,92.5999984741211,38.9000015258789,0.991999983787537,25.5,5819,284.600006103516,108.599998474121,853,732,1
13.3900003433228,92.6999969482422,38.9000015258789,0.908999979496002,23.8999996185303,6232,287.600006103516,108.599998474121,851,730,1
13.3999996185303,92.5999984741211,38.9000015258789,0.90200001001358,22.7000007629395,6061,297.299987792969,108.599998474121,849,730,-2
13.1199998855591,92.5999984741211,38.9000015258789,0.896000027656555,23.1000003814697,5792,282.700012207031,108.599998474121,849,728,0
13.5799999237061,92.5999984741211,38.9000015258789,0.889999985694885,23.8999996185303,5509,284.600006103516,109,848,726,0
13.4899997711182,92.5999984741211,38.9000015258789,0.88400000333786,25.6000003814697,5115,270,108.699996948242,847,725,0
13.1400003433228,92.5999984741211,38.9000015258789,1.10899996757507,28,4495,252.399993896484,108.699996948242,846,723,0
13.539999961853,92.5999984741211,38.9000015258789,1.31700003147125,30.5,4159,237.800003051758,108.599998474121,845,721,0
13.5299997329712,92.5999984741211,38.7999992370605,1.22300004959106,32.2999992370605,4094,231.899993896484,108.699996948242,845,719,0
13.6700000762939,92.5999984741211,38.7999992370605,0.947000026702881,34,4132,236.800003051758,108.599998474121,845,719,0
13.5100002288818,92.5999984741211,38.7999992370605,0.875,50.7000007629395,4344,250.5,108.599998474121,844,718,0
13.1899995803833,92.5999984741211,38.7999992370605,0.875999987125397,77.3000030517578,5578,283.700012207031,108.599998474121,844,718,0
13.5299997329712,92.5999984741211,38.7999992370605,0.912000000476837,80.5,7400,307.100006103516,108.800003051758,844,716,0
13.5799999237061,92.5999984741211,38.7999992370605,0.927999973297119,80.0999984741211,9540,337.399993896484,108.699996948242,843,715,0
13.5100002288818,92.5999984741211,38.7999992370605,0.869000017642975,80.9000015258789,10094,335.399993896484,108.599998474121,842,714,0
13.2299995422363,92.5999984741211,38.7999992370605,0.899999976158142,67.8000030517578,10346,331.5,108.599998474121,843,713,0
13.1199998855591,92.5999984741211,38.7999992370605,1.37999999523163,31.5,9401,331.5,108.599998474121,843,713,0
13.5299997329712,92.5999984741211,38.7999992370605,0.859000027179718,20.1000003814697,8666,305.100006103516,108.599998474121,843,713,0
13.3400001525879,92.5999984741211,38.7999992370605,0.802999973297119,16.7000007629395,7953,309,108.800003051758,842,713,0
13.6000003814697,92.5999984741211,38.7999992370605,0.915000021457672,16.1000003814697,7187,285.600006103516,109.099998474121,841,712,0
13.5699996948242,92.5999984741211,38.7999992370605,1.35099995136261,17.7000007629395,6317,290.5,108.800003051758,839,711,0
13.4700002670288,92.5999984741211,38.7999992370605,1.65799999237061,20.2000007629395,5642,282.700012207031,108.599998474121,836,710,0
13.5799999237061,92.5999984741211,38.7999992370605,1.98099994659424,30.2999992370605,5086,266.100006103516,108.599998474121,833,709,1
13.6499996185303,92.5999984741211,38.7999992370605,1.26600003242493,83.5,4687,249.5,108.599998474121,833,709,1
13.4200000762939,92.5999984741211,38.7999992370605,0.922999978065491,87.4000015258789,5029,255.300003051758,108.599998474121,831,707,1
13.3400001525879,92.5999984741211,38.7999992370605,0.912000000476837,94.5999984741211,5352,275.799987792969,108.599998474121,828,706,1
13.4099998474121,92.5999984741211,38.7999992370605,0.857999980449677,93.9000015258789,5421,283.700012207031,109,825,705,1
13.4399995803833,92.5999984741211,38.7999992370605,0.86599999666214,93.8000030517578,5794,265.100006103516,108.800003051758,822,704,1
13.5100002288818,92.5999984741211,38.7999992370605,0.869000017642975,93.8000030517578,6064,277.799987792969,108.699996948242,820,703,1
13.5500001907349,92.5999984741211,38.7999992370605,0.933000028133392,93.4000015258789,6644,303.200012207031,108.599998474121,818,702,1
13.4399995803833,92.6999969482422,38.7999992370605,0.915000021457672,92,6754,310,108.599998474121,818,703,1
13.6199998855591,92.6999969482422,38.7999992370605,0.922999978065491,90.4000015258789,7311,318.799987792969,108.599998474121,817,703,1
13.5,92.6999969482422,38.7999992370605,0.89300000667572,88.3000030517578,7497,301.200012207031,108.599998474121,816,703,1
13.6099996566772,92.6999969482422,38.7999992370605,0.910000026226044,88.4000015258789,8053,330.5,109,815,703,1
13.5100002288818,92.6999969482422,38.7999992370605,0.885999977588654,86.8000030517578,8321,311,109,815,704,1
13.5,92.6999969482422,38.7999992370605,0.884999990463257,85.5,8469,327.600006103516,108.699996948242,814,705,1
13.5799999237061,92.6999969482422,38.7999992370605,0.961000025272369,87.5,7568,299.299987792969,108.599998474121,815,705,1
13.6499996185303,92.6999969482422,38.9000015258789,1.63800001144409,89.4000015258789,7299,301.200012207031,108.599998474121,815,707,1
13.6499996185303,92.6999969482422,38.9000015258789,2.01900005340576,88.9000015258789,7348,295.399993896484,108.599998474121,815,709,1
13.2399997711182,92.6999969482422,38.9000015258789,2.29699993133545,83.6999969482422,9322,319.799987792969,108.599998474121,815,710,1
13.5299997329712,92.6999969482422,38.9000015258789,0.890999972820282,62.0999984741211,8277,310,108.699996948242,813,709,1
13.3400001525879,92.6999969482422,38.9000015258789,0.799000024795532,30.3999996185303,8207,322.700012207031,109.099998474121,811,707,1
13.5,92.6999969482422,38.9000015258789,0.855000019073486,59.5,8275,313.899993896484,108.699996948242,809,707,1
13.3000001907349,92.6999969482422,38.9000015258789,0.802999973297119,43.7000007629395,8927,310,108.599998474121,809,708,1
13.2799997329712,92.6999969482422,38.9000015258789,0.791999995708466,33.2000007629395,8247,309,108.699996948242,807,707,1
13.5799999237061,92.5999984741211,38.9000015258789,0.864000022411346,34.2000007629395,8388,314.899993896484,108.599998474121,805,706,1
13.4300003051758,92.6999969482422,38.9000015258789,0.958999991416931,43.2999992370605,8565,317.799987792969,108.599998474121,803,706,1
13.210000038147,92.6999969482422,38.9000015258789,0.879999995231628,41.9000015258789,8560,314.899993896484,108.599998474121,803,705,1
13.5200004577637,92.5999984741211,38.9000015258789,0.873000025749207,42.7000007629395,8575,317.799987792969,109,802,705,1
13.3400001525879,92.5999984741211,38.9000015258789,0.890999972820282,37.4000015258789,7914,314.899993896484,109,803,705,2
13.6199998855591,92.5999984741211,38.9000015258789,1.40199995040894,40.5,6160,289.5,108.699996948242,803,706,2
13.5900001525879,92.5999984741211,38.9000015258789,0.989000022411346,32.9000015258789,6494,310,108.599998474121,803,706,2
13.5,92.5999984741211,38.9000015258789,0.948000013828278,34.9000015258789,6798,295.399993896484,108.699996948242,804,706,2
13.6300001144409,92.5999984741211,38.9000015258789,0.90200001001358,26.3999996185303,6323,308.100006103516,108.699996948242,805,707,2
13.1099996566772,92.5999984741211,38.9000015258789,0.876999974250793,22.8999996185303,6242,295.399993896484,108.599998474121,805,707,2
13.6000003814697,92.5999984741211,38.9000015258789,0.882000029087067,27.7000007629395,6408,303.200012207031,108.699996948242,806,707,2
13.6400003433228,92.5999984741211,38.9000015258789,0.985000014305115,23.7999992370605,6391,288.5,109.099998474121,807,707,2
13.6400003433228,92.5999984741211,38.9000015258789,0.86599999666214,22.7000007629395,6229,291.5,108.800003051758,807,707,2
13.2700004577637,92.5999984741211,38.7999992370605,0.873000025749207,32.7000007629395,6227,296.299987792969,108.699996948242,809,708,2
13.3900003433228,92.5,38.7999992370605,0.973999977111816,34.4000015258789,6303,289.5,108.699996948242,810,707,2
13.5900001525879,92.5,38.7999992370605,0.901000022888184,42.7999992370605,6188,297.299987792969,108.699996948242,812,706,2
13.7200002670288,92.5,38.7999992370605,1,56.2999992370605,6327,296.299987792969,108.699996948242,813,706,2
13.6000003814697,92.5,38.7999992370605,0.907000005245209,65.0999984741211,6261,301.200012207031,108.699996948242,815,706,2
13.7200002670288,92.5,38.7999992370605,0.870999991893768,68.9000015258789,6507,289.5,109,815,706,2
13.5900001525879,92.5,38.7999992370605,0.898000001907349,69,6559,281.700012207031,109.099998474121,817,705,2
13.5,92.5,38.7999992370605,0.921999990940094,67.3000030517578,6566,300.299987792969,108.800003051758,819,705,2
13.6499996185303,92.5,38.7999992370605,0.933000028133392,64.5999984741211,6804,285.600006103516,108.699996948242,820,705,2
13.4899997711182,92.5,38.7999992370605,0.952000021934509,61.7999992370605,6924,296.299987792969,108.699996948242,821,706,2
13.5900001525879,92.5,38.7999992370605,0.930000007152557,57.5999984741211,6834,312,108.599998474121,822,706,2
13.4399995803833,92.5,38.7999992370605,0.935000002384186,44.2000007629395,6871,278.799987792969,108.599998474121,824,706,2
13.2799997329712,92.5,38.7999992370605,0.837999999523163,30.1000003814697,6671,295.399993896484,108.599998474121,824,706,2
13.4399995803833,92.5,38.7999992370605,0.857999980449677,23.2000007629395,6457,284.600006103516,109.099998474121,824,706,2
13.5799999237061,92.5,38.7999992370605,0.869000017642975,21.2999992370605,6135,286.600006103516,109,825,707,2
13.5,92.5,38.7999992370605,0.870999991893768,22,5860,277.799987792969,108.699996948242,826,708,2
13.5600004196167,92.5,38.7999992370605,0.885999977588654,22.8999996185303,5751,290.5,108.699996948242,827,709,2
13.4200000762939,92.5,38.7999992370605,0.889999985694885,24.7000007629395,5489,276.799987792969,108.699996948242,828,708,1
13.4200000762939,92.4000015258789,38.7999992370605,1.31500005722046,25.5,5541,295.399993896484,108.599998474121,829,708,1
13.539999961853,92.4000015258789,38.7999992370605,1.63199996948242,26.3999996185303,5518,292.399993896484,108.699996948242,830,708,1
13.4200000762939,92.4000015258789,38.7999992370605,1.97699999809265,26.7999992370605,5756,281.700012207031,109,830,707,1
13.5900001525879,92.4000015258789,38.7999992370605,0.990000009536743,25.7999992370605,5644,289.5,109,830,706,1
13.4099998474121,92.4000015258789,38.7999992370605,0.897000014781952,26.7999992370605,5150,266.100006103516,108.699996948242,830,705,1
13.4700002670288,92.4000015258789,38.7999992370605,0.885999977588654,28.7000007629395,4837,260.200012207031,108.699996948242,828,703,1
13.4200000762939,92.4000015258789,38.7999992370605,0.851000010967255,30.1000003814697,4702,256.299987792969,108.699996948242,828,702,1
13.5299997329712,92.4000015258789,38.7000007629395,0.824999988079071,30.8999996185303,4789,256.299987792969,108.699996948242,827,700,1
13.6499996185303,92.4000015258789,38.7000007629395,0.836000025272369,32.5999984741211,4763,254.399993896484,108.699996948242,827,700,1
13.5699996948242,92.4000015258789,38.7999992370605,0.832000017166138,42.7999992370605,4909,260.200012207031,109,826,699,1
13.5,92.4000015258789,38.7999992370605,0.860000014305115,48.5999984741211,4578,246.5,109.099998474121,826,696,1
13.5,92.4000015258789,38.7999992370605,0.966000020503998,57.5,4921,258.299987792969,108.800003051758,826,695,1
13.5299997329712,92.4000015258789,38.7999992370605,0.976000010967255,77.5999984741211,5931,285.600006103516,108.699996948242,826,694,1
13.6800003051758,92.4000015258789,38.7999992370605,0.884999990463257,78.4000015258789,4826,254.399993896484,108.699996948242,826,693,1
13.5500001907349,92.4000015258789,38.7999992370605,0.889999985694885,75,5095,276.799987792969,108.699996948242,827,693,1
13.3699998855591,92.4000015258789,38.7999992370605,1.00100004673004,75.3000030517578,6069,276.799987792969,108.699996948242,827,692,1
13.3500003814697,92.4000015258789,38.7999992370605,0.885999977588654,74,5528,271.899993896484,108.599998474121,827,691,1
13.4499998092651,92.4000015258789,38.7999992370605,0.804000020027161,57.9000015258789,5714,287.600006103516,109.099998474121,827,691,1
13.539999961853,92.4000015258789,38.7999992370605,0.879999995231628,51.7999992370605,5702,279.700012207031,109,827,691,1
13.6099996566772,92.4000015258789,38.7999992370605,0.949999988079071,41.2000007629395,5885,281.700012207031,108.800003051758,829,691,1
13.1700000762939,92.4000015258789,38.7999992370605,0.860000014305115,40.5,5614,276.799987792969,108.699996948242,829,691,1
13.6199998855591,92.4000015258789,38.7999992370605,0.99099999666214,42.4000015258789,5647,278.799987792969,108.699996948242,829,691,1
13.5799999237061,92.4000015258789,38.7999992370605,0.922999978065491,42.7999992370605,5694,280.700012207031,108.699996948242,829,691,1
13.5900001525879,92.4000015258789,38.7999992370605,0.96399998664856,47.7999992370605,5896,272.899993896484,108.699996948242,829,692,1
13.5299997329712,92.4000015258789,38.7999992370605,0.971000015735626,47.7000007629395,5888,292.399993896484,109,830,692,1
13.3599996566772,92.4000015258789,38.7999992370605,0.931999981403351,41.7000007629395,5750,277.799987792969,109,830,693,1
13.6400003433228,92.4000015258789,38.7999992370605,0.903999984264374,34.7000007629395,5612,280.700012207031,108.699996948242,831,693,1
13.7200002670288,92.4000015258789,38.7999992370605,0.879000008106232,31.7000007629395,5440,270,108.699996948242,832,693,1
13.5900001525879,92.4000015258789,38.7999992370605,0.862999975681305,30.5,5294,281.700012207031,108.699996948242,832,693,1
13.6300001144409,92.3000030517578,38.7999992370605,0.828999996185303,30.2999992370605,5202,280.700012207031,108.599998474121,832,694,1
13.5799999237061,92.4000015258789,38.7999992370605,0.814000010490417,29.8999996185303,5360,271.899993896484,108.699996948242,833,694,1
13.6400003433228,92.4000015258789,38.7999992370605,0.822000026702881,33.2999992370605,5285,277.799987792969,109.099998474121,834,693,1
13.6599998474121,92.4000015258789,38.7999992370605,0.808000028133392,41.9000015258789,5437,283.700012207031,109,835,693,1
13.6499996185303,92.3000030517578,38.7999992370605,0.925000011920929,45.7000007629395,5207,282.700012207031,108.800003051758,836,693,1
13.5799999237061,92.3000030517578,38.7999992370605,0.907999992370605,46.4000015258789,5307,282.700012207031,108.800003051758,836,693,1
13.6899995803833,92.3000030517578,38.7999992370605,0.893999993801117,45.2000007629395,5280,277.799987792969,108.699996948242,837,692,1
13.7200002670288,92.3000030517578,38.7999992370605,0.920000016689301,43.7000007629395,5281,282.700012207031,108.699996948242,838,692,1
13.5299997329712,92.3000030517578,38.7999992370605,0.892000019550323,37.7000007629395,5302,282.700012207031,108.699996948242,838,691,1
13.5200004577637,92.3000030517578,38.7999992370605,0.857999980449677,37.5,5285,275.799987792969,108.699996948242,840,691,1
13.1099996566772,92.3000030517578,38.7999992370605,0.828000009059906,44.7999992370605,5185,272.899993896484,109.099998474121,840,691,1
13.6300001144409,92.3000030517578,38.7999992370605,0.947000026702881,52.5,5242,279.700012207031,109,841,691,1
13.6800003051758,92.3000030517578,38.7999992370605,0.970000028610229,57,5475,284.600006103516,108.800003051758,841,690,1
13.5600004196167,92.3000030517578,38.7999992370605,0.926999986171722,59.7000007629395,5270,278.799987792969,108.699996948242,842,691,1
13.6800003051758,92.3000030517578,38.7999992370605,0.91100001335144,63.0999984741211,5470,281.700012207031,108.699996948242,842,691,1
13.6499996185303,92.3000030517578,38.7999992370605,0.944999992847443,67.5999984741211,5467,279.700012207031,108.699996948242,843,691,1
13.5100002288818,92.3000030517578,38.7999992370605,0.916999995708466,70.0999984741211,5747,285.600006103516,108.699996948242,844,691,1
13.5900001525879,92.3000030517578,38.7999992370605,0.912999987602234,60.5,5748,289.5,109.099998474121,844,691,1
13.5600004196167,92.3000030517578,38.7999992370605,0.804000020027161,41.5,5373,272.899993896484,109,844,691,1
13.2299995422363,92.3000030517578,38.7999992370605,0.879999995231628,34.2000007629395,5561,278.799987792969,108.699996948242,845,691,1
13.5799999237061,92.3000030517578,38.7999992370605,0.869000017642975,29.7999992370605,5417,281.700012207031,108.699996948242,845,692,1
13.5,92.3000030517578,38.7999992370605,0.846000015735626,28.8999996185303,5321,270,108.699996948242,845,692,1
13.6099996566772,92.3000030517578,38.7999992370605,0.828999996185303,30.7999992370605,5215,260.200012207031,108.699996948242,846,692,1
13.5699996948242,92.3000030517578,38.7999992370605,0.836000025272369,31.3999996185303,5283,279.700012207031,108.699996948242,846,692,1
13.3400001525879,92.3000030517578,38.7999992370605,0.828000009059906,33.2999992370605,5344,275.799987792969,108.599998474121,847,691,1
13.6099996566772,92.3000030517578,38.7999992370605,0.773999989032745,40.7000007629395,5442,286.600006103516,109.099998474121,847,691,1
13.5,92.3000030517578,38.7999992370605,0.846000015735626,50.7999992370605,5551,287.600006103516,109,847,691,1
13.6099996566772,92.3000030517578,38.7999992370605,0.933000028133392,57.4000015258789,5409,279.700012207031,108.800003051758,847,690,1
13.4099998474121,92.1999969482422,38.7999992370605,0.944000005722046,60.5999984741211,5520,279.700012207031,108.800003051758,847,689,1
13.5,92.1999969482422,38.7999992370605,0.897000014781952,60.4000015258789,5487,275.799987792969,108.699996948242,847,689,1
13.5500001907349,92.1999969482422,38.7999992370605,0.916999995708466,61,5522,267.100006103516,108.699996948242,847,689,1
13.6999998092651,92.1999969482422,38.7999992370605,0.904999971389771,58.5,5951,281.700012207031,108.699996948242,847,689,1
13.3999996185303,92.1999969482422,38.7999992370605,0.921999990940094,58.7999992370605,5803,278.799987792969,109.099998474121,848,689,1
13.4899997711182,92.1999969482422,38.7999992370605,0.967000007629395,62.5,6041,281.700012207031,109.099998474121,849,689,1
13.5,92.1999969482422,38.7999992370605,0.903999984264374,68.9000015258789,6224,286.600006103516,108.800003051758,848,689,1
13.4300003051758,92.1999969482422,38.7999992370605,0.953999996185303,76.5999984741211,6378,297.299987792969,108.699996948242,849,689,1
13.4099998474121,92.1999969482422,38.7999992370605,0.921000003814697,81.1999969482422,6533,289.5,108.699996948242,849,690,1
13.4200000762939,92.1999969482422,38.7999992370605,0.899999976158142,88.5999984741211,6922,309,108.699996948242,848,690,1
13.1999998092651,92.1999969482422,38.7999992370605,0.916000008583069,90.0999984741211,7311,308.100006103516,108.699996948242,848,690,1
13.1899995803833,92.1999969482422,38.7999992370605,0.931999981403351,89.1999969482422,7518,313.899993896484,108.699996948242,849,691,1
13.5900001525879,92.1999969482422,38.7999992370605,0.921000003814697,91,7659,328.600006103516,109.099998474121,849,692,1
13.6000003814697,92.1999969482422,38.7999992370605,0.890999972820282,88.3000030517578,7673,304.200012207031,109,849,693,1
13.6300001144409,92.1999969482422,38.7999992370605,0.902999997138977,89.0999984741211,8074,314.899993896484,108.800003051758,849,695,1
13.5,92.1999969482422,38.7999992370605,0.890999972820282,86.6999969482422,8148,327.600006103516,108.699996948242,849,697,1
13.5299997329712,92.1999969482422,38.7999992370605,0.885999977588654,85.8000030517578,8434,327.600006103516,108.800003051758,849,697,1
13.5799999237061,92.1999969482422,38.7999992370605,0.89300000667572,86,8623,318.799987792969,108.699996948242,849,698,1
13.6300001144409,92.0999984741211,38.7999992370605,1.31900000572205,89.3000030517578,6984,310,108.800003051758,849,701,2
13.6099996566772,92.0999984741211,38.7999992370605,1.61699998378754,92.0999984741211,6771,313,108.800003051758,849,701,2
13.5500001907349,92.0999984741211,38.7999992370605,1.03400003910065,90.5999984741211,6969,308.100006103516,109.400001525879,849,702,2
13.460000038147,92.0999984741211,38.9000015258789,0.957000017166138,90.5999984741211,7188,308.100006103516,109,849,703,2
13.6000003814697,92.0999984741211,38.9000015258789,0.908999979496002,89.1999969482422,7339,329.600006103516,108.800003051758,848,704,2
13.2600002288818,92.0999984741211,38.9000015258789,0.930999994277954,90,7508,323.700012207031,108.800003051758,847,705,2
13.3999996185303,92.0999984741211,38.9000015258789,0.898000001907349,88.5,7890,300.299987792969,108.800003051758,846,705,2
13.1499996185303,92.0999984741211,38.9000015258789,0.892000019550323,89,7878,323.700012207031,108.699996948242,846,707,2
13.3999996185303,92,38.9000015258789,0.892000019550323,87.5999984741211,8099,301.200012207031,108.699996948242,845,708,2
13.4200000762939,92,38.9000015258789,0.888999998569489,85.6999969482422,8401,303.200012207031,109.099998474121,844,710,2
13.6300001144409,92,38.9000015258789,0.889999985694885,85.5,8619,297.299987792969,109.099998474121,844,712,2
13.5500001907349,92,38.9000015258789,0.894999980926514,85,8586,312,109,844,714,2
13.3800001144409,92,38.9000015258789,0.871999979019165,86.1999969482422,8751,325.600006103516,108.800003051758,845,716,2
13.6499996185303,92,38.9000015258789,1.32200002670288,88.8000030517578,7601,297.299987792969,108.800003051758,844,716,3
13.5299997329712,92,38.9000015258789,1.49899995326996,90.8000030517578,7249,300.299987792969,108.800003051758,844,718,3
13.5799999237061,92,38.9000015258789,0.940999984741211,90.8000030517578,7348,328.600006103516,108.800003051758,844,720,3
13.5699996948242,92,38.9000015258789,0.920000016689301,91,7435,307.100006103516,109.099998474121,844,720,3
13.460000038147,91.9000015258789,39,0.896000027656555,89.3000030517578,7727,313.899993896484,109.400001525879,844,722,3
13.6400003433228,91.9000015258789,39,0.888999998569489,89.5999984741211,7647,311,109,842,723,3
13.3000001907349,91.9000015258789,39,0.896000027656555,71.8000030517578,7559,318.799987792969,108.800003051758,843,724,3
13.4300003051758,91.9000015258789,39,0.739000022411346,39.2000007629395,7374,301.200012207031,108.800003051758,842,724,3
13.4499998092651,91.9000015258789,39,0.76800000667572,25.2000007629395,7038,312,108.800003051758,842,726,3
13.6599998474121,91.9000015258789,39,0.813000023365021,21.5,6506,295.399993896484,108.800003051758,842,727,2
13.6000003814697,91.9000015258789,39,1.15299999713898,20.8999996185303,6602,299.299987792969,109.400001525879,841,728,2
13.6400003433228,91.8000030517578,39,1.50600004196167,20.7000007629395,6580,295.399993896484,109.400001525879,842,728,2
13.5799999237061,91.8000030517578,39,1.91100001335144,21.3999996185303,6645,295.399993896484,109,841,728,2
13.5100002288818,91.8000030517578,39,1.807000041008,20.7999992370605,6814,298.299987792969,108.800003051758,840,728,2
13.4200000762939,91.8000030517578,39,1.00499999523163,22.1000003814697,6647,301.200012207031,108.800003051758,840,728,2
13.6300001144409,91.8000030517578,39,1.12000000476837,26.8999996185303,6576,293.399993896484,108.800003051758,838,726,2
13.6199998855591,91.8000030517578,38.9000015258789,1.24699997901917,32.2000007629395,6503,296.299987792969,108.800003051758,837,725,2
13.6400003433228,91.8000030517578,38.9000015258789,1.32500004768372,39.2000007629395,6417,297.299987792969,109,835,723,2
13.6899995803833,91.8000030517578,38.9000015258789,1.46599996089935,46.4000015258789,6342,296.299987792969,109.400001525879,834,722,2
13.710000038147,91.6999969482422,38.9000015258789,1.82500004768372,52.7999992370605,6207,294.399993896484,109.099998474121,834,721,2
13.5299997329712,91.6999969482422,38.9000015258789,2.28399991989136,63.2000007629395,6066,280.700012207031,109,834,720,2
13.5799999237061,91.8000030517578,38.9000015258789,2.40000009536743,74.5,5937,277.799987792969,108.800003051758,834,720,2
13.4700002670288,91.8000030517578,38.9000015258789,2.40000009536743,78,5791,286.600006103516,108.800003051758,833,719,2
13.7399997711182,91.6999969482422,38.9000015258789,2.40000009536743,83.9000015258789,5730,289.5,108.800003051758,832,717,2
13.6000003814697,91.6999969482422,38.9000015258789,2.40000009536743,83.5999984741211,5673,284.600006103516,108.800003051758,829,715,2
13.6400003433228,91.6999969482422,38.9000015258789,2.40000009536743,81.4000015258789,6320,305.100006103516,109.400001525879,825,712,2
13.5799999237061,91.6999969482422,38.9000015258789,1.10800004005432,58,5515,274.899993896484,109.099998474121,820,707,2
13.5,91.6999969482422,38.9000015258789,0.870999991893768,36.7000007629395,5847,283.700012207031,109,814,707,2
13.5200004577637,91.6999969482422,38.9000015258789,0.864000022411346,33.2999992370605,5819,293.399993896484,108.800003051758,814,704,2
13.6300001144409,91.6999969482422,38.9000015258789,0.861999988555908,36.0999984741211,5861,279.700012207031,108.800003051758,810,701,2
13.4899997711182,91.6999969482422,38.9000015258789,0.939000010490417,39.0999984741211,5865,278.799987792969,108.800003051758,806,698,2
13.6000003814697,91.6999969482422,38.9000015258789,0.966000020503998,50.5999984741211,5947,290.5,108.800003051758,803,697,2
13.539999961853,91.6999969482422,38.9000015258789,0.976999998092651,53.7999992370605,6012,294.399993896484,109,801,694,2
13.3900003433228,91.6999969482422,38.9000015258789,0.958000004291534,54.9000015258789,5897,288.5,109.400001525879,799,694,2
13.6499996185303,91.6999969482422,38.9000015258789,0.925999999046326,54.5999984741211,5947,288.5,109.099998474121,799,694,2
13.6000003814697,91.6999969482422,38.9000015258789,0.936999976634979,53.9000015258789,5970,287.600006103516,109,799,693,2
13.1899995803833,91.6999969482422,38.9000015258789,0.936999976634979,52.7999992370605,5995,284.600006103516,108.800003051758,799,693,2
13.5799999237061,91.6999969482422,38.9000015258789,0.921999990940094,50.2999992370605,6050,289.5,108.699996948242,799,693,2
13.6400003433228,91.6999969482422,38.9000015258789,0.940999984741211,49.2999992370605,6183,290.5,108.800003051758,799,693,2
13.5699996948242,91.6999969482422,38.9000015258789,0.954999983310699,49,6202,303.200012207031,108.800003051758,800,693,2
13.6599998474121,91.6999969482422,38.9000015258789,0.976999998092651,48.0999984741211,6230,285.600006103516,109.5,800,693,2
13.5600004196167,91.6999969482422,38.9000015258789,0.959999978542328,47.5,6251,287.600006103516,109.099998474121,801,693,2
13.4200000762939,91.6999969482422,38.9000015258789,0.958999991416931,47.4000015258789,6177,288.5,109,802,694,2
13.5799999237061,91.6999969482422,38.9000015258789,0.964999973773956,47.9000015258789,6159,303.200012207031,108.800003051758,803,694,2
13.2799997329712,91.6999969482422,38.9000015258789,0.962999999523163,49.2000007629395,6180,285.600006103516,108.800003051758,804,695,2
13.710000038147,91.6999969482422,38.9000015258789,0.98199999332428,53.5999984741211,6324,296.299987792969,108.800003051758,806,695,2
13.5200004577637,91.6999969482422,38.9000015258789,0.994000017642975,54.0999984741211,6400,283.700012207031,108.800003051758,806,695,2
13.5200004577637,91.6999969482422,38.9000015258789,0.897000014781952,35.5999984741211,6228,290.5,108.800003051758,808,696,2
13.5699996948242,91.6999969482422,38.9000015258789,0.869000017642975,26.1000003814697,6136,288.5,109.400001525879,809,697,2
13.3699998855591,91.6999969482422,38.9000015258789,0.882000029087067,23.5,5974,289.5,109.099998474121,811,697,2
13.4399995803833,91.8000030517578,38.9000015258789,0.885999977588654,23.2000007629395,5797,291.5,109,812,698,2
13.460000038147,91.6999969482422,38.9000015258789,0.981000006198883,23.8999996185303,5529,280.700012207031,108.800003051758,814,697,2
13.4700002670288,91.8000030517578,38.9000015258789,1.38100004196167,25.3999996185303,5224,269,108.800003051758,814,697,2
13.5699996948242,91.8000030517578,38.9000015258789,1.74800002574921,27,5052,263.100006103516,108.800003051758,814,698,2
13.5699996948242,91.6999969482422,38.9000015258789,2.03299999237061,28.5,5033,269,108.800003051758,815,697,2
13.4899997711182,91.6999969482422,38.9000015258789,0.943000018596649,29.6000003814697,4980,263.100006103516,108.800003051758,815,696,2
13.5799999237061,91.6999969482422,38.9000015258789,0.837000012397766,30.2000007629395,4826,253.399993896484,109.400001525879,815,696,2
13.3599996566772,91.8000030517578,38.9000015258789,0.813000023365021,30.7999992370605,4735,252.399993896484,109,815,695,2
13.5500001907349,91.6999969482422,38.9000015258789,0.820999979972839,31.2000007629395,4734,257.299987792969,108.800003051758,815,694,2
13.1899995803833,91.6999969482422,38.9000015258789,0.822000026702881,31.7000007629395,4624,254.399993896484,108.800003051758,815,693,2
13.6800003051758,91.6999969482422,38.9000015258789,0.836000025272369,31.7999992370605,4537,244.600006103516,109,815,693,-2
13.5900001525879,91.6999969482422,38.7999992370605,0.901000022888184,31.5,4487,247.5,108.800003051758,814,691,1
13.5900001525879,91.6999969482422,38.7999992370605,1.36000001430511,32.7000007629395,4621,253.399993896484,108.800003051758,814,691,1
13.5,91.6999969482422,38.7999992370605,1.67599999904633,35.7000007629395,4602,249.5,109.400001525879,814,688,1
13.3999996185303,91.6999969482422,38.7999992370605,2.14100003242493,42.5,4740,253.399993896484,109,813,686,1
13.5799999237061,91.6999969482422,38.7999992370605,1.09599995613098,51.4000015258789,5192,269,108.800003051758,812,686,1
13.4799995422363,91.6999969482422,38.7999992370605,1.09300005435944,54.9000015258789,5696,285.600006103516,108.800003051758,812,686,1
13.6700000762939,91.6999969482422,38.7999992370605,0.971000015735626,62.4000015258789,5359,275.799987792969,108.800003051758,812,685,1
13.5799999237061,91.6999969482422,38.7999992370605,0.887000024318695,53,5605,279.700012207031,108.800003051758,810,683,1
13.5900001525879,91.6999969482422,38.7999992370605,0.890999972820282,71.5999984741211,5920,286.600006103516,108.800003051758,809,681,1
13.5900001525879,91.6999969482422,38.7999992370605,0.83899998664856,50.5,5279,278.799987792969,109.400001525879,808,681,1
13.6899995803833,91.6999969482422,38.7999992370605,0.873000025749207,42.5999984741211,5737,285.600006103516,109,807,680,1
13.6499996185303,91.6999969482422,38.7999992370605,0.958000004291534,35.9000015258789,5538,272.899993896484,108.800003051758,807,680,1
13.4399995803833,91.6999969482422,38.7999992370605,0.874000012874603,30.2000007629395,5520,272.899993896484,108.800003051758,807,680,1
13.5100002288818,91.6999969482422,38.7999992370605,0.853999972343445,28.7000007629395,5351,269,108.800003051758,807,680,1
13.6599998474121,91.6999969482422,38.7999992370605,0.842999994754791,28.1000003814697,5291,278.799987792969,108.800003051758,807,680,1
13.6499996185303,91.6999969482422,38.7999992370605,0.851999998092651,27.6000003814697,5065,270,108.800003051758,807,679,1
13.4499998092651,91.6999969482422,38.7999992370605,1.20500004291534,28.2000007629395,4729,252.399993896484,109.400001525879,806,679,1
13.6499996185303,91.6999969482422,38.7999992370605,1.66400003433228,29,4765,256.299987792969,109.099998474121,808,679,1
13.6599998474121,91.6999969482422,38.7999992370605,1.87300002574921,29.8999996185303,4728,262.200012207031,108.800003051758,808,679,1
13.5799999237061,91.5999984741211,38.7999992370605,0.970000028610229,32.7999992370605,4693,258.299987792969,108.800003051758,808,678,1
13.5100002288818,91.5999984741211,38.7999992370605,0.887000024318695,46.4000015258789,4950,265.100006103516,108.800003051758,808,677,1
13.4899997711182,91.5999984741211,38.7999992370605,0.892000019550323,51.2000007629395,4895,261.200012207031,108.800003051758,807,675,1
13.5699996948242,91.5999984741211,38.7999992370605,0.97299998998642,54.2999992370605,4915,263.100006103516,108.800003051758,806,674,1
13.789999961853,91.5999984741211,38.7999992370605,1,62.7000007629395,5095,272.899993896484,109.400001525879,806,673,1
13.6499996185303,91.5999984741211,38.7999992370605,1.02999997138977,65.6999969482422,5136,266.100006103516,109.099998474121,806,673,1
13.5799999237061,91.5999984741211,38.7999992370605,0.991999983787537,71.6999969482422,5177,274.899993896484,109,806,672,1
13.5699996948242,91.5999984741211,38.7999992370605,0.950999975204468,82.8000030517578,5356,277.799987792969,108.800003051758,806,672,1
13.6899995803833,91.5999984741211,38.7999992370605,0.939000010490417,89,5627,284.600006103516,108.699996948242,806,672,1
13.6499996185303,91.5999984741211,38.7999992370605,0.890999972820282,88.5,5891,290.5,108.800003051758,807,672,1
13.6499996185303,91.5999984741211,38.7999992370605,0.930999994277954,88.3000030517578,6044,300.299987792969,108.800003051758,807,673,1
13.5699996948242,91.5999984741211,38.7999992370605,0.949999988079071,88.8000030517578,6404,307.100006103516,108.800003051758,809,673,1
13.6099996566772,91.5999984741211,38.9000015258789,0.976999998092651,86.4000015258789,6651,287.600006103516,109.400001525879,809,673,1
13.6400003433228,91.5999984741211,38.9000015258789,0.945999979972839,86.0999984741211,6906,311,109,810,674,1
13.6300001144409,91.5999984741211,38.9000015258789,0.964999973773956,82.5999984741211,6946,296.299987792969,108.800003051758,810,675,1
13.539999961853,91.5999984741211,38.9000015258789,0.935999989509583,75.4000015258789,7093,294.399993896484,108.800003051758,810,677,1
13.6000003814697,91.5999984741211,38.9000015258789,0.944999992847443,71.0999984741211,6396,298.299987792969,108.800003051758,811,678,-2
13.5100002288818,91.5,38.9000015258789,1.74500000476837,72.0999984741211,5726,284.600006103516,108.800003051758,812,680,2
13.460000038147,91.5,38.9000015258789,1.12999999523163,64.0999984741211,5588,290.5,108.699996948242,813,680,2
13.5600004196167,91.5,38.9000015258789,0.894999980926514,66.4000015258789,5541,274.899993896484,109.099998474121,813,682,2
13.210000038147,91.5,39,0.889999985694885,63.5,5778,288.5,109.099998474121,813,682,2
13.5600004196167,91.5,39,0.882000029087067,50.5,5716,276.799987792969,109,813,683,2
13.5500001907349,91.5,39,0.922999978065491,38.7999992370605,5656,280.700012207031,108.800003051758,813,685,2
13.6300001144409,91.4000015258789,39,0.922999978065491,31.3999996185303,5603,283.700012207031,108.800003051758,813,685,2
13.6700000762939,91.5,39,0.879000008106232,28.2000007629395,5457,273.899993896484,108.699996948242,813,686,2
13.5100002288818,91.4000015258789,39,0.853999972343445,27.5,5414,284.600006103516,108.800003051758,813,685,2
13.4899997711182,91.4000015258789,39,0.856000006198883,27.2999992370605,5414,292.399993896484,108.800003051758,814,687,2
13.5799999237061,91.4000015258789,39,0.834999978542328,27.1000003814697,5421,279.700012207031,109.400001525879,814,686,2
13.539999961853,91.4000015258789,39,0.834999978542328,29.1000003814697,5234,278.799987792969,109.099998474121,814,687,2
13.6400003433228,91.4000015258789,39,0.862999975681305,31.7000007629395,5354,282.700012207031,108.800003051758,816,686,2
13.5299997329712,91.4000015258789,38.9000015258789,0.852999985218048,33.9000015258789,5231,281.700012207031,108.800003051758,816,685,2
13.3100004196167,91.4000015258789,38.9000015258789,0.879000008106232,41,5102,275.799987792969,108.800003051758,817,685,2
13.4499998092651,91.4000015258789,38.9000015258789,0.935000002384186,46.0999984741211,5259,273.899993896484,108.800003051758,817,685,2
13.5799999237061,91.3000030517578,38.9000015258789,0.966000020503998,48.7999992370605,5211,283.700012207031,108.800003051758,818,684,2
13.5,91.3000030517578,38.9000015258789,0.943000018596649,54.0999984741211,4843,265.100006103516,109.400001525879,819,684,2
13.4499998092651,91.3000030517578,38.9000015258789,0.99099999666214,59,4772,266.100006103516,109.099998474121,820,682,2
13.5100002288818,91.3000030517578,38.9000015258789,1.00699996948242,64,4910,266.100006103516,109,821,682,2
13.5799999237061,91.3000030517578,38.9000015258789,0.984000027179718,65.5,5064,264.100006103516,108.800003051758,823,682,2
13.6499996185303,91.3000030517578,38.9000015258789,0.947000026702881,65.9000015258789,5182,271.899993896484,108.800003051758,824,682,2
13.5699996948242,91.3000030517578,38.9000015258789,0.98199999332428,64,5069,263.100006103516,108.800003051758,824,682,2
13.4300003051758,91.3000030517578,38.9000015258789,0.89300000667572,61.5999984741211,5109,277.799987792969,108.800003051758,825,683,2
13.5,91.3000030517578,38.9000015258789,0.894999980926514,55.5999984741211,5218,278.799987792969,108.800003051758,827,683,2
13.6000003814697,91.3000030517578,38.9000015258789,0.896000027656555,46.9000015258789,5101,269,109.400001525879,828,683,2
13.6700000762939,91.3000030517578,38.9000015258789,0.888999998569489,39.7999992370605,5012,264.100006103516,109.099998474121,829,684,2
13.4899997711182,91.3000030517578,38.9000015258789,0.889999985694885,36.5,4971,265.100006103516,109,830,683,2
13.6199998855591,91.3000030517578,38.9000015258789,0.879999995231628,35.7000007629395,4919,260.200012207031,108.800003051758,830,683,2
13.4899997711182,91.3000030517578,38.9000015258789,0.869000017642975,36.5,4868,266.100006103516,108.800003051758,831,684,2
13.6099996566772,91.3000030517578,38.9000015258789,0.857999980449677,38,4893,269,108.800003051758,831,684,2
13.4899997711182,91.1999969482422,38.9000015258789,0.861000001430511,42.4000015258789,4878,265.100006103516,108.800003051758,832,684,2
13.1899995803833,91.1999969482422,38.9000015258789,0.925999999046326,47.7000007629395,4752,253.399993896484,109.400001525879,833,683,2
13.5500001907349,91.1999969482422,38.9000015258789,0.998000025749207,56.2999992370605,4899,256.299987792969,109.400001525879,834,683,2
13.5500001907349,91.1999969482422,38.9000015258789,0.994000017642975,61.7999992370605,4752,256.299987792969,109,834,683,2
13.5799999237061,91.1999969482422,38.9000015258789,0.996999979019165,63.2000007629395,5033,266.100006103516,108.800003051758,834,682,2
13.5500001907349,91.1999969482422,38.9000015258789,0.945999979972839,73.0999984741211,5127,257.299987792969,108.800003051758,835,682,2
13.4499998092651,91.1999969482422,38.9000015258789,0.973999977111816,72.3000030517578,5241,264.100006103516,108.800003051758,835,682,2
13.6099996566772,91.1999969482422,38.9000015258789,0.938000023365021,76.3000030517578,5198,278.799987792969,108.800003051758,837,683,2
13.6000003814697,91.1999969482422,38.9000015258789,0.991999983787537,82.8000030517578,5595,263.100006103516,109.099998474121,838,683,2
13.5699996948242,91.1999969482422,38.9000015258789,0.906000018119812,84.3000030517578,5348,281.700012207031,109.5,839,684,2
13.2200002670288,91.1999969482422,38.9000015258789,0.939000010490417,84.9000015258789,5592,290.5,109,839,684,2
13.5,91.1999969482422,38.9000015258789,0.892000019550323,89.9000015258789,5568,273.899993896484,108.800003051758,840,684,2
13.5600004196167,91.0999984741211,38.9000015258789,0.88400000333786,88,5963,285.600006103516,108.800003051758,840,685,2
13.5100002288818,91.1999969482422,38.9000015258789,0.921999990940094,86.9000015258789,6119,294.399993896484,108.800003051758,840,685,2
13.5100002288818,91.1999969482422,38.9000015258789,0.936999976634979,84.8000030517578,6263,300.299987792969,108.800003051758,841,686,2
13.6199998855591,91.1999969482422,39,0.952000021934509,83.5999984741211,6246,285.600006103516,109.099998474121,840,687,2
13.4499998092651,91.0999984741211,39,0.984000027179718,83.9000015258789,6359,297.299987792969,109.400001525879,841,687,2
13.5799999237061,91.0999984741211,39,0.949999988079071,81.3000030517578,6751,300.299987792969,109.099998474121,841,688,2
13.6099996566772,91.0999984741211,39,0.938000023365021,80.9000015258789,6685,302.200012207031,109,841,689,2
13.5900001525879,91.0999984741211,39,0.958000004291534,80.5,6762,294.399993896484,108.800003051758,841,691,2
13.5200004577637,91.0999984741211,39,0.953999996185303,77.8000030517578,7090,305.100006103516,108.800003051758,840,692,2
13.460000038147,91.0999984741211,39,0.978999972343445,77.9000015258789,7188,300.299987792969,108.800003051758,841,694,2
13.2299995422363,91.0999984741211,39,0.970000028610229,77.5999984741211,7290,306.100006103516,108.800003051758,841,694,2
13.5299997329712,91.0999984741211,39,0.943000018596649,76.3000030517578,7309,301.200012207031,109.400001525879,841,696,2
13.5900001525879,91.0999984741211,39,0.934000015258789,67.4000015258789,7382,307.100006103516,109,841,696,2
13.5799999237061,91.0999984741211,39,0.939000010490417,60.9000015258789,7445,304.200012207031,108.800003051758,841,698,2
13.6899995803833,91.0999984741211,39,0.874000012874603,40.9000015258789,7313,293.399993896484,108.800003051758,841,699,2
13.5100002288818,91.0999984741211,39,0.896000027656555,36,7257,292.399993896484,108.800003051758,842,702,2
13.6400003433228,91.0999984741211,39,0.950999975204468,42.2000007629395,7293,296.299987792969,109,842,703,2
13.6099996566772,91.0999984741211,39,0.976000010967255,41.9000015258789,7288,301.200012207031,109.400001525879,843,705,2
13.5299997329712,91.0999984741211,39,0.944000005722046,44.0999984741211,7216,292.399993896484,109.400001525879,844,705,2
13.5699996948242,91,39,0.992999970912933,47.2999992370605,7114,291.5,109,844,706,2
13.6800003051758,91,39,0.927999973297119,44.7000007629395,7006,290.5,109,844,708,2
13.4700002670288,91,39,0.953000009059906,47.2999992370605,7090,302.200012207031,108.800003051758,845,709,2
13.289999961853,91,39,0.985000014305115,55.4000015258789,7013,299.299987792969,108.800003051758,846,709,2
13.6499996185303,91,39,0.98199999332428,62.2000007629395,7267,304.200012207031,108.800003051758,847,710,2
13.4399995803833,91,39,1.00499999523163,66,7249,302.200012207031,108.699996948242,848,711,2
13.6499996185303,91,39,0.991999983787537,69.5,7238,308.100006103516,109.400001525879,848,711,2
13.5299997329712,91,39,0.998000025749207,71.5999984741211,7291,303.200012207031,109.099998474121,849,712,2
13.5200004577637,91,39,0.986000001430511,66.0999984741211,7226,319.799987792969,109,850,712,2
13.4200000762939,91,39,0.813000023365021,38.4000015258789,6950,298.299987792969,108.800003051758,851,714,2
13.4200000762939,90.9000015258789,39,0.870999991893768,27.3999996185303,6724,295.399993896484,108.800003051758,852,715,2
13.4499998092651,91,39,0.887000024318695,22,6591,301.200012207031,108.800003051758,853,717,2
13.3400001525879,90.9000015258789,39,0.870000004768372,20.2999992370605,6419,300.299987792969,108.800003051758,853,718,2
13.5,90.9000015258789,39,0.870999991893768,19.8999996185303,6512,292.399993896484,109.5,853,718,2
13.460000038147,90.9000015258789,39,0.876999974250793,20.6000003814697,6394,304.200012207031,109.400001525879,854,718,2
13.6400003433228,90.9000015258789,39,0.899999976158142,26.1000003814697,6317,295.399993896484,109,854,718,2
13.6300001144409,90.9000015258789,39,0.916999995708466,37.2000007629395,6438,298.299987792969,108.800003051758,855,718,2
13.539999961853,90.9000015258789,39,0.933000028133392,45.2999992370605,6561,309,108.800003051758,855,717,2
13.4899997711182,90.9000015258789,39,0.921999990940094,44.7999992370605,6409,304.200012207031,108.800003051758,855,716,2
13.6000003814697,90.9000015258789,38.9000015258789,0.958999991416931,50.7999992370605,6253,285.600006103516,108.800003051758,856,716,2
13.5500001907349,90.8000030517578,38.9000015258789,1.02499997615814,65.6999969482422,6528,308.100006103516,108.800003051758,856,715,2
13.6499996185303,90.8000030517578,38.9000015258789,0.927999973297119,75.8000030517578,6480,304.200012207031,109.400001525879,857,714,2
13.5100002288818,90.8000030517578,38.9000015258789,0.922999978065491,77.0999984741211,6400,292.399993896484,109,857,714,2
13.3000001907349,90.8000030517578,38.9000015258789,0.913999974727631,84.4000015258789,6619,296.299987792969,108.800003051758,858,714,2
13.5500001907349,90.8000030517578,38.9000015258789,0.950999975204468,84.8000030517578,6543,292.399993896484,109,858,714,2
13.1099996566772,90.8000030517578,38.9000015258789,0.955999970436096,86.5,6948,290.5,108.800003051758,859,714,2
13.6300001144409,90.8000030517578,38.9000015258789,0.935000002384186,87.5999984741211,6987,306.100006103516,108.800003051758,858,714,2
13.4499998092651,90.6999969482422,39,0.907999992370605,90.8000030517578,7100,313,108.800003051758,858,715,2
13.3500003814697,90.8000030517578,39,0.910000026226044,90.5999984741211,7291,307.100006103516,109.5,859,716,2
13.6199998855591,90.6999969482422,39,0.890999972820282,88.6999969482422,7854,286.600006103516,109.099998474121,858,716,2
13.6400003433228,90.6999969482422,39,0.898000001907349,88.6999969482422,7654,314.899993896484,109,859,717,2
13.6099996566772,90.6999969482422,39,0.888000011444092,87.3000030517578,8101,302.200012207031,109,859,718,2
13.3999996185303,90.6999969482422,39,0.896000027656555,88.3000030517578,8005,315.899993896484,108.800003051758,859,720,2
13.5799999237061,90.6999969482422,39,0.897000014781952,82.4000015258789,8265,332.5,108.800003051758,859,720,2
13.5200004577637,90.6999969482422,39,0.810000002384186,42.9000015258789,7991,303.200012207031,108.800003051758,859,721,2
13.460000038147,90.6999969482422,39,0.716000020503998,23.7000007629395,7686,305.100006103516,109.5,858,722,2
13.4799995422363,90.6999969482422,39.0999984741211,0.790000021457672,18.8999996185303,7354,303.200012207031,109.400001525879,859,724,2
13.5,90.6999969482422,39.0999984741211,0.787000000476837,19.5,7012,296.299987792969,109,857,724,2
13.4200000762939,90.6999969482422,39.0999984741211,0.853999972343445,20.2999992370605,6842,303.200012207031,109,857,725,2
13.5100002288818,90.6999969482422,39.0999984741211,0.874000012874603,20.6000003814697,6632,295.399993896484,108.800003051758,858,725,2
13.4300003051758,90.6999969482422,39.0999984741211,0.883000016212463,20.5,6207,293.399993896484,108.800003051758,858,725,2
13.4099998474121,90.6999969482422,39.0999984741211,0.871999979019165,22.2999992370605,5810,293.399993896484,108.800003051758,857,724,2
13.5600004196167,90.6999969482422,39,0.887000024318695,24.3999996185303,5600,275.799987792969,108.800003051758,858,723,2
13.5699996948242,90.6999969482422,39,0.887000024318695,26.2000007629395,5551,280.700012207031,109.400001525879,858,722,2
13.4899997711182,90.5999984741211,39,0.874000012874603,33.7000007629395,5638,288.5,109.099998474121,859,721,2
13.5699996948242,90.5999984741211,39,0.875,41.2000007629395,5922,283.700012207031,109,858,719,2
13.6700000762939,90.5999984741211,39,0.920000016689301,47,5614,277.799987792969,108.800003051758,859,720,2
13.460000038147,90.5999984741211,39,0.976999998092651,49.4000015258789,5645,271.899993896484,109,859,718,2
13.5,90.5999984741211,38.9000015258789,0.953999996185303,56.7000007629395,5606,285.600006103516,109,860,716,2
13.5,90.5999984741211,38.9000015258789,0.991999983787537,56.7999992370605,5718,270,108.800003051758,861,715,2
13.5900001525879,90.5999984741211,38.9000015258789,0.907000005245209,64.9000015258789,5888,281.700012207031,109.400001525879,861,714,2
13.6499996185303,90.5999984741211,38.9000015258789,0.894999980926514,78.6999969482422,5858,278.799987792969,109.099998474121,861,713,2
13.6499996185303,90.5999984741211,38.9000015258789,0.925000011920929,84,5914,281.700012207031,109,862,713,2
13.4799995422363,90.5999984741211,38.9000015258789,0.898999989032745,83.9000015258789,6098,272.899993896484,108.800003051758,862,713,2
13.5699996948242,90.5999984741211,38.9000015258789,0.970000028610229,84.5,6149,291.5,108.800003051758,861,712,2
13.4099998474121,90.5999984741211,38.9000015258789,0.967000007629395,90,6739,299.299987792969,108.800003051758,862,712,2
13.3699998855591,90.5999984741211,38.9000015258789,0.910000026226044,92.3000030517578,6591,292.399993896484,108.800003051758,862,712,2
13.6099996566772,90.5999984741211,38.9000015258789,0.887000024318695,91,6999,311,108.800003051758,862,713,2
13.3000001907349,90.5999984741211,39,0.896000027656555,93.0999984741211,7079,295.399993896484,109.400001525879,861,714,2
13.6499996185303,90.5999984741211,39,0.901000022888184,91.4000015258789,7149,313.899993896484,109,861,714,2
13.6599998474121,90.5999984741211,39,0.913999974727631,91,7015,315.899993896484,109,861,715,2
13.5699996948242,90.5999984741211,39,0.912000000476837,89,7181,309,108.800003051758,861,715,2
13.4399995803833,90.5999984741211,39,0.943000018596649,88.9000015258789,7333,316.899993896484,108.800003051758,861,716,2
13.2399997711182,90.5999984741211,39,0.90200001001358,90.9000015258789,7719,314.899993896484,108.800003051758,861,716,2
13.5600004196167,90.5999984741211,39,0.920000016689301,88.1999969482422,7733,314.899993896484,108.800003051758,860,718,2
13.1999998092651,90.5999984741211,39,0.889999985694885,88.4000015258789,8074,320.799987792969,109.400001525879,860,719,2
13.4700002670288,90.5999984741211,39,0.893999993801117,88,8059,324.700012207031,109.099998474121,860,720,2
13.4899997711182,90.5999984741211,39,0.892000019550323,85.5,8254,305.100006103516,109,860,720,2
13.3900003433228,90.5999984741211,39,0.890999972820282,85.5999984741211,8425,313,108.800003051758,859,722,2
13.6499996185303,90.5999984741211,39,0.883000016212463,85.4000015258789,8566,320.799987792969,108.800003051758,860,724,2
13.4200000762939,90.5999984741211,39.0999984741211,0.888000011444092,85.3000030517578,8988,325.600006103516,108.800003051758,859,725,2
13.4200000762939,90.5999984741211,39.0999984741211,0.851000010967255,83.8000030517578,9004,310,108.800003051758,860,727,2
13.4200000762939,90.5999984741211,39.0999984741211,0.800000011920929,41.5999984741211,8251,310,108.800003051758,859,729,2
13.2299995422363,90.5999984741211,39.0999984741211,0.731000006198883,24.2000007629395,7789,310,109.400001525879,859,729,2
13.5,90.5999984741211,39.0999984741211,0.777999997138977,20.1000003814697,7221,299.299987792969,109.099998474121,859,730,2
13.5699996948242,90.5999984741211,39.0999984741211,0.852999985218048,21.7999992370605,6747,297.299987792969,109,859,731,2
13.4799995422363,90.5999984741211,39.0999984741211,0.898000001907349,22.3999996185303,6158,288.5,108.800003051758,858,733,2
13.6000003814697,90.5999984741211,39.0999984741211,1.14199995994568,22.8999996185303,5973,301.200012207031,108.800003051758,858,733,1
13.6400003433228,90.5999984741211,39,1.39699995517731,25,5975,291.5,108.800003051758,859,732,1
13.6999998092651,90.5999984741211,39,1.64300000667572,25.5,5962,295.399993896484,108.800003051758,858,731,1
13.7299995422363,90.5999984741211,39,1.92499995231628,24.2000007629395,6383,297.299987792969,109.099998474121,858,731,1
13.5600004196167,90.5999984741211,39,1.42299997806549,22.3999996185303,6345,290.5,109.400001525879,856,730,1
13.5100002288818,90.5999984741211,39,1.13300001621246,22.7999992370605,5935,285.600006103516,109,855,728,1
13.6000003814697,90.5999984741211,38.9000015258789,1.11600005626678,24.7999992370605,5577,289.5,108.800003051758,853,727,1
13.6300001144409,90.5999984741211,38.9000015258789,1.16700005531311,26.3999996185303,5474,286.600006103516,108.800003051758,851,725,1
13.539999961853,90.5999984741211,38.9000015258789,1.12999999523163,28,5183,269,108.800003051758,849,723,1
13.6599998474121,90.5999984741211,38.9000015258789,1.12999999523163,30.2000007629395,4800,263.100006103516,108.800003051758,848,721,1
13.5500001907349,90.5999984741211,38.9000015258789,1.11899995803833,32.0999984741211,4529,251.399993896484,108.800003051758,848,721,1
13.5200004577637,90.5999984741211,38.9000015258789,1.16400003433228,33.7999992370605,4230,238.699996948242,109.400001525879,848,720,1
13.5299997329712,90.5999984741211,38.9000015258789,1.18400001525879,34,4204,238.699996948242,109.099998474121,848,718,1
13.5900001525879,90.5999984741211,38.9000015258789,1.19900000095367,34.9000015258789,4171,239.699996948242,109,848,716,1
13.5100002288818,90.5999984741211,38.9000015258789,1.21800005435944,34.7999992370605,4045,233.800003051758,108.800003051758,849,715,1
13.5799999237061,90.5999984741211,38.9000015258789,1.26800000667572,35.7999992370605,3826,229,108.800003051758,849,714,1
13.4200000762939,90.5999984741211,38.9000015258789,1.27999997138977,37.2999992370605,3724,228,108.800003051758,849,714,1
13.6700000762939,90.5999984741211,38.9000015258789,1.35099995136261,38.9000015258789,3799,224.100006103516,108.800003051758,849,712,1
13.6099996566772,90.5999984741211,38.9000015258789,1.25499999523163,44.5,4064,236.800003051758,109.099998474121,850,711,1
13.4899997711182,90.5999984741211,38.9000015258789,1.15199995040894,48.4000015258789,3795,224.100006103516,109.099998474121,851,710,1
13.5299997329712,90.5999984741211,38.9000015258789,0.953000009059906,53.0999984741211,3818,228,109,851,709,1
13.5200004577637,90.5999984741211,38.9000015258789,0.948000013828278,51.9000015258789,4100,229.899993896484,108.800003051758,851,708,1
13.5,90.5999984741211,38.9000015258789,0.898000001907349,44,4064,227,108.699996948242,851,707,1
13.6099996566772,90.5999984741211,38.9000015258789,0.875999987125397,39.5999984741211,3961,230.899993896484,108.800003051758,852,707,1
13.1400003433228,90.5999984741211,38.9000015258789,0.88400000333786,36.9000015258789,4026,229.899993896484,108.699996948242,851,706,1
13.6400003433228,90.5999984741211,38.9000015258789,0.889999985694885,35.5999984741211,3954,222.100006103516,108.800003051758,851,705,1
13.6400003433228,90.5999984741211,38.9000015258789,0.890999972820282,34.5999984741211,3964,229,109.400001525879,852,705,1
13.6700000762939,90.5999984741211,38.9000015258789,0.875999987125397,33.9000015258789,4019,231.899993896484,109,852,704,1
13.6300001144409,90.5999984741211,38.9000015258789,0.860000014305115,34.7000007629395,3838,221.199996948242,108.800003051758,853,703,1
13.4099998474121,90.5999984741211,38.9000015258789,0.857999980449677,35.7999992370605,3855,217.199996948242,108.699996948242,852,703,1
13.6300001144409,90.5999984741211,38.9000015258789,0.879999995231628,46.2000007629395,3833,225.100006103516,108.800003051758,853,702,1
13.5699996948242,90.5999984741211,38.9000015258789,0.919000029563904,51.5,3717,227,108.699996948242,852,701,1
13.539999961853,90.5999984741211,38.9000015258789,0.903999984264374,64.1999969482422,3831,225.100006103516,108.699996948242,852,700,1
13.460000038147,90.5999984741211,38.9000015258789,0.892000019550323,75,4246,235.800003051758,109.099998474121,851,699,1
13.3800001144409,90.5999984741211,38.9000015258789,0.894999980926514,89.4000015258789,4458,245.600006103516,109.400001525879,852,698,1
13.5,90.5999984741211,38.9000015258789,0.862999975681305,92.9000015258789,4907,251.399993896484,108.800003051758,852,698,1
13.3800001144409,90.5999984741211,38.9000015258789,0.878000020980835,94.1999969482422,5082,256.299987792969,108.800003051758,852,697,1
13.3199996948242,90.5999984741211,38.9000015258789,0.878000020980835,94.5,5346,278.799987792969,108.699996948242,851,696,1
13.4099998474121,90.5999984741211,38.9000015258789,0.870999991893768,94.1999969482422,5297,281.700012207031,108.699996948242,851,696,1
13.6700000762939,90.5999984741211,38.9000015258789,0.836000025272369,95.4000015258789,5501,285.600006103516,108.699996948242,850,695,1
13.3900003433228,90.5999984741211,38.9000015258789,0.874000012874603,96.6999969482422,5823,272.899993896484,108.800003051758,849,695,1
13.5,90.5999984741211,38.9000015258789,0.888999998569489,93.5999984741211,5557,290.5,109.099998474121,848,695,1
13.4099998474121,90.5999984741211,39,0.922999978065491,93,5987,295.399993896484,108.800003051758,848,695,1
13.5699996948242,90.5999984741211,39,0.899999976158142,93.1999969482422,6521,293.399993896484,108.800003051758,847,695,1
13.5100002288818,90.5999984741211,39,0.916000008583069,91.1999969482422,6763,302.200012207031,108.800003051758,847,696,1
13.6000003814697,90.5999984741211,39,0.925000011920929,88.0999984741211,7333,312,108.800003051758,846,697,1
13.6499996185303,90.5999984741211,39,0.860000014305115,65.1999969482422,7317,320.799987792969,108.699996948242,846,698,1
13.4300003051758,90.5999984741211,39,0.853999972343445,36.5,7162,312,108.699996948242,845,698,1
13.1800003051758,90.5999984741211,39.0999984741211,0.885999977588654,27.1000003814697,6818,306.100006103516,109,844,700,1
13.4200000762939,90.5999984741211,39.0999984741211,0.870000004768372,24,6259,285.600006103516,109,844,700,1
13.3400001525879,90.5999984741211,39.0999984741211,0.892000019550323,23.2000007629395,5822,286.600006103516,108.800003051758,844,701,1
13.3500003814697,90.5999984741211,39.0999984741211,0.875999987125397,23.3999996185303,5568,290.5,108.800003051758,844,701,1
13.4200000762939,90.5999984741211,39.0999984741211,0.852999985218048,25.2000007629395,5239,278.799987792969,108.800003051758,844,701,1
13.5100002288818,90.5999984741211,39.0999984741211,0.846000015735626,27.3999996185303,4983,261.200012207031,108.699996948242,843,701,1
13.4499998092651,90.5,39.0999984741211,0.813000023365021,29.7000007629395,4957,262.200012207031,108.699996948242,844,701,1
13.5100002288818,90.5,39.0999984741211,0.800000011920929,36.9000015258789,4952,265.100006103516,109.099998474121,844,701,1
13.4499998092651,90.5,39.0999984741211,0.783999979496002,44.2000007629395,5204,263.100006103516,109.099998474121,844,700,1
13.5900001525879,90.5,39,0.924000024795532,46.2999992370605,5289,283.700012207031,109,844,699,1
13.6700000762939,90.5,39,0.899999976158142,55,5468,286.600006103516,108.800003051758,844,698,1
13.5,90.5,39,0.907999992370605,56.5,5460,277.799987792969,108.699996948242,844,698,1
13.539999961853,90.5,39,0.876999974250793,72.5999984741211,5286,275.799987792969,108.699996948242,845,697,1
13.5200004577637,90.5,39,0.898000001907349,73.8000030517578,5483,295.399993896484,108.800003051758,846,697,1
13.6000003814697,90.5,39,0.898000001907349,85.6999969482422,5762,271,108.800003051758,846,696,1
13.2799997329712,90.5,39,0.84799998998642,84.8000030517578,5611,285.600006103516,109.099998474121,846,696,1
13.5500001907349,90.5,39,0.925000011920929,89.6999969482422,6531,301.200012207031,109,847,696,1
13.4099998474121,90.5,39,0.878000020980835,90.3000030517578,6274,273.899993896484,108.699996948242,847,696,1
13.289999961853,90.5,39,0.961000025272369,89.3000030517578,6358,303.200012207031,108.800003051758,847,696,1
13.6899995803833,90.5,39.0999984741211,0.952000021934509,91.0999984741211,6736,311,108.800003051758,847,697,1
13.5799999237061,90.5,39.0999984741211,0.904999971389771,74.9000015258789,6841,303.200012207031,108.800003051758,847,697,1
13.4399995803833,90.4000015258789,39.0999984741211,0.898000001907349,44,6544,296.299987792969,108.699996948242,847,697,1
13.3599996566772,90.4000015258789,39.0999984741211,0.809000015258789,28.3999996185303,6448,299.299987792969,109.400001525879,847,698,1
13.1700000762939,90.4000015258789,39.0999984741211,0.870000004768372,22.5,6126,281.700012207031,109,847,699,1
13.5600004196167,90.4000015258789,39.0999984741211,0.851999998092651,22.3999996185303,5643,295.399993896484,108.800003051758,846,700,1
13.4499998092651,90.4000015258789,39.0999984741211,0.981000006198883,24.2999992370605,5265,276.799987792969,108.800003051758,846,701,1
13.4300003051758,90.4000015258789,39.0999984741211,1.31400001049042,26.2000007629395,5320,280.700012207031,108.800003051758,846,701,1
13.5100002288818,90.4000015258789,39.0999984741211,0.948000013828278,37.4000015258789,5396,274.899993896484,108.800003051758,846,701,1
13.5299997329712,90.4000015258789,39.0999984741211,0.910000026226044,42.2000007629395,5496,285.600006103516,108.800003051758,846,701,1
13.6700000762939,90.4000015258789,39.0999984741211,0.953000009059906,45.7000007629395,5223,269,109.099998474121,846,701,1
13.5799999237061,90.3000030517578,39.0999984741211,0.952000021934509,45.5999984741211,5319,277.799987792969,109.400001525879,846,701,1
13.5699996948242,90.3000030517578,39.0999984741211,0.921999990940094,42.5999984741211,5330,278.799987792969,109.099998474121,846,700,1
13.5799999237061,90.3000030517578,39.0999984741211,0.888000011444092,43.5999984741211,5166,266.100006103516,108.800003051758,845,699,1
13.5,90.3000030517578,39.0999984741211,0.934000015258789,43.7999992370605,5100,271,108.800003051758,846,699,1
13.710000038147,90.3000030517578,39,0.957000017166138,51.9000015258789,5079,268,108.800003051758,845,699,1
13.2799997329712,90.3000030517578,39,0.885999977588654,61.9000015258789,5241,267.100006103516,108.800003051758,846,699,1
13.5500001907349,90.3000030517578,39,0.989000022411346,64.4000015258789,5349,279.700012207031,108.800003051758,847,699,1
13.5799999237061,90.3000030517578,39,0.948000013828278,66,5772,291.5,109.400001525879,847,699,1
13.4899997711182,90.1999969482422,39,0.902999997138977,62.7999992370605,5912,293.399993896484,109.099998474121,847,699,1
13.6599998474121,90.3000030517578,39,0.929000020027161,61.5,5830,287.600006103516,109,848,699,1
13.539999961853,90.1999969482422,39,0.944999992847443,63,6059,295.399993896484,108.800003051758,848,699,1
13.6300001144409,90.3000030517578,39,0.953000009059906,63.0999984741211,6436,307.100006103516,108.800003051758,848,699,1
13.4200000762939,90.1999969482422,39,0.936999976634979,60.4000015258789,6558,295.399993896484,108.800003051758,849,699,1
13.6199998855591,90.1999969482422,39,0.908999979496002,63,6384,291.5,108.699996948242,849,699,1
13.460000038147,90.3000030517578,39,0.949999988079071,67.4000015258789,6553,296.299987792969,109,849,700,1
13.4799995422363,90.3000030517578,39,0.954999983310699,70.1999969482422,6540,285.600006103516,109.099998474121,850,700,1
13.5,90.3000030517578,39,0.995000004768372,76.4000015258789,6989,301.200012207031,109,850,701,1
13.2600002288818,90.3000030517578,39,0.987999975681305,84,7209,303.200012207031,108.800003051758,850,701,1
13.3699998855591,90.3000030517578,39,1,89.6999969482422,7561,308.100006103516,108.800003051758,850,701,1
13.5200004577637,90.1999969482422,39,0.939999997615814,88.5999984741211,7745,311,108.800003051758,850,703,1
13.6099996566772,90.3000030517578,39.0999984741211,0.898000001907349,88.4000015258789,8060,318.799987792969,108.800003051758,851,704,1
13.4899997711182,90.3000030517578,39.0999984741211,0.906000018119812,87.1999969482422,8163,334.399993896484,108.800003051758,852,706,1
13.4399995803833,90.1999969482422,39.0999984741211,0.879999995231628,73.4000015258789,8238,310,109.400001525879,852,707,1
13.5,90.1999969482422,39.0999984741211,0.721000015735626,33.9000015258789,7822,314.899993896484,109.099998474121,852,707,1
13.460000038147,90.3000030517578,39.0999984741211,0.741999983787537,20.8999996185303,7471,308.100006103516,109,852,709,1
13.5100002288818,90.3000030517578,39.0999984741211,0.782000005245209,19.6000003814697,7004,300.299987792969,108.800003051758,852,711,1
13.3400001525879,90.3000030517578,39.0999984741211,0.837999999523163,20.7000007629395,6713,294.399993896484,108.800003051758,852,713,1
13.4399995803833,90.3000030517578,39.0999984741211,0.869000017642975,19.8999996185303,6408,293.399993896484,108.800003051758,852,714,1
13.5,90.3000030517578,39.0999984741211,0.85699999332428,20.2000007629395,6091,301.200012207031,108.800003051758,852,714,1
13.3400001525879,90.3000030517578,39.0999984741211,0.856000006198883,21.5,5801,305.100006103516,108.800003051758,853,714,1
13.5,90.3000030517578,39.0999984741211,0.869000017642975,22.6000003814697,5812,287.600006103516,109.5,853,714,1
13.3400001525879,90.3000030517578,39.0999984741211,0.874000012874603,23.5,5720,302.200012207031,109.099998474121,853,713,1
13.1700000762939,90.3000030517578,39,0.878000020980835,24.7000007629395,5575,294.399993896484,109,852,712,1
13.5699996948242,90.1999969482422,39,0.875999987125397,26.3999996185303,5414,286.600006103516,108.800003051758,853,711,1
13.1599998474121,90.3000030517578,38.9000015258789,0.869000017642975,29.5,5375,285.600006103516,108.800003051758,853,709,1
13.6199998855591,90.3000030517578,38.9000015258789,0.86599999666214,39.2000007629395,5359,281.700012207031,108.800003051758,854,708,1
13.5100002288818,90.3000030517578,38.9000015258789,0.869000017642975,48.5999984741211,5722,282.700012207031,108.800003051758,854,706,1
13.4899997711182,90.1999969482422,38.9000015258789,0.885999977588654,57.0999984741211,5504,286.600006103516,109,854,706,1
13.6099996566772,90.3000030517578,38.9000015258789,0.941999971866608,62.2000007629395,5563,271.899993896484,109.400001525879,855,705,1
13.5,90.3000030517578,38.9000015258789,0.925999999046326,64.1999969482422,5674,273.899993896484,109.099998474121,855,704,1
13.5900001525879,90.3000030517578,38.9000015258789,0.931999981403351,58.5999984741211,5678,281.700012207031,108.800003051758,856,703,1
13.5600004196167,90.3000030517578,38.9000015258789,0.892000019550323,44.0999984741211,5739,282.700012207031,108.800003051758,856,703,1
13.6099996566772,90.1999969482422,38.9000015258789,0.865000009536743,33.2999992370605,5744,275.799987792969,108.800003051758,856,702,1
13.5699996948242,90.3000030517578,38.9000015258789,0.889999985694885,29.3999996185303,5588,281.700012207031,108.800003051758,856,702,1
13.4899997711182,90.3000030517578,38.9000015258789,0.86599999666214,27.8999996185303,5536,282.700012207031,108.800003051758,856,701,1
13.5600004196167,90.3000030517578,38.9000015258789,0.853999972343445,28.3999996185303,5521,284.600006103516,109.5,857,701,1
13.5900001525879,90.3000030517578,38.9000015258789,0.857999980449677,28.7999992370605,5365,289.5,109,857,700,1
13.5299997329712,90.3000030517578,38.9000015258789,0.843999981880188,29.7000007629395,5376,281.700012207031,109,857,700,1
13.5900001525879,90.3000030517578,38.9000015258789,0.828000009059906,30.5,5314,279.700012207031,109,857,699,1
13.5900001525879,90.3000030517578,38.9000015258789,0.845000028610229,36.2000007629395,5324,275.799987792969,108.800003051758,857,697,1
13.3199996948242,90.3000030517578,38.9000015258789,0.894999980926514,41.7000007629395,5498,288.5,109,857,697,1
13.5699996948242,90.3000030517578,38.9000015258789,0.944999992847443,44.5,5726,288.5,108.800003051758,857,696,1
13.4200000762939,90.3000030517578,38.9000015258789,0.919000029563904,46.0999984741211,5671,284.600006103516,109.400001525879,858,695,1
13.4300003051758,90.3000030517578,38.9000015258789,0.939999997615814,49.9000015258789,5416,276.799987792969,109.400001525879,858,693,1
13.25,90.3000030517578,38.9000015258789,0.971000015735626,56.5999984741211,5440,278.799987792969,109,858,693,1
13.5900001525879,90.3000030517578,38.9000015258789,0.976000010967255,62.7999992370605,5224,263.100006103516,109,858,693,1
13.5900001525879,90.3000030517578,38.9000015258789,0.97299998998642,64.5,5394,273.899993896484,109,859,693,1
13.539999961853,90.3000030517578,38.9000015258789,0.916999995708466,62.7999992370605,5506,263.100006103516,108.800003051758,859,692,1
13.6199998855591,90.3000030517578,38.9000015258789,0.896000027656555,58.0999984741211,5783,287.600006103516,108.800003051758,859,693,1
13.1099996566772,90.3000030517578,38.9000015258789,0.917999982833862,55.2000007629395,5933,281.700012207031,109.400001525879,860,693,1
13.3999996185303,90.1999969482422,38.9000015258789,0.913999974727631,45.0999984741211,5912,278.799987792969,109.099998474121,860,693,1
13.6300001144409,90.3000030517578,38.9000015258789,0.882000029087067,33,5747,285.600006103516,109,860,693,1
13.6199998855591,90.1999969482422,38.9000015258789,0.879000008106232,28.7999992370605,5621,281.700012207031,108.800003051758,860,693,1
13.5699996948242,90.1999969482422,38.9000015258789,0.875,27.2999992370605,5574,284.600006103516,109,860,693,1
13.5200004577637,90.3000030517578,38.9000015258789,0.85699999332428,26.8999996185303,5414,271.899993896484,108.800003051758,859,693,1
13.6000003814697,90.3000030517578,38.9000015258789,0.842999994754791,27.8999996185303,5406,275.799987792969,108.800003051758,859,693,1
13.5799999237061,90.3000030517578,38.9000015258789,0.845000028610229,29.1000003814697,5368,276.799987792969,108.800003051758,860,693,1
13.4200000762939,90.1999969482422,38.9000015258789,0.853999972343445,34.9000015258789,5450,281.700012207031,109.400001525879,860,693,1
13.6000003814697,90.1999969482422,38.9000015258789,0.896000027656555,38.5,5492,277.799987792969,109.099998474121,860,692,1
13.5799999237061,90.1999969482422,38.9000015258789,0.89300000667572,40.5,5585,277.799987792969,109,860,691,1
13.6000003814697,90.1999969482422,38.9000015258789,0.896000027656555,40.5,5464,287.600006103516,109,860,691,1
13.5799999237061,90.1999969482422,38.9000015258789,0.916999995708466,43,5175,272.899993896484,108.800003051758,860,690,1
13.6400003433228,90.1999969482422,38.9000015258789,0.925000011920929,43.5999984741211,5038,273.899993896484,108.800003051758,861,690,1
13.6999998092651,90.1999969482422,38.9000015258789,0.930999994277954,39.2999992370605,4979,272.899993896484,108.800003051758,861,689,1
13.6700000762939,90.1999969482422,38.9000015258789,0.889999985694885,36.2000007629395,4962,266.100006103516,108.800003051758,861,688,1
13.6499996185303,90.1999969482422,38.9000015258789,0.870999991893768,34.5,4964,256.299987792969,109.5,862,688,1
13.2299995422363,90.1999969482422,38.9000015258789,0.824999988079071,33.5,4950,263.100006103516,109,862,687,1
13.6499996185303,90.1999969482422,38.9000015258789,0.805999994277954,35.5,5026,269,109,862,687,1
13.6099996566772,90.1999969482422,38.9000015258789,0.833999991416931,41.4000015258789,5159,268,109,862,687,1
13.6499996185303,90.1999969482422,38.9000015258789,0.828999996185303,59,5282,267.100006103516,109,862,686,1
13.5600004196167,90.1999969482422,38.9000015258789,0.853999972343445,67.1999969482422,5780,272.899993896484,108.800003051758,863,686,1
13.5600004196167,90.1999969482422,38.9000015258789,0.870000004768372,79.8000030517578,5861,268,109,862,685,1
13.4499998092651,90.1999969482422,38.9000015258789,0.865000009536743,85.0999984741211,5729,287.600006103516,109.5,863,685,1
13.5500001907349,90.0999984741211,38.9000015258789,0.915000021457672,88.5,6635,287.600006103516,109.099998474121,863,685,1
13.6099996566772,90.1999969482422,38.9000015258789,0.88400000333786,93.6999969482422,6226,296.299987792969,109.099998474121,863,685,1
13.460000038147,90.0999984741211,38.9000015258789,0.883000016212463,91.3000030517578,6680,306.100006103516,109,863,685,1
13.4499998092651,90.1999969482422,38.9000015258789,0.896000027656555,91.0999984741211,7213,306.100006103516,109,862,684,1
13.1899995803833,90.0999984741211,38.9000015258789,0.896000027656555,91.1999969482422,6932,294.399993896484,108.800003051758,862,685,1
13.5,90.0999984741211,38.9000015258789,0.919000029563904,90.8000030517578,7155,315.899993896484,109,861,686,1
13.5600004196167,90.0999984741211,38.9000015258789,0.944999992847443,89.5999984741211,7417,301.200012207031,109.400001525879,861,688,1
13.5699996948242,90.0999984741211,38.9000015258789,0.920000016689301,87.8000030517578,7987,296.299987792969,109.5,860,688,1
13.25,90.0999984741211,38.9000015258789,0.896000027656555,81.9000015258789,8444,328.600006103516,109.099998474121,860,689,1
13.2700004577637,90.0999984741211,38.9000015258789,0.808000028133392,65.4000015258789,8513,311,109,860,691,1
13.289999961853,90,38.9000015258789,0.791000008583069,35.7999992370605,7693,314.899993896484,109,859,692,1
13.5,90.0999984741211,39,0.763000011444092,23,7617,306.100006103516,109,859,694,1
13.4799995422363,90,39,0.797999978065491,20.2000007629395,7064,306.100006103516,109,858,696,1
13.5699996948242,90,39,0.948000013828278,21,6598,295.399993896484,109.099998474121,858,697,1
13.5799999237061,90,39,1.12199997901917,19.7999992370605,6506,293.399993896484,109.5,858,697,1
13.3599996566772,90,39,0.888000011444092,20.3999996185303,6391,288.5,109.099998474121,858,698,1
13.5799999237061,90,39,0.870000004768372,30.2000007629395,6394,290.5,109,857,698,1
13.6499996185303,90,39,0.954999983310699,36.0999984741211,6720,289.5,109,857,699,1
13.6000003814697,90,38.9000015258789,0.97299998998642,39.0999984741211,6620,290.5,109,857,698,1
13.5500001907349,90,38.9000015258789,0.994000017642975,45.5999984741211,6497,288.5,109,857,698,1
13.5100002288818,90,38.9000015258789,1.00999999046326,50.9000015258789,6868,303.200012207031,109,857,698,1
13.6099996566772,90,38.9000015258789,1.00499999523163,53.5999984741211,6721,291.5,109.599998474121,857,698,1
13.5900001525879,90,38.9000015258789,0.976999998092651,57.9000015258789,6954,310,109.400001525879,857,698,1
13.4200000762939,90,38.9000015258789,1.01600003242493,61.4000015258789,7420,308.100006103516,109.099998474121,859,698,1
13.4200000762939,90,38.9000015258789,0.97299998998642,69.9000015258789,7193,295.399993896484,109,859,698,1
13.3999996185303,90,38.9000015258789,1.00199997425079,67.9000015258789,7317,302.200012207031,109,859,699,1
13.539999961853,90,38.9000015258789,0.953000009059906,81.3000030517578,7381,291.5,109,859,701,1
13.5900001525879,90,38.9000015258789,1.00699996948242,88.0999984741211,7935,325.600006103516,109,859,701,1
13.8100004196167,89.9000015258789,38.9000015258789,0.912999987602234,86.3000030517578,7977,298.299987792969,109.5,860,702,1
13.710000038147,90,38.9000015258789,0.913999974727631,86.0999984741211,8383,323.700012207031,109.5,861,703,1
13.8100004196167,90,38.9000015258789,0.885999977588654,86.3000030517578,8795,307.100006103516,109.099998474121,863,705,1
13.9200000762939,90,38.9000015258789,0.855000019073486,84.6999969482422,8625,302.200012207031,109,861,707,1
13.6300001144409,90,38.9000015258789,1.36199998855591,77.1999969482422,7551,305.100006103516,109,863,709,2
13.7399997711182,90,38.9000015258789,1.64900004863739,76.5,6463,295.399993896484,109.099998474121,863,709,2
13.7399997711182,90,38.9000015258789,1.07099997997284,51.5999984741211,6740,297.299987792969,109,863,711,2
13.6499996185303,90,38.9000015258789,0.930000007152557,44.7000007629395,6857,296.299987792969,109,862,712,2
13.7299995422363,90,38.9000015258789,0.921999990940094,45.7999992370605,6858,300.299987792969,109.5,863,715,2
13.8100004196167,90,39,1.12899994850159,44.0999984741211,6868,310,109.400001525879,862,715,2
13.6300001144409,90,39,1.02400004863739,43.5,6915,307.100006103516,109.099998474121,861,715,2
13.4799995422363,89.9000015258789,39,0.947000026702881,49.0999984741211,7001,297.299987792969,109,860,717,2
13.710000038147,89.9000015258789,39,0.903999984264374,55,6871,313,109,860,717,2
13.5500001907349,90,39,0.893999993801117,59.7999992370605,6942,288.5,109,859,718,2
13.3500003814697,90,39,0.810000002384186,73.1999969482422,7211,289.5,109,859,718,2
13.4899997711182,90,39,0.884999990463257,77.4000015258789,7426,281.700012207031,109.599998474121,859,719,2
13.3400001525879,89.9000015258789,39,0.912000000476837,81.0999984741211,7529,287.600006103516,109.400001525879,858,719,2
13.710000038147,89.9000015258789,39,0.852999985218048,88.1999969482422,7378,294.399993896484,109.099998474121,857,720,2
13.8000001907349,89.9000015258789,39,0.894999980926514,90.3000030517578,7842,309,109.099998474121,856,720,2
13.8100004196167,89.9000015258789,39,0.897000014781952,87.6999969482422,7788,301.200012207031,109.099998474121,856,720,2
13.8100004196167,89.9000015258789,39,0.920000016689301,89.3000030517578,7783,309,109,856,722,2
13.7700004577637,89.9000015258789,39,0.903999984264374,87.0999984741211,7971,298.299987792969,109,855,723,2
13.8699998855591,89.9000015258789,39,0.901000022888184,61,7954,311,109.5,854,725,2
13.7299995422363,90,39,0.754000008106232,30.7999992370605,7666,297.299987792969,109.5,855,726,2
13.5799999237061,90,39,0.776000022888184,20.6000003814697,7388,308.100006103516,109.400001525879,854,728,2
13.6999998092651,90,38.9000015258789,0.779999971389771,18.1000003814697,6956,307.100006103516,109.099998474121,854,728,2
13.789999961853,90,38.9000015258789,0.888000011444092,19.5,6380,282.700012207031,109.099998474121,854,728,1
13.6999998092651,90,38.9000015258789,1.17499995231628,20.2999992370605,6394,282.700012207031,109.099998474121,854,728,1
13.6499996185303,89.9000015258789,38.9000015258789,1.44200003147125,20.6000003814697,6320,303.200012207031,109,854,728,1
13.7299995422363,89.9000015258789,38.9000015258789,1.69099998474121,21.2000007629395,6191,302.200012207031,109.099998474121,854,728,1
13.7600002288818,89.9000015258789,38.9000015258789,1.97699999809265,21,6681,305.100006103516,109.599998474121,853,728,1
13.210000038147,89.9000015258789,38.9000015258789,0.935000002384186,20,6825,304.200012207031,109.400001525879,852,726,1
13.6099996566772,89.9000015258789,38.9000015258789,0.901000022888184,20,6699,287.600006103516,109.099998474121,851,724,1
13.4399995803833,89.9000015258789,38.9000015258789,0.903999984264374,19,6403,299.299987792969,109.099998474121,851,724,1
13.5600004196167,89.9000015258789,38.9000015258789,0.889999985694885,20.1000003814697,6031,288.5,109.099998474121,849,722,1
13.3900003433228,89.9000015258789,38.9000015258789,1.22899997234344,21.7999992370605,5750,293.399993896484,109.099998474121,847,721,1
13.6999998092651,89.9000015258789,38.9000015258789,1.82099997997284,23.7999992370605,5352,278.799987792969,109.099998474121,845,719,1
13.7399997711182,89.9000015258789,38.9000015258789,2.2590000629425,26.1000003814697,4987,263.100006103516,109,844,717,1
13.6499996185303,89.9000015258789,38.9000015258789,2.40000009536743,27.3999996185303,5019,278.799987792969,109.599998474121,842,716,1
13.6700000762939,89.9000015258789,38.9000015258789,2.40000009536743,28.6000003814697,4904,270,109.5,840,716,1
13.3699998855591,89.9000015258789,38.7999992370605,1.25600004196167,31.8999996185303,4818,264.100006103516,109.099998474121,840,713,1
13.8100004196167,89.9000015258789,38.7999992370605,0.927999973297119,42.2999992370605,4975,265.100006103516,109,838,711,1
13.7399997711182,89.9000015258789,38.7999992370605,0.874000012874603,74.1999969482422,5435,282.700012207031,109.099998474121,835,709,1
13.6099996566772,89.9000015258789,38.7999992370605,0.892000019550323,79.9000015258789,5574,287.600006103516,109.099998474121,832,706,1
13.6199998855591,90,38.7999992370605,0.953999996185303,81.5,5884,279.700012207031,109.099998474121,829,704,1
13.6700000762939,90,38.7999992370605,0.952000021934509,85.4000015258789,6174,289.5,109.599998474121,828,703,1
13.5699996948242,89.9000015258789,38.7999992370605,0.888999998569489,91.8000030517578,6450,279.700012207031,109.5,826,703,1
13.6899995803833,90,38.7999992370605,0.861000001430511,91.6999969482422,6385,285.600006103516,109.099998474121,826,701,1
13.3999996185303,90,38.7999992370605,0.882000029087067,92,6788,297.299987792969,109.099998474121,825,701,1
13.75,90,38.7999992370605,0.912999987602234,90.9000015258789,6839,306.100006103516,109.099998474121,824,701,1
13.6899995803833,90,38.7999992370605,0.933000028133392,90,6975,292.399993896484,109.099998474121,824,701,1
13.8699998855591,90,38.7999992370605,0.939000010490417,89.1999969482422,7483,305.100006103516,109.099998474121,823,701,1
13.6599998474121,90,38.9000015258789,0.920000016689301,89.0999984741211,8091,313,109.599998474121,823,702,1
13.7299995422363,90,38.9000015258789,0.883000016212463,85.1999969482422,8145,323.700012207031,109.599998474121,823,702,1
13.7700004577637,90,38.9000015258789,0.899999976158142,85.1999969482422,8473,319.799987792969,109.400001525879,823,703,1
13.6899995803833,90,38.9000015258789,0.875999987125397,84.4000015258789,8898,321.700012207031,109.099998474121,823,705,1
13.7799997329712,90,38.9000015258789,0.878000020980835,83.0999984741211,9040,302.200012207031,109.099998474121,823,706,1
13.789999961853,90,38.9000015258789,0.887000024318695,84.8000030517578,8047,314.899993896484,109.099998474121,825,708,2
13.7200002670288,90,38.9000015258789,1.58000004291534,90.5999984741211,7098,295.399993896484,109,825,710,2
13.7299995422363,90,38.9000015258789,0.984000027179718,89.3000030517578,7322,308.100006103516,109.5,825,711,2
13.8900003433228,90,39,0.97299998998642,90.1999969482422,7501,308.100006103516,109.599998474121,825,711,2
13.8299999237061,90,39,0.931999981403351,88.6999969482422,7807,299.299987792969,109.400001525879,825,712,2
13.460000038147,90,39,0.896000027656555,89.8000030517578,7723,314.899993896484,109.099998474121,825,714,2
13.6899995803833,90.0999984741211,39,0.904999971389771,86.5,7977,298.299987792969,109.099998474121,825,715,2
13.7799997329712,90.0999984741211,39,0.897000014781952,86.1999969482422,8219,294.399993896484,109,826,716,2
13.8100004196167,90.0999984741211,39,0.883000016212463,86.8000030517578,8432,325.600006103516,109.099998474121,826,718,2
13.710000038147,90.0999984741211,39,0.896000027656555,85.5999984741211,8545,327.600006103516,109.400001525879,826,720,2
13.6599998474121,90.0999984741211,39,0.892000019550323,86.8000030517578,8965,302.200012207031,109.599998474121,826,720,2
13.8000001907349,90.0999984741211,39,0.848999977111816,80,8727,310,109.400001525879,827,722,2
13.5699996948242,90.0999984741211,39,0.824999988079071,72.9000015258789,8698,328.600006103516,109.099998474121,828,724,2
13.7799997329712,90.0999984741211,39,0.813000023365021,51.4000015258789,8644,308.100006103516,109.099998474121,829,726,2
13.6000003814697,90.0999984741211,39,0.919000029563904,46,8651,312,109.099998474121,828,727,2
13.8400001525879,90.0999984741211,39,0.903999984264374,35.2999992370605,8463,306.100006103516,109.099998474121,831,729,2
13.789999961853,90.0999984741211,39.0999984741211,0.920000016689301,35.5,8537,311,109.099998474121,831,729,2
13.5799999237061,90.0999984741211,39.0999984741211,0.878000020980835,43.4000015258789,8444,316.899993896484,109.599998474121,831,730,2
13.3800001144409,90.0999984741211,39.0999984741211,0.96399998664856,46.2999992370605,8408,326.600006103516,109.400001525879,832,731,2
13.7299995422363,90.0999984741211,39.0999984741211,0.834999978542328,34.7000007629395,8304,327.600006103516,109.400001525879,832,732,2
13.75,90.0999984741211,39.0999984741211,0.810000002384186,26,8148,317.799987792969,109.099998474121,834,733,2
13.7299995422363,90.0999984741211,39.0999984741211,0.836000025272369,23.5,8026,313,109.099998474121,834,734,2
13.6300001144409,90.0999984741211,39.0999984741211,0.842999994754791,21.2999992370605,7923,305.100006103516,109.099998474121,834,734,2
13.4200000762939,90.0999984741211,39,0.833999991416931,19.2000007629395,7766,301.200012207031,109.099998474121,834,734,2
13.6400003433228,90.0999984741211,39,0.814000010490417,19.3999996185303,7654,318.799987792969,109.599998474121,835,734,2
13.710000038147,90.0999984741211,39,0.892000019550323,20.6000003814697,7484,314.899993896484,109.400001525879,836,734,2
13.8000001907349,90.0999984741211,39,0.947000026702881,30.7999992370605,7519,305.100006103516,109.400001525879,837,733,2
13.539999961853,90.0999984741211,39,1.07000005245209,42.7999992370605,7874,309,109.099998474121,838,733,2
13.7799997329712,90.0999984741211,39,0.977999985218048,44.7000007629395,7595,298.299987792969,109.099998474121,839,732,2
13.8900003433228,90.0999984741211,39,0.897000014781952,37.2000007629395,7634,305.100006103516,109.099998474121,839,732,2
13.8699998855591,90.0999984741211,38.9000015258789,0.958000004291534,34.9000015258789,7586,298.299987792969,109.099998474121,841,731,2
13.7600002288818,90.0999984741211,38.9000015258789,0.885999977588654,23.5,7249,290.5,109.599998474121,842,731,2
13.7299995422363,90.0999984741211,38.9000015258789,0.869000017642975,21,6891,293.399993896484,109.400001525879,844,731,2
13.7200002670288,90.0999984741211,38.9000015258789,0.860000014305115,19.2000007629395,6523,288.5,109.400001525879,846,731,2
13.7600002288818,90.0999984741211,38.9000015258789,0.843999981880188,19.5,6190,291.5,109.099998474121,846,731,2
13.8000001907349,90.1999969482422,38.9000015258789,0.862999975681305,21.2000007629395,5659,301.200012207031,109.099998474121,847,730,2
13.8100004196167,90.1999969482422,38.9000015258789,1.08700001239777,24.1000003814697,5462,284.600006103516,109.099998474121,849,730,1
13.7799997329712,90.0999984741211,38.9000015258789,1.43400001525879,25.3999996185303,5458,287.600006103516,109.099998474121,849,730,1
13.7399997711182,90.0999984741211,38.9000015258789,1.71599996089935,26.2999992370605,5473,292.399993896484,109.099998474121,849,728,1
13.5900001525879,90.1999969482422,38.9000015258789,2.07500004768372,26.8999996185303,5626,278.799987792969,109.599998474121,850,727,1
13.6899995803833,90.1999969482422,38.9000015258789,0.986999988555908,25.6000003814697,5651,293.399993896484,109.400001525879,850,725,1
13.6099996566772,90.0999984741211,38.9000015258789,0.894999980926514,26.6000003814697,5391,276.799987792969,109.099998474121,849,723,1
13.7700004577637,90.0999984741211,38.9000015258789,0.883000016212463,28.3999996185303,5071,270,109.099998474121,847,721,1
13.6000003814697,90.1999969482422,38.9000015258789,0.855000019073486,30.2000007629395,4855,262.200012207031,109.099998474121,847,721,1
13.7200002670288,90.1999969482422,38.9000015258789,0.818000018596649,31.2000007629395,4893,265.100006103516,109.099998474121,846,719,1
13.8299999237061,90.1999969482422,38.9000015258789,0.808000028133392,31.8999996185303,4891,261.200012207031,109.099998474121,845,716,1
13.7399997711182,90.1999969482422,38.9000015258789,0.799000024795532,33.5999984741211,4827,257.299987792969,109.599998474121,844,715,1
13.8599996566772,90.1999969482422,38.9000015258789,0.820999979972839,36.7000007629395,4620,247.5,109.400001525879,844,713,1
13.9099998474121,90.1999969482422,38.9000015258789,0.857999980449677,51.2000007629395,4955,266.100006103516,109.400001525879,843,711,1
13.8299999237061,90.1999969482422,38.9000015258789,0.885999977588654,65.5,5339,275.799987792969,109.099998474121,842,711,1
13.8599996566772,90.1999969482422,38.9000015258789,0.813000023365021,73.4000015258789,4820,259.200012207031,109,842,709,1
13.6199998855591,90.1999969482422,38.9000015258789,0.986999988555908,70.8000030517578,5477,271.899993896484,109.099998474121,843,708,1
13.4799995422363,90.1999969482422,38.9000015258789,0.977999985218048,84.5,5377,273.899993896484,109,843,706,1
13.8800001144409,90.1999969482422,38.9000015258789,0.892000019550323,68.5,5374,262.200012207031,109,842,705,1
13.6099996566772,90.1999969482422,38.9000015258789,0.896000027656555,69.0999984741211,5873,290.5,109.599998474121,842,704,1
13.4200000762939,90.1999969482422,38.9000015258789,0.96399998664856,61.0999984741211,5757,277.799987792969,109.400001525879,843,703,1
13.5600004196167,90.1999969482422,38.9000015258789,0.935000002384186,52.5999984741211,5721,277.799987792969,109.099998474121,843,703,1
13.6099996566772,90.1999969482422,38.9000015258789,0.961000025272369,56.2999992370605,5834,288.5,109.099998474121,843,703,1
13.6899995803833,90.1999969482422,38.9000015258789,0.952000021934509,57.0999984741211,6013,292.399993896484,109,842,703,1
13.7299995422363,90.1999969482422,38.9000015258789,0.916000008583069,57.9000015258789,6048,295.399993896484,109.099998474121,842,703,1
13.4799995422363,90.1999969482422,38.9000015258789,0.879000008106232,58.7999992370605,6332,293.399993896484,109,842,703,1
13.5100002288818,90.1999969482422,38.9000015258789,0.791000008583069,64.6999969482422,6357,303.200012207031,109.099998474121,841,703,1
13.4399995803833,90.1999969482422,38.9000015258789,0.811999976634979,67.5,6463,283.700012207031,109.5,840,703,1
13.8400001525879,90.3000030517578,38.9000015258789,0.78600001335144,51.0999984741211,6269,293.399993896484,109.099998474121,840,703,1
13.5200004577637,90.3000030517578,38.9000015258789,0.805999994277954,36.4000015258789,6235,290.5,109.099998474121,840,703,1
13.3900003433228,90.3000030517578,38.9000015258789,0.869000017642975,29.2999992370605,6173,286.600006103516,109,839,703,1
13.8800001144409,90.3000030517578,38.9000015258789,0.898999989032745,28.2000007629395,6048,285.600006103516,109,838,703,1
13.7799997329712,90.3000030517578,38.9000015258789,0.944999992847443,27.3999996185303,5530,293.399993896484,109,837,704,1
13.7799997329712,90.3000030517578,38.9000015258789,1.25300002098083,26.7000007629395,5545,288.5,109,837,704,1
13.8000001907349,90.4000015258789,38.9000015258789,1.6139999628067,26.7000007629395,5408,283.700012207031,109.599998474121,837,704,1
13.9300003051758,90.4000015258789,38.9000015258789,1.92200005054474,27.2999992370605,5482,285.600006103516,109.400001525879,837,704,1
13.6599998474121,90.4000015258789,38.9000015258789,0.931999981403351,29.1000003814697,5369,277.799987792969,109.099998474121,836,704,1
13.8400001525879,90.4000015258789,38.9000015258789,0.885999977588654,36.9000015258789,5294,272.899993896484,109,835,703,1
13.4399995803833,90.4000015258789,38.9000015258789,0.89300000667572,45.5999984741211,5581,289.5,109,834,702,1
13.8699998855591,90.4000015258789,38.9000015258789,0.962000012397766,46,5347,278.799987792969,109,833,701,1
13.6899995803833,90.4000015258789,38.9000015258789,0.930999994277954,49,5349,272.899993896484,109,833,700,1
13.9200000762939,90.4000015258789,38.9000015258789,0.940999984741211,53.0999984741211,5265,278.799987792969,109.599998474121,833,700,1
13.5600004196167,90.4000015258789,38.9000015258789,0.968999981880188,54.2999992370605,5470,276.799987792969,109.400001525879,832,699,1
13.8500003814697,90.5,38.9000015258789,0.91100001335144,52.9000015258789,5334,282.700012207031,109.099998474121,832,699,1
13.8999996185303,90.5,38.9000015258789,0.948000013828278,53.2999992370605,5541,284.600006103516,109,833,699,1
13.9399995803833,90.5,38.9000015258789,0.930999994277954,51.9000015258789,5424,278.799987792969,109.099998474121,833,699,1
13.8599996566772,90.5,38.9000015258789,0.921999990940094,52.2000007629395,5492,284.600006103516,109,833,698,1
13.75,90.5,38.9000015258789,0.925999999046326,52.2999992370605,5250,272.899993896484,109,834,699,1
13.6800003051758,90.5,38.9000015258789,0.927999973297119,54.4000015258789,5431,281.700012207031,109.599998474121,834,699,1
13.8599996566772,90.5,38.9000015258789,0.948000013828278,51.9000015258789,5405,277.799987792969,109.5,835,699,1
13.6499996185303,90.5,38.9000015258789,0.915000021457672,48.7000007629395,5574,283.700012207031,109.099998474121,836,699,1
13.6700000762939,90.5,38.9000015258789,0.907000005245209,45.7000007629395,5498,276.799987792969,109,837,699,1
13.8400001525879,90.5,38.9000015258789,0.931999981403351,39.7000007629395,5601,268,109,837,699,1
13.9300003051758,90.5,38.9000015258789,0.865000009536743,33.0999984741211,5475,269,109.099998474121,838,700,1
13.8100004196167,90.5,38.9000015258789,0.879000008106232,29.8999996185303,5564,284.600006103516,109,838,700,1
13.5799999237061,90.5,38.9000015258789,0.857999980449677,28.8999996185303,5465,283.700012207031,109,839,700,1
13.8500003814697,90.5,38.9000015258789,0.846000015735626,41.0999984741211,5444,278.799987792969,109.599998474121,839,699,1
13.9799995422363,90.5,38.9000015258789,0.845000028610229,46.0999984741211,5672,278.799987792969,109.400001525879,840,699,1
13.789999961853,90.5,38.9000015258789,0.944999992847443,49.7999992370605,5528,279.700012207031,109.099998474121,840,699,1
13.8900003433228,90.5,38.9000015258789,0.938000023365021,55.0999984741211,5571,268,109.099998474121,842,699,1
13.3999996185303,90.5,38.9000015258789,0.980000019073486,59.9000015258789,5416,278.799987792969,109,842,699,1
13.7700004577637,90.5,38.9000015258789,0.958000004291534,70.4000015258789,5683,289.5,109,842,698,1
13.6599998474121,90.5,38.9000015258789,0.896000027656555,77.5,5909,273.899993896484,109,842,698,1
13.7299995422363,90.5,38.9000015258789,0.926999986171722,78.5,6134,272.899993896484,109.5,842,698,1
13.7700004577637,90.5,38.9000015258789,0.899999976158142,81.3000030517578,6395,302.200012207031,109.5,844,698,1
13.3900003433228,90.5,38.9000015258789,0.897000014781952,89.3000030517578,6481,294.399993896484,109.099998474121,843,699,1
13.7299995422363,90.5,38.9000015258789,0.890999972820282,91.5999984741211,6868,288.5,109,844,699,1
13.8299999237061,90.5,38.9000015258789,0.897000014781952,90.5999984741211,7140,314.899993896484,109,845,699,1
13.6499996185303,90.5,38.9000015258789,0.930000007152557,89.4000015258789,7336,313.899993896484,109,845,699,1
13.8299999237061,90.5999984741211,39,0.907999992370605,89.0999984741211,7610,308.100006103516,109,844,701,1
13.7299995422363,90.5999984741211,39,0.947000026702881,88.5999984741211,7810,294.399993896484,109,845,702,1
13.7700004577637,90.5999984741211,39,0.878000020980835,87.6999969482422,8185,333.5,109.5,844,702,1
13.460000038147,90.5999984741211,39,0.890999972820282,86.6999969482422,8246,324.700012207031,109.5,844,704,1
13.7299995422363,90.5999984741211,39,0.887000024318695,86.3000030517578,8603,326.600006103516,109.099998474121,844,704,1
13.7600002288818,90.5999984741211,39,0.882000029087067,84.8000030517578,8995,333.5,109.099998474121,846,706,1
13.8000001907349,90.5999984741211,39,0.862999975681305,84.0999984741211,8570,319.799987792969,109,846,706,1
13.8699998855591,90.5999984741211,39,1.37199997901917,90.4000015258789,7422,312,109,846,709,2
13.7799997329712,90.5999984741211,39,1.41799998283386,89.9000015258789,6940,305.100006103516,109,847,710,2
13.8400001525879,90.5999984741211,39,0.938000023365021,88.5,7253,321.700012207031,109.099998474121,847,712,2
13.6499996185303,90.5999984741211,39.0999984741211,0.96399998664856,89.5,7631,311,109.599998474121,846,713,2
13.7600002288818,90.5999984741211,39.0999984741211,0.897000014781952,90.6999969482422,7755,309,109.400001525879,845,714,2
13.8400001525879,90.5999984741211,39.0999984741211,0.896000027656555,88.9000015258789,7791,314.899993896484,109.099998474121,844,714,2
13.8400001525879,90.5999984741211,39.0999984741211,0.89300000667572,87.8000030517578,8134,306.100006103516,109,844,715,2
13.7299995422363,90.5999984741211,39.0999984741211,0.892000019550323,86.4000015258789,8332,302.200012207031,109.099998474121,844,716,2
13.710000038147,90.5999984741211,39.0999984741211,0.883000016212463,86.5,8522,312,109.099998474121,843,718,2
13.6599998474121,90.5999984741211,39.0999984741211,0.869000017642975,85.9000015258789,8704,313.899993896484,109,843,720,2
13.7600002288818,90.5999984741211,39.0999984741211,0.862999975681305,84.8000030517578,8819,310,109.099998474121,843,721,2
13.6199998855591,90.5999984741211,39.0999984741211,0.878000020980835,70.1999969482422,8780,316.899993896484,109.5,844,723,2
13.8100004196167,90.5999984741211,39.0999984741211,0.714999973773956,34.4000015258789,8586,312,109.400001525879,844,723,2
13.75,90.5999984741211,39.0999984741211,0.716000020503998,21.8999996185303,8333,312,109.099998474121,844,724,2
13.6800003051758,90.5999984741211,39.0999984741211,0.709999978542328,18.1000003814697,8388,318.799987792969,109,844,727,2
13.6700000762939,90.5999984741211,39.0999984741211,0.75,16.8999996185303,8316,326.600006103516,109,844,728,2
13.8400001525879,90.6999969482422,39.0999984741211,0.870000004768372,16.5,8135,318.799987792969,109.099998474121,844,728,2
13.8800001144409,90.6999969482422,39.0999984741211,1.05200004577637,16.6000003814697,7984,323.700012207031,109,844,729,2
13.5299997329712,90.6999969482422,39.0999984741211,1.24699997901917,17,7849,321.700012207031,109.599998474121,844,728,2
13.9099998474121,90.6999969482422,39.0999984741211,1.53400003910065,17.2999992370605,7699,331.5,109.400001525879,844,729,2
14.0100002288818,90.6999969482422,39.0999984741211,1.76499998569489,17.8999996185303,7526,325.600006103516,109.099998474121,843,728,2
13.8299999237061,90.6999969482422,39.0999984741211,2.07500004768372,18.3999996185303,7375,315.899993896484,109,843,727,2
13.6400003433228,90.6999969482422,39,2.40000009536743,19,7261,314.899993896484,109,841,726,2
13.789999961853,90.6999969482422,39,2.40000009536743,19.6000003814697,7130,303.200012207031,109,839,724,2
13.8500003814697,90.6999969482422,39,2.40000009536743,20.1000003814697,7087,314.899993896484,109.099998474121,836,721,2
14.0200004577637,90.6999969482422,39,1.6690000295639,19.7000007629395,7072,311,109.599998474121,836,721,2
13.9899997711182,90.6999969482422,39,0.939999997615814,19.6000003814697,6883,305.100006103516,109.5,831,719,2
13.8900003433228,90.6999969482422,39,0.902999997138977,19.7000007629395,6815,299.299987792969,109.099998474121,828,717,2
13.9399995803833,90.6999969482422,39,0.912000000476837,19.6000003814697,6700,298.299987792969,109.099998474121,824,715,2
13.960000038147,90.6999969482422,39,0.898000001907349,19.2999992370605,6594,290.5,109,822,713,2
13.8400001525879,90.6999969482422,39,0.892000019550323,19.7000007629395,6473,295.399993896484,109,820,712,2
13.8900003433228,90.6999969482422,39,0.894999980926514,29.2000007629395,6547,294.399993896484,109,819,712,2
13.8599996566772,90.8000030517578,39,0.995000004768372,34.9000015258789,6684,296.299987792969,109,818,709,2
13.7399997711182,90.8000030517578,39,0.995000004768372,37.7999992370605,6428,285.600006103516,109.599998474121,818,709,2
13.8100004196167,90.8000030517578,39,1.03699994087219,40.4000015258789,6509,290.5,109.400001525879,818,707,2
13.5,90.8000030517578,39,0.982999980449677,46,6577,295.399993896484,109,819,706,2
13.7600002288818,90.8000030517578,39,1.05900001525879,52.5,6588,296.299987792969,109,820,705,2
13.3000001907349,90.8000030517578,39,0.981000006198883,60.9000015258789,6772,299.299987792969,109,821,705,2
13.8100004196167,90.9000015258789,39,0.968999981880188,77.5,6637,296.299987792969,109,822,705,2
13.8599996566772,90.9000015258789,39,1.02900004386902,79.5999984741211,6893,305.100006103516,109,822,705,2
13.9399995803833,90.9000015258789,39,0.986999988555908,80.8000030517578,6850,309,109.5,824,705,2
13.8100004196167,90.9000015258789,39,0.977999985218048,78.6999969482422,7009,301.200012207031,109.5,825,706,2
13.710000038147,90.9000015258789,39,0.967999994754791,78.5,7215,303.200012207031,109.099998474121,827,706,2
13.8199996948242,90.9000015258789,39,0.995000004768372,79.6999969482422,7363,304.200012207031,109,828,707,2
13.8100004196167,91,39.0999984741211,0.959999978542328,77.5,7656,313,109,829,709,2
13.6999998092651,91,39.0999984741211,0.957000017166138,81,7788,298.299987792969,109,831,709,2
13.4499998092651,91,39.0999984741211,0.953000009059906,82.4000015258789,7620,320.799987792969,108.800003051758,831,711,2
13.6599998474121,91,39.0999984741211,0.892000019550323,81.1999969482422,7945,306.100006103516,109,832,713,2
13.3400001525879,91,39.0999984741211,0.898000001907349,72.3000030517578,7906,314.899993896484,109.400001525879,833,715,2
13.7399997711182,91,39.0999984741211,0.853999972343445,48.2000007629395,8019,307.100006103516,109.099998474121,834,717,2
13.7799997329712,91,39.0999984741211,0.792999982833862,30.6000003814697,7821,307.100006103516,109,836,719,2
13.8699998855591,91,39.0999984741211,0.814000010490417,22.2000007629395,7641,316.899993896484,109,836,720,2
13.4899997711182,91,39.2000007629395,0.824999988079071,19.7000007629395,7318,299.299987792969,109,836,720,2
13.6599998474121,91,39.2000007629395,0.83899998664856,19.5,7145,298.299987792969,109,837,722,2
13.7799997329712,91,39.2000007629395,0.851000010967255,19.6000003814697,7061,296.299987792969,109,838,723,2
13.6599998474121,91.0999984741211,39.2000007629395,0.860000014305115,19.7999992370605,6823,301.200012207031,109.5,839,722,2
13.5900001525879,91.0999984741211,39.2000007629395,0.865000009536743,19.3999996185303,6652,296.299987792969,109.400001525879,840,723,2
13.6199998855591,91.0999984741211,39.0999984741211,0.860000014305115,19.1000003814697,6548,288.5,109,842,722,2
13.6899995803833,91.0999984741211,39.0999984741211,0.853999972343445,19.2000007629395,6412,293.399993896484,109,842,721,2
13.5,91.0999984741211,39.0999984741211,0.861000001430511,19.7000007629395,6310,296.299987792969,108.800003051758,842,721,2
13.6899995803833,91.0999984741211,39.0999984741211,0.870999991893768,20.5,6160,294.399993896484,109,842,721,2
13.6899995803833,91.0999984741211,39.0999984741211,0.873000025749207,21.2999992370605,6013,289.5,109,842,720,2
13.5200004577637,91.0999984741211,39.0999984741211,0.870999991893768,22.6000003814697,5680,280.700012207031,109.099998474121,843,718,2
13.8000001907349,91.0999984741211,39.0999984741211,0.874000012874603,24.2000007629395,5445,273.899993896484,109.5,844,717,2
13.7399997711182,91.0999984741211,39.0999984741211,0.860000014305115,26.7000007629395,5182,264.100006103516,109,845,715,2
13.8800001144409,91.0999984741211,39,0.834999978542328,28.2999992370605,4911,259.200012207031,109,847,713,1
13.7600002288818,91.1999969482422,39,0.936999976634979,29.2999992370605,4873,262.200012207031,109,847,713,1
13.8299999237061,91.1999969482422,39,1.31200003623962,30.2000007629395,4370,237.800003051758,108.800003051758,847,712,1
13.8500003814697,91.1999969482422,39,1.56500005722046,30.7999992370605,4227,237.800003051758,109,847,710,1
13.8599996566772,91.1999969482422,39,1.85899996757507,31.2000007629395,4811,260.200012207031,108.800003051758,848,708,1
13.7299995422363,91.1999969482422,39,1.43400001525879,30.7999992370605,4994,271,109.400001525879,848,706,1
13.5,91.1999969482422,39,0.846000015735626,30.8999996185303,5009,267.100006103516,109.099998474121,847,704,1
13.6300001144409,91.1999969482422,39,0.815999984741211,30.7999992370605,5085,267.100006103516,108.800003051758,844,704,1
13.5100002288818,91.1999969482422,39,0.813000023365021,33.2000007629395,5010,271,108.800003051758,844,702,1
13.75,91.1999969482422,39,0.833000004291534,46.5,5167,258.299987792969,108.800003051758,843,699,1
13.7399997711182,91.1999969482422,39,0.847000002861023,69.9000015258789,5352,281.700012207031,109,842,698,1
13.7700004577637,91.1999969482422,39,0.896000027656555,65.5,5538,271.899993896484,108.800003051758,841,696,1
13.7200002670288,91.3000030517578,39,0.938000023365021,68.9000015258789,5940,295.399993896484,109.5,841,695,1
13.8699998855591,91.3000030517578,39,0.888000011444092,52,5252,267.100006103516,109.099998474121,839,693,1
13.6899995803833,91.3000030517578,39.0999984741211,0.824999988079071,41.5999984741211,5505,283.700012207031,109,839,693,1
13.9399995803833,91.3000030517578,39.0999984741211,0.856000006198883,34.5,5323,271.899993896484,108.800003051758,839,692,1
13.5,91.3000030517578,39.0999984741211,0.871999979019165,32.5,5296,276.799987792969,108.800003051758,839,692,1
13.960000038147,91.3000030517578,39.0999984741211,0.852999985218048,30.1000003814697,5226,273.899993896484,108.800003051758,839,691,1
13.8699998855591,91.3000030517578,39.0999984741211,0.822000026702881,29.2999992370605,5144,279.700012207031,108.800003051758,838,691,1
13.8699998855591,91.3000030517578,39.0999984741211,0.802999973297119,29.3999996185303,5012,263.100006103516,108.800003051758,837,690,1
13.5799999237061,91.3000030517578,39.0999984741211,0.945999979972839,30,4973,262.200012207031,109.400001525879,837,690,1
13.7299995422363,91.3000030517578,39.0999984741211,1.10399997234344,30.7999992370605,4830,258.299987792969,109,837,690,1
13.8900003433228,91.3000030517578,39.0999984741211,0.883000016212463,34.2000007629395,4870,259.200012207031,108.800003051758,837,689,1
13.8299999237061,91.3000030517578,39.0999984741211,0.870000004768372,37.5999984741211,5018,266.100006103516,109,837,688,1
13.7600002288818,91.3000030517578,39.0999984741211,0.884999990463257,44.7000007629395,5090,270,108.800003051758,837,687,1
13.8500003814697,91.3000030517578,39.0999984741211,0.879000008106232,67.6999969482422,5205,279.700012207031,108.800003051758,838,686,1
13.8599996566772,91.3000030517578,39.0999984741211,0.898000001907349,76.0999984741211,5216,275.799987792969,109,838,686,1
13.8999996185303,91.4000015258789,39.0999984741211,0.915000021457672,76.6999969482422,5398,276.799987792969,109.5,838,686,1
13.8800001144409,91.4000015258789,39.0999984741211,0.981000006198883,82.5,5681,283.700012207031,109.400001525879,838,685,1
13.6999998092651,91.4000015258789,39.0999984741211,0.938000023365021,81,5554,282.700012207031,109,838,685,1
13.960000038147,91.4000015258789,39.0999984741211,0.945999979972839,87.0999984741211,5972,277.799987792969,108.800003051758,839,685,1
13.75,91.4000015258789,39.0999984741211,0.879999995231628,92.6999969482422,6184,288.5,108.800003051758,839,685,1
14.039999961853,91.4000015258789,39.0999984741211,0.86599999666214,93.4000015258789,6372,302.200012207031,108.800003051758,839,686,1
13.8599996566772,91.4000015258789,39.0999984741211,0.875,90.6999969482422,6841,298.299987792969,108.800003051758,839,686,1
13.4399995803833,91.4000015258789,39.0999984741211,0.875,91.8000030517578,7067,305.100006103516,108.699996948242,839,687,1
13.6499996185303,91.5,39.2000007629395,0.897000014781952,90.3000030517578,7062,311,109.400001525879,839,687,1
13.8400001525879,91.5,39.2000007629395,0.929000020027161,90.3000030517578,7345,311,109,840,688,1
13.7799997329712,91.5,39.2000007629395,0.908999979496002,87.9000015258789,7844,314.899993896484,108.800003051758,839,690,1
13.3599996566772,91.5,39.2000007629395,0.898000001907349,89.1999969482422,7990,324.700012207031,108.800003051758,839,691,1
13.8100004196167,91.5,39.2000007629395,0.879999995231628,83.8000030517578,8183,323.700012207031,108.800003051758,840,692,1
13.8299999237061,91.5,39.2000007629395,0.810000002384186,43.2000007629395,7177,309,108.800003051758,839,692,2
13.8199996948242,91.5,39.2000007629395,1.45299994945526,29.6000003814697,5933,281.700012207031,108.800003051758,839,695,2
13.8900003433228,91.5,39.2000007629395,0.924000024795532,25.5,5764,280.700012207031,109.400001525879,839,697,2
13.75,91.5,39.2000007629395,0.871999979019165,23.3999996185303,5912,280.700012207031,109.099998474121,839,698,2
13.7600002288818,91.5,39.2000007629395,1.16299998760223,23.2000007629395,5720,271.899993896484,109,839,699,2
13.8599996566772,91.5,39.2000007629395,1.47500002384186,23.5,5605,282.700012207031,108.800003051758,839,699,2
13.8199996948242,91.5,39.2000007629395,1.91100001335144,24.3999996185303,5489,277.799987792969,108.800003051758,838,699,2
13.9399995803833,91.5999984741211,39.2000007629395,2.29399991035461,25.1000003814697,5386,276.799987792969,108.800003051758,838,699,2
13.8100004196167,91.5999984741211,39.2000007629395,2.40000009536743,25.7999992370605,5329,283.700012207031,108.800003051758,837,698,2
13.960000038147,91.5999984741211,39.2000007629395,2.40000009536743,25.8999996185303,5157,264.100006103516,109,835,697,2
13.9099998474121,91.5999984741211,39.2000007629395,2.40000009536743,27.3999996185303,5155,275.799987792969,109.400001525879,833,696,2
13.6700000762939,91.5999984741211,39.2000007629395,1.2960000038147,32.5,5055,268,109,830,694,2
13.9300003051758,91.5999984741211,39.2000007629395,0.936999976634979,35,5073,273.899993896484,109,827,692,2
13.7700004577637,91.5999984741211,39.2000007629395,0.896000027656555,46.2000007629395,5019,271.899993896484,108.800003051758,827,692,2
13.9799995422363,91.5999984741211,39.2000007629395,0.892000019550323,58.5,5029,275.799987792969,108.800003051758,824,690,2
13.7399997711182,91.5999984741211,39.2000007629395,0.950999975204468,64.6999969482422,5251,276.799987792969,108.800003051758,821,690,2
13.8299999237061,91.5999984741211,39.2000007629395,0.994000017642975,70.1999969482422,4928,276.799987792969,108.800003051758,819,688,2
13.8199996948242,91.5999984741211,39.2000007629395,1.00699996948242,75.5999984741211,4863,262.200012207031,109.400001525879,818,687,2
13.7600002288818,91.5999984741211,39.2000007629395,0.955999970436096,81.1999969482422,4986,274.899993896484,109.099998474121,817,687,2
13.5900001525879,91.5999984741211,39.2000007629395,0.989000022411346,81,5432,275.799987792969,108.800003051758,817,687,2
13.960000038147,91.5999984741211,39.2000007629395,0.921999990940094,77.4000015258789,5290,264.100006103516,108.800003051758,817,687,2
13.960000038147,91.5999984741211,39.2000007629395,0.973999977111816,73.5999984741211,5707,277.799987792969,108.800003051758,817,687,2
13.7799997329712,91.5999984741211,39.2000007629395,0.90200001001358,63.2999992370605,5466,283.700012207031,108.800003051758,817,687,2
13.8900003433228,91.5999984741211,39.2000007629395,0.869000017642975,56.9000015258789,5813,281.700012207031,108.800003051758,818,688,2
13.8800001144409,91.6999969482422,39.2000007629395,0.957000017166138,52.2000007629395,5362,281.700012207031,109.099998474121,818,689,2
13.75,91.6999969482422,39.2000007629395,0.897000014781952,42,5502,275.799987792969,109.400001525879,817,689,2
13.7700004577637,91.6999969482422,39.2000007629395,0.889999985694885,37.2999992370605,5380,286.600006103516,109,818,689,2
13.9300003051758,91.6999969482422,39.2000007629395,0.898000001907349,35.2999992370605,5448,274.899993896484,108.800003051758,818,690,2
14.0100002288818,91.6999969482422,39.2000007629395,0.883000016212463,36.4000015258789,5294,277.799987792969,108.800003051758,818,690,2
13.8900003433228,91.6999969482422,39.2000007629395,0.908999979496002,39.0999984741211,5292,276.799987792969,108.800003051758,819,690,2
13.8599996566772,91.6999969482422,39.2000007629395,0.912999987602234,39.9000015258789,5233,279.700012207031,108.800003051758,820,690,2
13.7299995422363,91.6999969482422,39.2000007629395,0.921000003814697,50.4000015258789,5130,280.700012207031,108.800003051758,820,690,2
13.9099998474121,91.6999969482422,39.2000007629395,0.896000027656555,62.2999992370605,5119,271,109.400001525879,821,690,2
13.789999961853,91.6999969482422,39.2000007629395,1.01499998569489,62,5264,281.700012207031,109,821,690,2
13.4200000762939,91.6999969482422,39.2000007629395,0.926999986171722,64.9000015258789,5434,275.799987792969,108.800003051758,822,690,2
13.6700000762939,91.6999969482422,39.2000007629395,0.934000015258789,70.9000015258789,5426,279.700012207031,108.800003051758,823,691,2
13.9899997711182,91.6999969482422,39.2000007629395,0.957000017166138,79.0999984741211,5650,281.700012207031,108.699996948242,825,691,2
13.3299999237061,91.8000030517578,39.2000007629395,0.908999979496002,89.4000015258789,5921,280.700012207031,108.699996948242,825,691,2
13.9300003051758,91.8000030517578,39.2000007629395,0.897000014781952,87.5999984741211,5769,277.799987792969,108.800003051758,827,691,2
13.7399997711182,91.8000030517578,39.2000007629395,0.887000024318695,86,5916,291.5,109.400001525879,827,691,2
13.9499998092651,91.8000030517578,39.2000007629395,0.962000012397766,91.4000015258789,5992,279.700012207031,109,827,692,2
13.710000038147,91.8000030517578,39.2000007629395,0.887000024318695,88.1999969482422,6440,287.600006103516,108.800003051758,827,692,2
13.8400001525879,91.8000030517578,39.2000007629395,0.955999970436096,91.1999969482422,6489,288.5,108.800003051758,827,692,2
13.8500003814697,91.8000030517578,39.2000007629395,0.935000002384186,91.5,6484,296.299987792969,108.800003051758,828,693,2
13.7299995422363,91.8000030517578,39.2000007629395,0.930000007152557,91.1999969482422,6802,284.600006103516,108.800003051758,827,694,2
13.7600002288818,91.8000030517578,39.2999992370605,0.921999990940094,89.8000030517578,6950,312,108.800003051758,828,697,2
13.6999998092651,91.9000015258789,39.2999992370605,0.941999971866608,89.5999984741211,7116,301.200012207031,109.5,828,697,2
13.8100004196167,91.9000015258789,39.2999992370605,0.958999991416931,90.1999969482422,7242,313,109.099998474121,828,697,2
13.8000001907349,91.9000015258789,39.2999992370605,0.917999982833862,90.5,7421,313.899993896484,109,829,698,2
13.5100002288818,91.9000015258789,39.2999992370605,0.939999997615814,81.4000015258789,7560,305.100006103516,108.800003051758,829,700,2
13.6300001144409,91.9000015258789,39.2999992370605,0.824999988079071,64.4000015258789,7551,311,108.699996948242,829,701,2
13.7200002670288,91.9000015258789,39.2999992370605,0.828999996185303,61.5999984741211,7406,293.399993896484,108.800003051758,829,703,2
13.7700004577637,91.9000015258789,39.2999992370605,0.986999988555908,62.2999992370605,7479,304.200012207031,108.800003051758,831,705,2
13.7700004577637,91.9000015258789,39.2999992370605,1,58,7550,307.100006103516,109,831,705,2
13.5600004196167,92,39.2999992370605,0.879000008106232,41.4000015258789,7438,304.200012207031,109.099998474121,831,706,2
13.8199996948242,91.9000015258789,39.2999992370605,0.89300000667572,31.3999996185303,7310,306.100006103516,109,832,708,2
13.7700004577637,91.9000015258789,39.2999992370605,0.892000019550323,32.5,7232,305.100006103516,108.800003051758,833,710,2
13.7600002288818,92,39.2999992370605,0.992999970912933,37.5999984741211,7245,309,108.800003051758,833,710,2
13.8400001525879,92,39.2999992370605,0.939000010490417,37.0999984741211,7236,302.200012207031,108.800003051758,834,712,2
13.6499996185303,92,39.2999992370605,0.944000005722046,41.7999992370605,7183,298.299987792969,108.800003051758,834,713,2
13.8000001907349,92,39.2999992370605,0.944999992847443,43.5,7006,298.299987792969,109,834,713,2
13.8800001144409,92,39.2999992370605,0.936999976634979,49.5,7019,301.200012207031,109.400001525879,836,714,2
13.7799997329712,92,39.2999992370605,0.949999988079071,51.5,7069,298.299987792969,109,836,714,2
13.7799997329712,92,39.2999992370605,0.943000018596649,54.7999992370605,7067,295.399993896484,108.800003051758,838,715,2
13.8100004196167,92,39.2999992370605,0.940999984741211,58.5,7105,297.299987792969,108.800003051758,839,716,2
13.8500003814697,92,39.2999992370605,0.982999980449677,63.4000015258789,7177,296.299987792969,108.800003051758,840,716,2
13.7700004577637,92,39.2999992370605,0.955999970436096,63.4000015258789,7242,296.299987792969,108.800003051758,841,717,2
13.8400001525879,92,39.2999992370605,0.962999999523163,67.8000030517578,7107,304.200012207031,108.800003051758,841,717,2
13.7399997711182,92,39.2000007629395,1.00199997425079,65.6999969482422,7115,301.200012207031,108.800003051758,843,718,2
13.6400003433228,92,39.2000007629395,0.949000000953674,57,7053,309,109.400001525879,843,719,2
13.8699998855591,92.0999984741211,39.2000007629395,0.84799998998642,39.2000007629395,7061,315.899993896484,109,844,720,2
13.8599996566772,92.0999984741211,39.2000007629395,0.861000001430511,27.6000003814697,6930,296.299987792969,108.800003051758,846,721,2
13.789999961853,92.0999984741211,39.2000007629395,0.878000020980835,24.1000003814697,6914,313.899993896484,108.800003051758,846,722,2
13.4399995803833,92.0999984741211,39.2999992370605,0.892000019550323,23,6805,311,108.800003051758,846,722,2
13.8299999237061,92.0999984741211,39.2999992370605,0.898000001907349,22.2999992370605,6623,299.299987792969,108.800003051758,847,722,2
13.5600004196167,92.0999984741211,39.2999992370605,0.883000016212463,26.7000007629395,6702,308.100006103516,108.800003051758,848,722,2
13.8999996185303,92.0999984741211,39.2000007629395,0.925999999046326,38,6818,300.299987792969,109.5,849,722,2
13.9200000762939,92.0999984741211,39.2000007629395,0.989000022411346,44.5999984741211,6779,298.299987792969,109.099998474121,850,722,2
13.5600004196167,92.0999984741211,39.2000007629395,0.940999984741211,50.2000007629395,6574,304.200012207031,109,851,721,2
13.8400001525879,92.0999984741211,39.2000007629395,0.975000023841858,67,6785,302.200012207031,108.800003051758,851,720,2
13.8500003814697,92.1999969482422,39.2000007629395,0.952000021934509,81.3000030517578,6951,292.399993896484,108.800003051758,851,720,2
13.9899997711182,92.1999969482422,39.2000007629395,0.902999997138977,84.1999969482422,6702,304.200012207031,108.800003051758,853,721,2
13.8900003433228,92.1999969482422,39.2000007629395,0.982999980449677,84.4000015258789,7104,299.299987792969,108.800003051758,853,720,2
13.789999961853,92.1999969482422,39.2000007629395,0.944000005722046,89.3000030517578,7033,306.100006103516,109.099998474121,854,721,2
13.6400003433228,92.1999969482422,39.2000007629395,0.962000012397766,89.3000030517578,7492,300.299987792969,109.099998474121,855,722,2
13.789999961853,92.1999969482422,39.2000007629395,0.935999989509583,89.3000030517578,7476,290.5,109,855,722,2
13.9899997711182,92.1999969482422,39.2000007629395,0.889999985694885,88.5999984741211,7587,302.200012207031,108.800003051758,856,722,2
13.8500003814697,92.1999969482422,39.2000007629395,0.925999999046326,88.1999969482422,8069,310,108.800003051758,856,723,2
13.8400001525879,92.1999969482422,39.2000007629395,0.901000022888184,88.5,7752,326.600006103516,108.800003051758,856,724,2
13.8699998855591,92.1999969482422,39.2000007629395,0.90200001001358,87.0999984741211,8203,294.399993896484,108.800003051758,856,725,2
13.8699998855591,92.1999969482422,39.2000007629395,0.896000027656555,87.5,8347,323.700012207031,108.800003051758,856,727,2
13.7700004577637,92.1999969482422,39.2999992370605,0.885999977588654,85.8000030517578,8386,325.600006103516,109.400001525879,858,728,2
13.7399997711182,92.1999969482422,39.2999992370605,0.890999972820282,86.9000015258789,8676,313.899993896484,109.099998474121,857,730,2
13.539999961853,92.1999969482422,39.2999992370605,0.857999980449677,84.3000030517578,8807,309,108.800003051758,858,730,2
13.6000003814697,92.1999969482422,39.2999992370605,0.820999979972839,44.5999984741211,8078,310,108.800003051758,858,731,2
13.8199996948242,92.1999969482422,39.2999992370605,0.816999971866608,26.1000003814697,7775,309,108.800003051758,858,732,2
13.6499996185303,92.1999969482422,39.2999992370605,0.824999988079071,20.7000007629395,7317,297.299987792969,108.800003051758,859,734,2
13.5799999237061,92.1999969482422,39.2999992370605,0.825999975204468,19.7000007629395,6843,291.5,108.800003051758,858,735,2
13.6400003433228,92.1999969482422,39.2999992370605,0.855000019073486,20,6501,298.299987792969,109.400001525879,858,735,2
13.6199998855591,92.3000030517578,39.2999992370605,0.883000016212463,20.7000007629395,6181,295.399993896484,109,858,735,2
13.289999961853,92.3000030517578,39.2999992370605,0.879000008106232,22.2000007629395,5892,288.5,108.800003051758,858,735,2
13.7200002670288,92.3000030517578,39.2999992370605,0.882000029087067,25,5936,281.700012207031,108.800003051758,858,734,2
13.6800003051758,92.3000030517578,39.2999992370605,0.907000005245209,29.8999996185303,6027,278.799987792969,108.800003051758,858,734,2
13.8199996948242,92.3000030517578,39.2999992370605,0.980000019073486,33.4000015258789,6090,285.600006103516,108.800003051758,858,733,2
13.9099998474121,92.3000030517578,39.2999992370605,0.861000001430511,43.5999984741211,6010,286.600006103516,108.800003051758,859,731,2
13.8900003433228,92.3000030517578,39.2999992370605,1.00499999523163,48,6114,285.600006103516,109.099998474121,859,730,2
13.8900003433228,92.3000030517578,39.2999992370605,0.999000012874603,50.5,6105,285.600006103516,109.400001525879,859,728,2
13.6499996185303,92.3000030517578,39.2999992370605,0.925999999046326,58.5999984741211,6167,289.5,109,859,728,2
13.75,92.3000030517578,39.2000007629395,0.889999985694885,75,6182,290.5,108.800003051758,861,728,2
13.6599998474121,92.3000030517578,39.2000007629395,0.875999987125397,74,6156,283.700012207031,108.800003051758,861,727,2
13.8900003433228,92.3000030517578,39.2000007629395,0.910000026226044,77.1999969482422,6315,295.399993896484,108.800003051758,862,727,2
13.8199996948242,92.3000030517578,39.2000007629395,0.883000016212463,80.8000030517578,6212,272.899993896484,108.800003051758,863,726,2
13.6599998474121,92.3000030517578,39.2000007629395,0.949999988079071,81.3000030517578,6789,291.5,108.800003051758,863,726,2
13.5799999237061,92.4000015258789,39.2000007629395,0.933000028133392,90,6655,287.600006103516,109,863,726,2
13.8299999237061,92.4000015258789,39.2000007629395,0.91100001335144,91.5999984741211,7068,302.200012207031,109.099998474121,864,726,2
13.6499996185303,92.4000015258789,39.2000007629395,0.892000019550323,91.0999984741211,7153,304.200012207031,108.800003051758,863,727,2
13.8800001144409,92.4000015258789,39.2999992370605,0.952000021934509,90.6999969482422,7010,313,108.800003051758,863,727,2
13.7700004577637,92.4000015258789,39.2999992370605,0.890999972820282,90.5,7085,315.899993896484,108.699996948242,863,727,2
13.8599996566772,92.4000015258789,39.2999992370605,0.892000019550323,89.5,7205,312,108.800003051758,862,727,2
13.7600002288818,92.4000015258789,39.2999992370605,0.931999981403351,90.4000015258789,7593,311,108.800003051758,862,728,2
13.7299995422363,92.4000015258789,39.2999992370605,0.912999987602234,88.9000015258789,7751,310,109,862,730,2
13.7799997329712,92.4000015258789,39.2999992370605,0.921000003814697,88.1999969482422,7756,305.100006103516,109.400001525879,862,730,2
13.539999961853,92.4000015258789,39.2999992370605,0.889999985694885,88.9000015258789,8092,316.899993896484,109,862,730,2
13.4200000762939,92.5,39.2999992370605,0.83899998664856,87.8000030517578,8266,313,108.800003051758,862,731,2
13.789999961853,92.5,39.2999992370605,0.890999972820282,85.8000030517578,8232,321.700012207031,108.800003051758,861,732,2
13.8299999237061,92.5,39.2999992370605,0.88400000333786,87.5999984741211,8445,326.600006103516,108.800003051758,861,733,2
13.4200000762939,92.5,39.2999992370605,0.878000020980835,86.5,8570,317.799987792969,108.699996948242,861,735,2
13.6899995803833,92.5,39.2999992370605,0.850000023841858,85.3000030517578,8986,317.799987792969,108.699996948242,861,735,2
13.6700000762939,92.5,39.2999992370605,0.853999972343445,83,8965,308.100006103516,109.099998474121,861,735,2
13.5299997329712,92.5,39.2999992370605,0.851999998092651,83.5,9220,326.600006103516,109,861,737,2
13.7399997711182,92.5,39.2999992370605,0.815999984741211,48.5999984741211,8285,307.100006103516,108.800003051758,860,739,2
13.789999961853,92.5,39.2999992370605,0.742999970912933,26.6000003814697,7990,307.100006103516,108.800003051758,860,740,2
13.7200002670288,92.5999984741211,39.2999992370605,0.749000012874603,20.7999992370605,7438,307.100006103516,108.800003051758,860,741,2
13.6099996566772,92.5999984741211,39.2999992370605,0.823000013828278,20.7999992370605,6868,292.399993896484,108.800003051758,860,742,2
13.8800001144409,92.5999984741211,39.2999992370605,0.875,21.5,6307,281.700012207031,108.699996948242,858,741,-2
13.8599996566772,92.5999984741211,39.2999992370605,1.11500000953674,22.2000007629395,6063,291.5,108.800003051758,858,741,1
13.789999961853,92.5999984741211,39.2999992370605,1.39600002765656,24.5,5647,284.600006103516,109.400001525879,858,741,1
13.8100004196167,92.6999969482422,39.2999992370605,1.72000002861023,26,5424,286.600006103516,109,856,741,1
13.7399997711182,92.6999969482422,39.2999992370605,1.97399997711182,27.1000003814697,5764,289.5,108.800003051758,856,739,1
13.9200000762939,92.6999969482422,39.2999992370605,1.16199994087219,26.2999992370605,5865,286.600006103516,108.800003051758,854,737,1
13.8900003433228,92.6999969482422,39.2999992370605,1.1139999628067,26.2999992370605,5552,291.5,108.699996948242,852,735,1
13.960000038147,92.6999969482422,39.2999992370605,1.10199999809265,28.2000007629395,5168,269,108.699996948242,852,735,1
13.7799997329712,92.6999969482422,39.2999992370605,1.09099996089935,30.2000007629395,4937,265.100006103516,108.800003051758,850,734,1
13.7200002670288,92.6999969482422,39.2999992370605,1.10800004005432,31.7999992370605,4722,254.399993896484,109.099998474121,849,732,1
13.9099998474121,92.8000030517578,39.2999992370605,1.08800005912781,33,4514,246.5,109.099998474121,849,730,1
13.710000038147,92.8000030517578,39.2999992370605,1.13100004196167,33.9000015258789,4283,246.5,108.800003051758,848,728,1
13.5699996948242,92.8000030517578,39.2999992370605,1.19700002670288,34,4223,236.800003051758,108.800003051758,849,726,1
13.7299995422363,92.8000030517578,39.2999992370605,1.19000005722046,35.7999992370605,4050,235.800003051758,108.800003051758,849,725,1
13.7299995422363,92.8000030517578,39.2000007629395,1.2389999628067,38,3903,229,108.800003051758,849,725,1
13.9200000762939,92.8000030517578,39.2000007629395,1.32200002670288,39.5,3728,221.199996948242,108.699996948242,850,723,1
13.6199998855591,92.8000030517578,39.2000007629395,1.36699998378754,41.2000007629395,3468,214.300003051758,108.800003051758,852,722,1
13.7299995422363,92.8000030517578,39.2000007629395,1.51199996471405,43.5999984741211,3211,200.600006103516,109.400001525879,852,721,1
13.7299995422363,92.8000030517578,39.2000007629395,1.62999999523163,44.4000015258789,3367,215.300003051758,108.800003051758,853,720,1
13.9799995422363,92.8000030517578,39.2000007629395,1.57099997997284,47.2999992370605,3276,205.5,108.800003051758,852,718,1
13.5200004577637,92.8000030517578,39.2000007629395,1.54900002479553,52.0999984741211,3171,201.600006103516,108.599998474121,852,718,1
13.8500003814697,92.9000015258789,39.2000007629395,1.96300005912781,68.0999984741211,3240,206.5,108.800003051758,853,717,1
13.8900003433228,92.9000015258789,39.2000007629395,1.83500003814697,75.8000030517578,2925,198.699996948242,108.699996948242,852,715,1
13.9899997711182,92.9000015258789,39.2000007629395,2.32500004768372,77.4000015258789,2686,195.800003051758,108.699996948242,851,714,1
13.8699998855591,92.9000015258789,39.2000007629395,2.40000009536743,89.5999984741211,2746,199.699996948242,109.099998474121,848,712,1
13.8000001907349,92.9000015258789,39.2000007629395,2.40000009536743,92.6999969482422,2605,194.800003051758,108.800003051758,845,711,1
13.960000038147,92.9000015258789,39.2000007629395,2.40000009536743,95.3000030517578,2603,188.899993896484,108.699996948242,842,711,1
13.8400001525879,92.9000015258789,39.2000007629395,1.3860000371933,91.9000015258789,3745,220.199996948242,108.800003051758,842,709,1
13.789999961853,92.9000015258789,39.2000007629395,0.961000025272369,89.5999984741211,3000,213.300003051758,108.699996948242,838,706,1
13.8400001525879,92.9000015258789,39.2000007629395,0.85699999332428,89.1999969482422,3576,222.100006103516,108.699996948242,834,704,1
13.6800003051758,93,39.2000007629395,0.971000015735626,84.9000015258789,3949,235.800003051758,108.699996948242,831,702,1
13.5,93,39.2999992370605,0.865000009536743,62.2000007629395,3967,224.100006103516,109.099998474121,827,701,1
13.7299995422363,93,39.2999992370605,0.845000028610229,49.0999984741211,4112,227,109,825,700,1
13.8400001525879,93,39.2999992370605,0.851000010967255,47.2999992370605,3917,229.899993896484,108.699996948242,825,700,1
13.6099996566772,93,39.2999992370605,0.851000010967255,53.2999992370605,4265,240.699996948242,108.699996948242,822,699,1
13.8500003814697,93,39.2999992370605,0.83899998664856,67.1999969482422,4293,243.600006103516,108.699996948242,820,698,1
13.8599996566772,93,39.2999992370605,0.887000024318695,77.4000015258789,4306,232.899993896484,108.699996948242,819,697,1
13.7799997329712,93,39.2999992370605,0.894999980926514,82.3000030517578,4602,251.399993896484,108.699996948242,817,695,1
13.8500003814697,93,39.2999992370605,0.933000028133392,87,5033,259.200012207031,108.699996948242,816,695,1
13.6999998092651,93,39.2999992370605,0.889999985694885,87.0999984741211,5110,268,109.099998474121,816,695,1
13.7299995422363,93.0999984741211,39.2999992370605,0.961000025272369,86.8000030517578,5108,264.100006103516,108.800003051758,816,695,1
13.8900003433228,93.0999984741211,39.2999992370605,0.949999988079071,90.6999969482422,5201,270,108.800003051758,815,695,1
13.7600002288818,93.0999984741211,39.2999992370605,0.935000002384186,86.4000015258789,5398,278.799987792969,108.699996948242,815,695,1
13.75,93.0999984741211,39.2999992370605,0.984000027179718,81,5545,282.700012207031,108.699996948242,815,695,1
13.8500003814697,93.0999984741211,39.2999992370605,0.879000008106232,53.0999984741211,5585,276.799987792969,108.699996948242,814,696,1
13.960000038147,93.0999984741211,39.2999992370605,0.820999979972839,45.0999984741211,5758,298.299987792969,108.699996948242,814,697,1
13.789999961853,93.1999969482422,39.2999992370605,0.934000015258789,36.4000015258789,5600,283.700012207031,109.099998474121,814,697,1
13.960000038147,93.1999969482422,39.2999992370605,0.861999988555908,30.7999992370605,5542,282.700012207031,109,814,697,1
13.6800003051758,93.1999969482422,39.2999992370605,0.869000017642975,29.5,5521,278.799987792969,108.800003051758,814,697,1
13.7399997711182,93.1999969482422,39.2999992370605,0.851999998092651,29.2999992370605,5440,284.600006103516,108.800003051758,814,697,1
13.8100004196167,93.1999969482422,39.2999992370605,0.848999977111816,29.5,5432,273.899993896484,108.699996948242,815,697,1
13.8100004196167,93.1999969482422,39.2999992370605,0.828999996185303,29.7000007629395,5317,277.799987792969,108.699996948242,816,699,1
13.4899997711182,93.1999969482422,39.2999992370605,0.808000028133392,30.2999992370605,5280,269,108.699996948242,816,697,1
13.7299995422363,93.1999969482422,39.2999992370605,0.806999981403351,30.2000007629395,5237,261.200012207031,109,817,697,1
13.8100004196167,93.1999969482422,39.2999992370605,0.808000028133392,30.2000007629395,5197,279.700012207031,109.099998474121,817,697,1
13.6999998092651,93.1999969482422,39.2999992370605,0.799000024795532,35.5999984741211,5176,276.799987792969,108.800003051758,818,696,1
13.8100004196167,93.1999969482422,39.2999992370605,0.788999974727631,50.5999984741211,5509,286.600006103516,108.699996948242,818,695,1
13.8299999237061,93.3000030517578,39.2999992370605,0.894999980926514,58.9000015258789,5594,285.600006103516,108.699996948242,818,694,1
13.8900003433228,93.3000030517578,39.2999992370605,0.930000007152557,54.7999992370605,5542,274.899993896484,108.699996948242,820,693,1
13.8199996948242,93.3000030517578,39.2999992370605,0.884999990463257,45.9000015258789,5674,279.700012207031,108.800003051758,820,692,1
13.8900003433228,93.3000030517578,39.2999992370605,0.890999972820282,51.4000015258789,6027,275.799987792969,108.699996948242,820,692,1
13.8400001525879,93.3000030517578,39.2000007629395,0.925999999046326,50.7000007629395,6027,271.899993896484,109.400001525879,821,691,1
13.4899997711182,93.3000030517578,39.2000007629395,1.00699996948242,57.5999984741211,5473,268,109.099998474121,821,691,1
13.7299995422363,93.3000030517578,39.2000007629395,0.961000025272369,60.4000015258789,5913,286.600006103516,109,822,690,1
13.7700004577637,93.3000030517578,39.2000007629395,0.933000028133392,67.9000015258789,6129,287.600006103516,108.699996948242,822,690,1
13.7600002288818,93.3000030517578,39.2000007629395,0.845000028610229,68.5999984741211,5769,288.5,108.699996948242,823,691,1
13.7799997329712,93.3000030517578,39.2000007629395,0.925000011920929,75.1999969482422,6983,315.899993896484,108.699996948242,824,691,1
13.8100004196167,93.3000030517578,39.2000007629395,0.88400000333786,75.1999969482422,5930,272.899993896484,108.800003051758,824,691,1
13.8900003433228,93.3000030517578,39.2000007629395,0.917999982833862,69.1999969482422,6165,280.700012207031,108.699996948242,825,691,1
13.710000038147,93.3000030517578,39.2000007629395,0.991999983787537,70.5999984741211,6246,273.899993896484,109.400001525879,826,692,1
13.8000001907349,93.3000030517578,39.2000007629395,0.876999974250793,51.5999984741211,6116,284.600006103516,109.099998474121,827,693,1
13.8199996948242,93.3000030517578,39.2000007629395,0.897000014781952,44.5999984741211,6327,295.399993896484,109,827,693,1
13.6899995803833,93.3000030517578,39.2000007629395,0.871999979019165,29.7999992370605,6022,295.399993896484,108.800003051758,827,694,1
13.75,93.3000030517578,39.2000007629395,0.873000025749207,25.6000003814697,5909,283.700012207031,108.800003051758,828,694,1
13.8800001144409,93.3000030517578,39.2000007629395,0.871999979019165,24.2999992370605,5735,284.600006103516,108.800003051758,828,695,1
13.8500003814697,93.3000030517578,39.2000007629395,0.883000016212463,24.7000007629395,5471,283.700012207031,108.800003051758,828,696,1
13.75,93.3000030517578,39.2000007629395,1.14499998092651,25.2999992370605,5459,272.899993896484,109.099998474121,829,696,1
13.7700004577637,93.3000030517578,39.2000007629395,1.05200004577637,29.7999992370605,5411,271.899993896484,109.099998474121,829,696,1
13.7399997711182,93.3000030517578,39.2000007629395,0.921000003814697,37.0999984741211,5397,278.799987792969,109,830,696,1
13.9700002670288,93.3000030517578,39.2000007629395,0.954999983310699,43.9000015258789,5504,290.5,108.800003051758,830,695,1
13.8999996185303,93.3000030517578,39.2000007629395,0.929000020027161,46.0999984741211,5246,278.799987792969,108.800003051758,830,695,1
13.8900003433228,93.3000030517578,39.2000007629395,0.953000009059906,46.2999992370605,5503,281.700012207031,108.800003051758,831,694,1
13.9499998092651,93.4000015258789,39.2000007629395,0.919000029563904,47.0999984741211,5185,270,108.800003051758,833,694,1
13.9300003051758,93.4000015258789,39.2000007629395,0.938000023365021,48.4000015258789,5357,282.700012207031,108.800003051758,833,693,1
13.6999998092651,93.4000015258789,39.2000007629395,0.953000009059906,48,5221,279.700012207031,109.099998474121,835,693,1
13.8599996566772,93.4000015258789,39.2000007629395,0.902999997138977,50.9000015258789,5105,268,109.099998474121,835,693,1
13.9799995422363,93.4000015258789,39.2000007629395,0.984000027179718,59.5,5303,275.799987792969,109,837,693,1
13.9799995422363,93.4000015258789,39.2000007629395,1.01300001144409,63.7999992370605,5461,283.700012207031,108.800003051758,837,692,1
13.8400001525879,93.4000015258789,39.2000007629395,0.929000020027161,64.0999984741211,5861,292.399993896484,108.800003051758,838,693,1
13.7200002670288,93.4000015258789,39.0999984741211,0.916000008583069,63.5999984741211,5887,282.700012207031,108.699996948242,840,694,1
13.8999996185303,93.4000015258789,39.2000007629395,0.920000016689301,61.7000007629395,6123,294.399993896484,108.800003051758,840,694,1
13.5200004577637,93.4000015258789,39.2000007629395,0.921999990940094,59,6237,293.399993896484,108.699996948242,841,695,1
13.7299995422363,93.4000015258789,39.2000007629395,0.912999987602234,59.7999992370605,6367,294.399993896484,109.5,842,695,1
13.8900003433228,93.4000015258789,39.2000007629395,0.939000010490417,60.5999984741211,6229,290.5,109.099998474121,842,695,1
13.6899995803833,93.4000015258789,39.2000007629395,0.949000000953674,61.7999992370605,6235,296.299987792969,109,843,695,1
13.8599996566772,93.4000015258789,39.2000007629395,0.936999976634979,68.6999969482422,6404,313,108.800003051758,844,696,1
13.6899995803833,93.4000015258789,39.2000007629395,0.998000025749207,68.0999984741211,6949,298.299987792969,108.800003051758,844,697,1
13.789999961853,93.4000015258789,39.2000007629395,0.966000020503998,76.9000015258789,6857,295.399993896484,108.800003051758,845,697,1
13.7299995422363,93.4000015258789,39.2000007629395,0.976000010967255,73.8000030517578,7319,302.200012207031,108.699996948242,845,699,1
13.75,93.4000015258789,39.2000007629395,0.975000023841858,75,7391,310,109.099998474121,846,699,1
13.7299995422363,93.5,39.2000007629395,0.957000017166138,72.5,7649,318.799987792969,109.099998474121,846,699,1
13.6899995803833,93.5,39.2000007629395,0.898000001907349,75.0999984741211,7570,310,109,846,701,1
13.7200002670288,93.5,39.2000007629395,0.958999991416931,79.4000015258789,7962,314.899993896484,108.800003051758,847,703,1
13.5799999237061,93.5,39.2000007629395,0.875,43.2999992370605,7523,302.200012207031,108.800003051758,847,704,1
13.6000003814697,93.5,39.2000007629395,0.790000021457672,23.7999992370605,7391,308.100006103516,108.800003051758,849,706,1
13.7299995422363,93.5,39.2000007629395,0.810000002384186,19.3999996185303,7057,305.100006103516,108.800003051758,849,709,1
13.7600002288818,93.5,39.2000007629395,0.820999979972839,19.2999992370605,6732,290.5,109.099998474121,849,709,1
13.3999996185303,93.5,39.2000007629395,0.851999998092651,19.7000007629395,6527,297.299987792969,109.400001525879,849,710,1
13.7299995422363,93.5,39.2000007629395,0.976000010967255,19.6000003814697,6367,290.5,109,850,711,1
13.8199996948242,93.5,39.2000007629395,1.30299997329712,20.1000003814697,6265,284.600006103516,108.800003051758,850,711,1
13.6099996566772,93.5,39.2000007629395,1.42499995231628,20.7000007629395,6120,289.5,108.800003051758,851,711,1
13.7299995422363,93.5999984741211,39.2000007629395,0.986999988555908,21.3999996185303,6029,284.600006103516,108.800003051758,851,711,1
13.7600002288818,93.5999984741211,39.2000007629395,0.89300000667572,22.8999996185303,5860,287.600006103516,108.800003051758,852,711,1
13.7399997711182,93.5999984741211,39.2000007629395,0.907000005245209,25.1000003814697,5802,281.700012207031,108.800003051758,852,710,1
13.710000038147,93.5999984741211,39.2000007629395,0.939000010490417,28.8999996185303,5718,278.799987792969,109.400001525879,851,709,1
13.7200002670288,93.5999984741211,39.2000007629395,0.975000023841858,37.2999992370605,5667,290.5,109.099998474121,851,708,1
13.7799997329712,93.5999984741211,39.2000007629395,0.882000029087067,48.7000007629395,6045,295.399993896484,109.099998474121,851,707,1
13.8900003433228,93.5999984741211,39.0999984741211,0.888000011444092,54.7999992370605,5849,297.299987792969,108.800003051758,851,706,1
13.710000038147,93.5999984741211,39.0999984741211,0.989000022411346,58.9000015258789,5755,283.700012207031,108.800003051758,852,705,1
13.8900003433228,93.5999984741211,39.0999984741211,0.962000012397766,59.7999992370605,5895,281.700012207031,108.800003051758,852,705,1
13.8599996566772,93.5999984741211,39.0999984741211,0.955999970436096,59.0999984741211,6088,275.799987792969,108.800003051758,853,705,1
13.8500003814697,93.6999969482422,39.0999984741211,0.925000011920929,53.4000015258789,6263,281.700012207031,108.800003051758,854,704,1
13.7600002288818,93.6999969482422,39.0999984741211,0.903999984264374,45.4000015258789,6148,296.299987792969,109.5,854,704,1
13.8900003433228,93.6999969482422,39.0999984741211,0.885999977588654,32.7999992370605,6146,288.5,109.099998474121,854,704,1
13.8800001144409,93.8000030517578,39.2000007629395,0.84799998998642,26.7000007629395,5988,284.600006103516,109,854,704,1
13.8599996566772,93.8000030517578,39.2000007629395,0.883000016212463,25.1000003814697,5812,295.399993896484,109,855,704,1
13.8299999237061,93.8000030517578,39.2000007629395,0.882000029087067,24.7999992370605,5698,276.799987792969,109,855,704,1
13.8400001525879,93.8000030517578,39.2000007629395,0.866999983787537,24.6000003814697,5815,292.399993896484,109,855,704,1
13.8900003433228,93.8000030517578,39.2000007629395,0.873000025749207,24.6000003814697,5651,287.600006103516,109.400001525879,855,704,1
13.8599996566772,93.8000030517578,39.2000007629395,0.861000001430511,26.5,5484,286.600006103516,109.5,855,703,1
13.8900003433228,93.8000030517578,39.2000007629395,0.875999987125397,28.6000003814697,5461,285.600006103516,109,856,703,1
13.6599998474121,93.9000015258789,39.2000007629395,0.853999972343445,30,5442,279.700012207031,109,857,702,1
13.789999961853,93.9000015258789,39.2000007629395,0.846000015735626,32.7999992370605,5422,284.600006103516,108.800003051758,857,701,1
13.5600004196167,93.9000015258789,39.0999984741211,0.861000001430511,41.4000015258789,5521,276.799987792969,108.800003051758,857,701,1
13.7700004577637,93.9000015258789,39.0999984741211,0.851999998092651,53.9000015258789,5202,275.799987792969,109,859,699,1
13.8199996948242,93.9000015258789,39.0999984741211,0.898000001907349,61.2999992370605,5184,276.799987792969,109.400001525879,859,698,1
13.8500003814697,94,39.0999984741211,0.954999983310699,63.2000007629395,5236,279.700012207031,109.400001525879,860,697,1
13.789999961853,94,39.0999984741211,0.933000028133392,57.5999984741211,5305,290.5,109.099998474121,860,697,1
13.4899997711182,94,39.0999984741211,0.888000011444092,48.5999984741211,5502,277.799987792969,109,861,695,1
13.7299995422363,94,39.0999984741211,0.83899998664856,41.4000015258789,5383,283.700012207031,108.800003051758,861,695,1
13.6499996185303,94,39.0999984741211,0.892000019550323,40.7999992370605,5431,277.799987792969,108.800003051758,861,695,1
13.8299999237061,94,39.0999984741211,0.888000011444092,34.0999984741211,5317,275.799987792969,109,861,695,1
13.4700002670288,94,39.0999984741211,0.847000002861023,34,5334,283.700012207031,109,862,695,1
13.8000001907349,94,39.0999984741211,0.852999985218048,32.5,5287,270,109.5,862,695,1
13.8100004196167,94,39.0999984741211,0.836000025272369,31.2999992370605,5142,275.799987792969,109.400001525879,862,694,1
13.6300001144409,94,39.0999984741211,0.824999988079071,31.8999996185303,5105,276.799987792969,109,862,694,1
13.6999998092651,94,39.0999984741211,0.820999979972839,37.2000007629395,5183,274.899993896484,108.800003051758,862,694,1
13.8800001144409,94.0999984741211,39.0999984741211,0.887000024318695,43.2999992370605,5134,269,109,863,693,1
13.710000038147,94,39.0999984741211,0.948000013828278,53.7000007629395,5356,282.700012207031,109,863,693,1
13.8699998855591,94.0999984741211,39.0999984741211,0.977999985218048,52.9000015258789,5595,287.600006103516,109,862,692,1
13.8299999237061,94,39.0999984741211,0.884999990463257,52.2999992370605,5772,286.600006103516,109.400001525879,863,691,1
13.8800001144409,94.0999984741211,39.0999984741211,0.885999977588654,56.9000015258789,5224,285.600006103516,109.400001525879,863,691,1
13.6599998474121,94.0999984741211,39.0999984741211,0.955999970436096,60.7999992370605,5449,275.799987792969,109,863,691,1
13.8199996948242,94.0999984741211,39.0999984741211,0.934000015258789,59.5,5094,275.799987792969,109,863,691,1
13.6800003051758,94.0999984741211,39.0999984741211,0.860000014305115,44.2000007629395,5088,263.100006103516,108.800003051758,863,691,1
13.9399995803833,94.0999984741211,39.2000007629395,0.870999991893768,36.7999992370605,5211,267.100006103516,109,863,691,1
13.8500003814697,94.0999984741211,39.2000007629395,0.870999991893768,33.0999984741211,5124,269,109,863,691,1
13.710000038147,94.0999984741211,39.2000007629395,0.846000015735626,38.0999984741211,5229,270,109,863,691,1
13.8199996948242,94.0999984741211,39.2000007629395,0.897000014781952,46.5999984741211,5486,263.100006103516,109.5,864,691,1
13.8900003433228,94.0999984741211,39.2000007629395,0.889999985694885,57.5999984741211,5404,272.899993896484,109.099998474121,864,691,1
13.7299995422363,94.0999984741211,39.2000007629395,0.925999999046326,61.0999984741211,5700,281.700012207031,109,863,691,1
13.8800001144409,94.0999984741211,39.2000007629395,0.916000008583069,70.8000030517578,5981,277.799987792969,109,863,691,1
13.7600002288818,94.0999984741211,39.2000007629395,0.879000008106232,76.5999984741211,5675,267.100006103516,108.800003051758,863,690,1
13.710000038147,94.0999984741211,39.2000007629395,0.901000022888184,77.6999969482422,6031,275.799987792969,109,863,691,1
13.8199996948242,94.0999984741211,39.2000007629395,0.945999979972839,83,6360,302.200012207031,109,862,691,1
13.8199996948242,94.0999984741211,39.2000007629395,0.874000012874603,83.5999984741211,6563,292.399993896484,109.5,863,691,1
13.6899995803833,94.0999984741211,39.2000007629395,0.917999982833862,77.8000030517578,6828,288.5,109.400001525879,863,691,1
13.789999961853,94.0999984741211,39.2000007629395,0.968999981880188,86.6999969482422,6878,303.200012207031,109,862,691,1
13.8000001907349,94.0999984741211,39.2000007629395,0.926999986171722,86.4000015258789,7130,305.100006103516,109,861,692,1
13.7600002288818,94.0999984741211,39.2000007629395,0.976000010967255,87.3000030517578,7308,313,109,860,693,1
13.8599996566772,94.0999984741211,39.2000007629395,0.957000017166138,90.4000015258789,7823,314.899993896484,109,860,695,1
13.8000001907349,94.0999984741211,39.2000007629395,0.885999977588654,87.0999984741211,7862,304.200012207031,109,860,697,1
13.6400003433228,94.0999984741211,39.2000007629395,0.897000014781952,82.5999984741211,8372,314.899993896484,109,860,697,1
13.6499996185303,94.0999984741211,39.2000007629395,0.822000026702881,44.5999984741211,7882,313.899993896484,109.5,860,699,1
13.5100002288818,94.0999984741211,39.2000007629395,0.720000028610229,23.7000007629395,7620,310,109.099998474121,860,700,1
13.6300001144409,94.0999984741211,39.2000007629395,0.753000020980835,18.7999992370605,7278,306.100006103516,109,859,703,1
13.7700004577637,94.0999984741211,39.2000007629395,0.777999997138977,18.8999996185303,6876,298.299987792969,109,860,704,1
13.6000003814697,94.0999984741211,39.2000007629395,0.820999979972839,19.3999996185303,6711,289.5,109,859,705,1
13.6400003433228,94.0999984741211,39.2000007629395,0.843999981880188,19.7000007629395,6516,297.299987792969,109,859,705,1
13.7700004577637,94.0999984741211,39.2000007629395,0.869000017642975,20,6487,303.200012207031,109,859,706,1
13.6499996185303,94.0999984741211,39.2000007629395,0.878000020980835,20.8999996185303,6351,294.399993896484,109.599998474121,859,705,1
13.7299995422363,94.0999984741211,39.2000007629395,0.907999992370605,26.7000007629395,6307,296.299987792969,109.400001525879,859,705,1
13.5,94.0999984741211,39.2000007629395,0.999000012874603,33.5,6477,295.399993896484,109.099998474121,858,704,1
13.9300003051758,94.0999984741211,39.2000007629395,0.980000019073486,37.5,6572,292.399993896484,109,858,704,1
13.8999996185303,94.0999984741211,39.2000007629395,0.996999979019165,48.2000007629395,6492,292.399993896484,109,858,703,1
13.75,94.0999984741211,39.2000007629395,0.970000028610229,52.4000015258789,6678,287.600006103516,109,858,703,1
13.6300001144409,94.0999984741211,39.2000007629395,0.958999991416931,55.2999992370605,6819,302.200012207031,109,859,703,1
13.7399997711182,94.0999984741211,39.0999984741211,0.967999994754791,72.6999969482422,7027,302.200012207031,109.400001525879,859,703,1
13.8199996948242,94.1999969482422,39.0999984741211,1.06200003623962,69.4000015258789,6889,308.100006103516,109.400001525879,861,703,1
13.9099998474121,94.1999969482422,39.0999984741211,1.00300002098083,73.9000015258789,7301,313,109.099998474121,861,703,1
13.6499996185303,94.1999969482422,39.0999984741211,1.06900000572205,80.1999969482422,7470,314.899993896484,109,861,703,1
13.6800003051758,94.1999969482422,39.2000007629395,0.982999980449677,84.9000015258789,7933,302.200012207031,109.099998474121,862,703,1
13.5200004577637,94.1999969482422,39.2000007629395,0.924000024795532,86.5,7921,315.899993896484,109,862,705,1
13.7299995422363,94.1999969482422,39.2000007629395,0.925000011920929,87.0999984741211,8204,297.299987792969,109,862,706,1
13.789999961853,94.1999969482422,39.2000007629395,0.885999977588654,85.5,8531,308.100006103516,109,864,707,1
13.789999961853,94.1999969482422,39.2000007629395,1.28199994564056,88.9000015258789,7249,313.899993896484,109.599998474121,864,709,2
13.5799999237061,94.1999969482422,39.2000007629395,1.17299997806549,85.0999984741211,6474,290.5,109.400001525879,864,711,2
13.7299995422363,94.1999969482422,39.2000007629395,0.883000016212463,69.1999969482422,6699,308.100006103516,109.099998474121,864,711,2
13.8100004196167,94.1999969482422,39.2000007629395,0.901000022888184,61.7000007629395,6831,297.299987792969,109,864,713,2
13.7200002670288,94.1999969482422,39.2000007629395,0.896000027656555,45.9000015258789,6777,295.399993896484,109.099998474121,864,714,2
13.7200002670288,94.1999969482422,39.2000007629395,0.925999999046326,41.7999992370605,6680,305.100006103516,109.099998474121,863,715,2
13.8699998855591,94.1999969482422,39.2000007629395,0.952000021934509,47,6835,294.399993896484,109,862,716,2
13.539999961853,94.1999969482422,39.2000007629395,0.981000006198883,52.5999984741211,6729,308.100006103516,109.599998474121,861,717,2
13.6800003051758,94.1999969482422,39.2000007629395,1.00699996948242,63.9000015258789,6874,298.299987792969,109.5,861,718,2
13.8199996948242,94.1999969482422,39.2000007629395,0.986999988555908,70.5,6979,295.399993896484,109.400001525879,861,718,2
13.3900003433228,94.1999969482422,39.2000007629395,1.02100002765656,82,6991,302.200012207031,109.099998474121,861,718,2
13.4899997711182,94.1999969482422,39.2000007629395,0.967999994754791,81.3000030517578,7196,299.299987792969,109.099998474121,860,719,2
13.8699998855591,94.1999969482422,39.2000007629395,0.987999975681305,86.3000030517578,7301,303.200012207031,109.099998474121,860,720,2
13.7299995422363,94.1999969482422,39.2000007629395,0.939999997615814,85.1999969482422,7888,288.5,109,861,722,2
13.8599996566772,94.1999969482422,39.2000007629395,0.922999978065491,86.1999969482422,7652,319.799987792969,109.099998474121,861,722,2
13.6499996185303,94.1999969482422,39.2000007629395,0.912000000476837,86.8000030517578,7846,299.299987792969,109.5,861,723,2
13.3999996185303,94.1999969482422,39.2000007629395,0.896000027656555,89,8104,320.799987792969,109.400001525879,862,725,2
13.9099998474121,94.3000030517578,39.2000007629395,0.885999977588654,84.3000030517578,8137,305.100006103516,109.400001525879,862,726,2
13.6599998474121,94.3000030517578,39.2000007629395,0.910000026226044,62.2999992370605,7932,313.899993896484,109,862,728,2
13.3599996566772,94.3000030517578,39.2000007629395,0.72299998998642,30.2000007629395,7723,314.899993896484,109.099998474121,863,730,2
13.6099996566772,94.3000030517578,39.2000007629395,0.746999979019165,20.7000007629395,7337,296.299987792969,109.099998474121,863,731,2
13.4799995422363,94.3000030517578,39.2000007629395,0.801999986171722,19.1000003814697,6941,297.299987792969,109.099998474121,863,733,2
13.8100004196167,94.3000030517578,39.2000007629395,0.815999984741211,19.7000007629395,6632,287.600006103516,109.800003051758,863,733,2
13.2700004577637,94.3000030517578,39.2000007629395,0.878000020980835,20.2000007629395,6369,284.600006103516,109.5,863,733,2
13.7299995422363,94.4000015258789,39.2000007629395,0.883000016212463,20.7000007629395,5900,295.399993896484,109.099998474121,862,733,1
13.789999961853,94.3000030517578,39.2000007629395,1.07400000095367,22.1000003814697,5906,281.700012207031,109.099998474121,862,732,1
13.8000001907349,94.4000015258789,39.2000007629395,1.39999997615814,23.1000003814697,5926,299.299987792969,109.099998474121,862,732,1
13.9399995803833,94.4000015258789,39.2000007629395,1.65600001811981,23.7000007629395,5914,299.299987792969,109.099998474121,862,731,1
13.8400001525879,94.4000015258789,39.2000007629395,1.95299994945526,23.2000007629395,6314,297.299987792969,109.099998474121,860,730,1
13.4499998092651,94.4000015258789,39.2000007629395,1.20799994468689,22,6201,284.600006103516,109.099998474121,860,730,1
13.4499998092651,94.4000015258789,39.2000007629395,1.02199995517731,22.7000007629395,5830,278.799987792969,109.599998474121,860,728,1
13.8900003433228,94.4000015258789,39.2000007629395,1.05900001525879,23.8999996185303,5683,297.299987792969,109.400001525879,858,726,1
13.7200002670288,94.4000015258789,39.0999984741211,1.05900001525879,25,5428,285.600006103516,109.400001525879,856,724,1
13.8900003433228,94.4000015258789,39.0999984741211,1.05999994277954,27,5166,276.799987792969,109.099998474121,855,722,1
13.710000038147,94.5,39.0999984741211,1.04999995231628,28.7000007629395,5058,267.100006103516,109.099998474121,854,720,1
13.6599998474121,94.5,39.0999984741211,1.0349999666214,30.1000003814697,5065,269,109.099998474121,854,718,1
13.8699998855591,94.5,39.0999984741211,1.05900001525879,36.0999984741211,4821,260.200012207031,109.099998474121,854,718,1
13.9200000762939,94.5,39.0999984741211,1.30299997329712,45.2999992370605,4619,256.299987792969,109.800003051758,854,717,1
13.960000038147,94.5,39.0999984741211,1.85199999809265,55.5999984741211,4444,250.5,109.5,854,716,1
13.9399995803833,94.5,39.0999984741211,2.27699995040894,63.5999984741211,4267,245.600006103516,109.400001525879,856,714,1
13.6700000762939,94.5,39.0999984741211,2.40000009536743,84.9000015258789,4150,236.800003051758,109.099998474121,856,713,1
14.0299997329712,94.5,39.0999984741211,2.40000009536743,95.1999969482422,4059,229,109.099998474121,855,711,1
13.8199996948242,94.5,39.0999984741211,2.40000009536743,96.8000030517578,3961,228,109.099998474121,854,711,1
13.6400003433228,94.5,39.0999984741211,2.40000009536743,93,3903,229.899993896484,109.099998474121,854,708,1
13.7700004577637,94.5,39.0999984741211,2.40000009536743,94.4000015258789,3841,234.800003051758,109.099998474121,851,706,1
13.9300003051758,94.5,39.0999984741211,2.40000009536743,95.5999984741211,3736,215.300003051758,109.599998474121,846,703,1
13.8900003433228,94.5999984741211,39.0999984741211,2.40000009536743,95.6999969482422,3700,215.300003051758,109.400001525879,841,699,1
13.5200004577637,94.5999984741211,39.0999984741211,1.62999999523163,95.3000030517578,4540,246.5,109.099998474121,835,695,1
13.8400001525879,94.5999984741211,39.2000007629395,1.14300000667572,95.4000015258789,4158,252.399993896484,109.099998474121,829,690,1
13.5900001525879,94.5999984741211,39.2000007629395,0.984000027179718,90.9000015258789,4732,238.699996948242,109.099998474121,829,690,1
13.7600002288818,94.5999984741211,39.2000007629395,1.00100004673004,91.9000015258789,5005,251.399993896484,109.099998474121,822,687,1
13.8100004196167,94.5999984741211,39.2000007629395,0.883000016212463,91.0999984741211,5133,257.299987792969,109.099998474121,818,684,1
13.9399995803833,94.5999984741211,39.2000007629395,0.961000025272369,91.4000015258789,5329,269,109.599998474121,814,682,1
13.7299995422363,94.5999984741211,39.2000007629395,0.952000021934509,78.5999984741211,5562,269,109.800003051758,810,681,1
13.8100004196167,94.5999984741211,39.2000007629395,0.98199999332428,72.0999984741211,6001,268,109.400001525879,807,680,1
13.789999961853,94.5999984741211,39.2000007629395,0.882000029087067,68.5,6212,278.799987792969,109.099998474121,805,680,1
13.710000038147,94.5999984741211,39.2000007629395,0.896000027656555,66.3000030517578,6259,298.299987792969,109.099998474121,805,681,1
13.6700000762939,94.5999984741211,39.2000007629395,0.947000026702881,63.5999984741211,5526,285.600006103516,109.099998474121,803,680,2
13.789999961853,94.6999969482422,39.2000007629395,1.84200000762939,74,4734,263.100006103516,109.099998474121,801,681,2
13.8599996566772,94.6999969482422,39.2000007629395,1.22099995613098,77.5999984741211,4992,272.899993896484,109.099998474121,801,681,2
13.8299999237061,94.6999969482422,39.2000007629395,1.04799997806549,82.0999984741211,5026,271,109.800003051758,801,682,2
13.8999996185303,94.6999969482422,39.2999992370605,1.00600004196167,78.4000015258789,5329,271.899993896484,109.5,799,681,2
13.9399995803833,94.6999969482422,39.2999992370605,0.967999994754791,76.9000015258789,5287,283.700012207031,109.099998474121,799,681,2
13.6000003814697,94.6999969482422,39.2999992370605,0.944999992847443,76.3000030517578,5532,291.5,109.099998474121,798,682,2
13.7200002670288,94.6999969482422,39.2999992370605,0.936999976634979,75.0999984741211,5496,278.799987792969,109.099998474121,798,683,2
13.8199996948242,94.6999969482422,39.2999992370605,0.930000007152557,72.3000030517578,5613,273.899993896484,109.099998474121,797,684,2
13.8999996185303,94.6999969482422,39.2999992370605,0.958999991416931,71.6999969482422,5864,270,109.099998474121,797,685,2
13.7600002288818,94.6999969482422,39.2999992370605,0.938000023365021,71.1999969482422,6030,286.600006103516,109.800003051758,798,685,2
13.6700000762939,94.6999969482422,39.2999992370605,0.949000000953674,70.4000015258789,6089,293.399993896484,109.599998474121,798,685,2
13.8599996566772,94.6999969482422,39.2999992370605,0.970000028610229,73.6999969482422,6157,292.399993896484,109.5,798,686,2
13.8299999237061,94.6999969482422,39.2999992370605,0.952000021934509,72.6999969482422,6392,285.600006103516,109.400001525879,799,687,2
13.8599996566772,94.6999969482422,39.2999992370605,0.910000026226044,68.0999984741211,6433,302.200012207031,109.400001525879,799,688,2
13.5699996948242,94.6999969482422,39.2999992370605,0.898000001907349,65.1999969482422,6436,296.299987792969,109.099998474121,801,690,2
13.7299995422363,94.6999969482422,39.2999992370605,0.925000011920929,64.6999969482422,6462,283.700012207031,109.099998474121,801,691,2
13.4399995803833,94.6999969482422,39.2999992370605,0.925999999046326,63,6694,292.399993896484,109.400001525879,803,692,2
13.7399997711182,94.6999969482422,39.2999992370605,0.943000018596649,60.5999984741211,6694,290.5,109.800003051758,803,692,2
13.6300001144409,94.6999969482422,39.2999992370605,0.921999990940094,57.7999992370605,6815,297.299987792969,109.5,804,693,2
13.789999961853,94.6999969482422,39.2999992370605,0.938000023365021,57,6715,305.100006103516,109.400001525879,805,694,2
13.7200002670288,94.6999969482422,39.2999992370605,0.938000023365021,57.0999984741211,6805,302.200012207031,109.099998474121,805,696,2
13.4499998092651,94.6999969482422,39.2999992370605,0.939000010490417,55.2999992370605,6928,288.5,109.099998474121,807,697,2
13.8199996948242,94.8000030517578,39.2999992370605,0.941999971866608,51.0999984741211,6881,305.100006103516,109.099998474121,808,698,2
13.8699998855591,94.8000030517578,39.2999992370605,0.919000029563904,46.5,6893,294.399993896484,109.400001525879,810,699,2
13.8900003433228,94.8000030517578,39.2999992370605,0.934000015258789,43.5,6870,304.200012207031,109.599998474121,810,699,2
13.7299995422363,94.8000030517578,39.2999992370605,0.939000010490417,36.7999992370605,6974,309,109.599998474121,811,701,2
13.8100004196167,94.8000030517578,39.2999992370605,0.890999972820282,28.2000007629395,6802,303.200012207031,109.400001525879,812,701,2
13.8599996566772,94.8000030517578,39.2999992370605,0.870999991893768,23.2999992370605,6677,306.100006103516,109.400001525879,814,702,2
13.8900003433228,94.6999969482422,39.2999992370605,0.893999993801117,22.5,6610,300.299987792969,109.400001525879,816,703,2
13.7600002288818,94.8000030517578,39.2999992370605,0.885999977588654,21.8999996185303,6591,302.200012207031,109.099998474121,818,704,2
13.7299995422363,94.8000030517578,39.2999992370605,0.889999985694885,23,6541,289.5,109.099998474121,818,704,2
13.7399997711182,94.8000030517578,39.2999992370605,0.915000021457672,26.3999996185303,6517,294.399993896484,109.099998474121,818,704,2
13.9099998474121,94.8000030517578,39.2000007629395,0.940999984741211,27.5,6486,292.399993896484,109.800003051758,820,703,2
13.8900003433228,94.8000030517578,39.2000007629395,0.926999986171722,27.3999996185303,6370,285.600006103516,109.599998474121,821,703,2
13.6099996566772,94.8000030517578,39.2000007629395,0.885999977588654,23.8999996185303,6151,275.799987792969,109.400001525879,823,703,2
13.8000001907349,94.8000030517578,39.2000007629395,0.878000020980835,23.2999992370605,6160,287.600006103516,109.400001525879,825,702,2
13.8900003433228,94.8000030517578,39.2000007629395,0.879000008106232,22.2999992370605,6237,285.600006103516,109.400001525879,826,701,2
13.9099998474121,94.8000030517578,39.2000007629395,0.861000001430511,21.8999996185303,6050,287.600006103516,109.400001525879,826,702,2
13.6700000762939,94.8000030517578,39.2000007629395,0.861999988555908,22.2000007629395,5950,288.5,109.099998474121,828,701,2
13.7700004577637,94.8000030517578,39.2000007629395,0.873000025749207,22.7000007629395,5863,285.600006103516,109.400001525879,830,700,2
13.7299995422363,94.8000030517578,39.2000007629395,0.85699999332428,23.2999992370605,5648,271,109.599998474121,831,699,2
13.6599998474121,94.8000030517578,39.0999984741211,0.892000019550323,24.7999992370605,5285,268,109.5,833,698,2
13.8000001907349,94.8000030517578,39.0999984741211,1.1599999666214,25.8999996185303,5221,272.899993896484,109.400001525879,835,696,2
13.7299995422363,94.8000030517578,39.0999984741211,1.49899995326996,26.8999996185303,5015,270,109.099998474121,835,696,2
13.8000001907349,94.8000030517578,39.0999984741211,1.807000041008,27.8999996185303,4847,263.100006103516,109.099998474121,835,695,2
13.6599998474121,94.8000030517578,39.0999984741211,2.17600011825562,28.7999992370605,4691,261.200012207031,109.099998474121,835,694,2
13.710000038147,94.8000030517578,39.0999984741211,2.40000009536743,29.6000003814697,4514,248.5,109.099998474121,835,692,2
13.710000038147,94.8000030517578,39.0999984741211,2.40000009536743,29.7999992370605,4358,251.399993896484,109.800003051758,833,691,2
13.6400003433228,94.8000030517578,39.0999984741211,2.40000009536743,30.2999992370605,4201,244.600006103516,109.5,833,691,2
13.6499996185303,94.8000030517578,39.0999984741211,2.40000009536743,30.2999992370605,4027,235.800003051758,109.400001525879,830,688,2
13.5799999237061,94.8000030517578,39.0999984741211,2.40000009536743,31.1000003814697,3889,224.100006103516,109.400001525879,827,687,2
13.789999961853,94.8000030517578,39.0999984741211,2.40000009536743,31.8999996185303,3929,227,109.400001525879,827,687,2
13.8299999237061,94.8000030517578,39.0999984741211,2.40000009536743,32.9000015258789,3822,228,109.099998474121,824,684,1
13.6499996185303,94.8000030517578,39.0999984741211,2.33899998664856,32.2000007629395,3993,228,109.400001525879,819,682,1
13.789999961853,94.8000030517578,39.0999984741211,2.40000009536743,31.5,4135,231.899993896484,109.800003051758,814,679,1
13.8299999237061,94.8000030517578,39.0999984741211,2.40000009536743,31.5,4283,242.600006103516,109.5,810,677,1
13.7200002670288,94.8000030517578,39.0999984741211,1.65400004386902,31.6000003814697,4344,243.600006103516,109.400001525879,805,675,1
13.7200002670288,94.8000030517578,39.0999984741211,0.998000025749207,32.2000007629395,4059,234.800003051758,109.400001525879,805,675,1
13.4899997711182,94.8000030517578,39.0999984741211,0.915000021457672,34.4000015258789,4009,231.899993896484,109.099998474121,801,672,1
13.6499996185303,94.8000030517578,39.0999984741211,0.892000019550323,43.0999984741211,4062,226,109.400001525879,796,670,1
13.8000001907349,94.8000030517578,39.0999984741211,0.875999987125397,52.0999984741211,3970,232.899993896484,109.400001525879,793,667,1
13.4300003051758,94.8000030517578,39.0999984741211,0.935999989509583,57.2999992370605,4198,238.699996948242,109.599998474121,790,666,1
13.7700004577637,94.9000015258789,39.0999984741211,0.967000007629395,69.4000015258789,4697,256.299987792969,109.5,789,665,1
13.9200000762939,94.9000015258789,39.0999984741211,0.938000023365021,78.9000015258789,4378,253.399993896484,109.400001525879,787,664,1
13.9099998474121,94.9000015258789,39.0999984741211,0.907999992370605,67.6999969482422,4451,236.800003051758,109.099998474121,787,664,1
13.7299995422363,94.9000015258789,39.0999984741211,0.952000021934509,68.8000030517578,4850,247.5,109.400001525879,786,663,1
13.7700004577637,94.9000015258789,39.2000007629395,0.970000028610229,68.1999969482422,4933,255.300003051758,109.099998474121,786,662,1
13.8999996185303,94.9000015258789,39.2000007629395,0.962999999523163,59,4895,271,109.400001525879,786,662,1
13.710000038147,94.9000015258789,39.2000007629395,0.91100001335144,49.2000007629395,4892,270,109.5,785,662,1
13.8699998855591,94.9000015258789,39.2000007629395,0.888999998569489,53.5999984741211,4945,261.200012207031,109.800003051758,787,663,1
13.6499996185303,94.9000015258789,39.2000007629395,1.00899994373322,55.2000007629395,5167,263.100006103516,109.5,788,663,1
13.8299999237061,94.9000015258789,39.2000007629395,0.953999996185303,56,5235,268,109.400001525879,788,664,1
13.8999996185303,94.9000015258789,39.2000007629395,0.98199999332428,55.9000015258789,5163,275.799987792969,109.099998474121,789,665,1
13.8400001525879,95,39.2000007629395,0.943000018596649,56.5999984741211,5372,266.100006103516,109.099998474121,789,666,1
13.6099996566772,95,39.2000007629395,0.922999978065491,54.5,5447,272.899993896484,109.400001525879,791,666,1
13.7799997329712,95,39.2000007629395,0.943000018596649,54.4000015258789,5408,277.799987792969,109.400001525879,793,668,1
13.8900003433228,95,39.2000007629395,0.910000026226044,51.5999984741211,5486,283.700012207031,109.800003051758,794,668,1
13.8299999237061,95,39.2000007629395,0.916000008583069,47.0999984741211,5566,279.700012207031,109.400001525879,794,668,1
13.0299997329712,95,39.2000007629395,0.885999977588654,37.9000015258789,5341,281.700012207031,109.400001525879,796,669,1
12.8699998855591,95,39.2000007629395,0.878000020980835,33.4000015258789,5238,277.799987792969,109.099998474121,797,670,1
13.2700004577637,95,39.2000007629395,0.860000014305115,31.2000007629395,5160,266.100006103516,109.400001525879,799,671,1
13.3800001144409,95,39.2000007629395,0.834999978542328,30.2999992370605,5060,270,109.400001525879,800,672,1
13.3900003433228,95,39.2000007629395,0.819999992847443,30.1000003814697,5095,281.700012207031,109.400001525879,801,672,1
12.960000038147,95,39.2000007629395,0.811999976634979,30.2000007629395,5189,268,109.800003051758,801,672,1
13.4099998474121,95,39.2000007629395,0.819999992847443,33.7000007629395,5113,264.100006103516,109.599998474121,803,672,1
13.5299997329712,95,39.2000007629395,0.859000027179718,36.7999992370605,5129,277.799987792969,109.5,805,672,1
13.4200000762939,95,39.2000007629395,0.883000016212463,39.0999984741211,4898,269,109.400001525879,805,672,1
13.3500003814697,95,39.2000007629395,0.893999993801117,41.2999992370605,4916,275.799987792969,109.400001525879,807,671,1
13.2799997329712,95,39.2000007629395,0.90200001001358,42.5,4902,268,109.099998474121,807,671,1
13.5900001525879,95,39.2000007629395,0.903999984264374,43.0999984741211,4978,263.100006103516,109.400001525879,809,671,1
13.5900001525879,95,39.2000007629395,0.903999984264374,43.2999992370605,5042,270,109.599998474121,809,671,1
13.6400003433228,95,39.2000007629395,0.90200001001358,42.7999992370605,5013,270,109.599998474121,810,670,1
13.3500003814697,95.0999984741211,39.2000007629395,0.90200001001358,43.7999992370605,4807,255.300003051758,109.5,811,670,1
13.6099996566772,95.0999984741211,39.2000007629395,0.944000005722046,45.0999984741211,4876,257.299987792969,109.400001525879,813,670,1
13.6499996185303,95.0999984741211,39.2000007629395,0.949000000953674,46.2999992370605,4873,258.299987792969,109.400001525879,814,669,1
13.710000038147,95.0999984741211,39.2000007629395,0.958999991416931,47.0999984741211,4768,259.200012207031,109.400001525879,815,669,1
13.6099996566772,95.0999984741211,39.2000007629395,0.943000018596649,47.5999984741211,4743,252.399993896484,109.400001525879,815,669,1
13.4200000762939,95.0999984741211,39.2000007629395,0.950999975204468,47.7000007629395,4766,258.299987792969,109.099998474121,816,670,1
13.5900001525879,95.0999984741211,39.2000007629395,0.954999983310699,47.7000007629395,4786,261.200012207031,109.800003051758,817,669,1
13.6499996185303,95.0999984741211,39.2000007629395,0.948000013828278,47.5,4778,257.299987792969,109.5,819,670,1
13.710000038147,95.0999984741211,39.2000007629395,0.953999996185303,47,4829,258.299987792969,109.400001525879,820,670,1
13.5900001525879,95.0999984741211,39.2000007629395,0.934000015258789,45.9000015258789,4841,261.200012207031,109.400001525879,822,670,1
13.3400001525879,95.0999984741211,39.2000007629395,0.898000001907349,41.5999984741211,4888,271.899993896484,109.400001525879,823,670,1
13.5699996948242,95.0999984741211,39.2000007629395,0.878000020980835,37.0999984741211,4886,260.200012207031,109.400001525879,823,672,1
13.5900001525879,95.0999984741211,39.2000007629395,0.851999998092651,34.5999984741211,4852,253.399993896484,109.400001525879,825,672,1
13.6199998855591,95.0999984741211,39.2000007629395,0.827000021934509,33.4000015258789,4810,252.399993896484,109.400001525879,826,672,1
13.539999961853,95.0999984741211,39.2000007629395,0.791000008583069,32.5999984741211,4744,253.399993896484,110,827,672,1
13.5600004196167,95.0999984741211,39.2000007629395,0.774999976158142,39.5999984741211,4919,255.300003051758,109.5,828,672,1
13.5600004196167,95.0999984741211,39.2000007629395,0.865000009536743,47.0999984741211,4923,256.299987792969,109.400001525879,829,672,1
13.4799995422363,95.0999984741211,39.2000007629395,0.916999995708466,52.7000007629395,4949,258.299987792969,109.400001525879,830,672,1
13.5200004577637,95.0999984741211,39.2000007629395,0.980000019073486,55.7000007629395,5224,273.899993896484,109.400001525879,830,671,1
13.4099998474121,95.0999984741211,39.2000007629395,0.955999970436096,56.2999992370605,5087,260.200012207031,109.400001525879,830,671,1
13.4499998092651,95.0999984741211,39.2000007629395,0.915000021457672,57.2999992370605,5119,271.899993896484,109.400001525879,831,671,1
13.3599996566772,95.0999984741211,39.2000007629395,0.917999982833862,58.5999984741211,5351,285.600006103516,109.800003051758,832,671,1
13.6800003051758,95.0999984741211,39.2000007629395,0.916000008583069,60.2999992370605,5165,263.100006103516,109.5,832,671,1
13.6199998855591,95.0999984741211,39.2000007629395,0.945999979972839,62.7999992370605,5485,277.799987792969,109.5,833,671,1
13.6800003051758,95.0999984741211,39.2000007629395,0.945999979972839,66.4000015258789,5382,271.899993896484,109.5,833,671,1
13.2600002288818,95.0999984741211,39.2000007629395,0.930000007152557,67.5999984741211,5727,279.700012207031,109.099998474121,834,671,1
13.5299997329712,95.0999984741211,39.2000007629395,0.943000018596649,70.5999984741211,5745,286.600006103516,109.400001525879,834,672,1
13.5699996948242,95.0999984741211,39.2999992370605,0.96399998664856,73.1999969482422,5861,294.399993896484,109.400001525879,835,673,1
13.4200000762939,95.0999984741211,39.2999992370605,0.933000028133392,76.3000030517578,5974,301.200012207031,109.400001525879,835,673,1
13.460000038147,95.0999984741211,39.2999992370605,0.936999976634979,73.1999969482422,6180,289.5,110,836,674,1
13.5299997329712,95.0999984741211,39.2999992370605,0.959999978542328,73.9000015258789,6552,308.100006103516,109.5,836,674,1
13.4300003051758,95.0999984741211,39.2999992370605,0.943000018596649,72.3000030517578,6522,298.299987792969,109.5,836,675,1
13.460000038147,95.0999984741211,39.2999992370605,0.931999981403351,70,6856,300.299987792969,109.400001525879,837,676,1
13.539999961853,95.0999984741211,39.2999992370605,0.950999975204468,67.8000030517578,7027,309,109.400001525879,838,678,1
13.5600004196167,95.0999984741211,39.2999992370605,0.976000010967255,65.8000030517578,6927,313,109.400001525879,837,679,1
13.5900001525879,95.0999984741211,39.2999992370605,1.35899996757507,67.5999984741211,5547,278.799987792969,109.400001525879,838,681,2
13.6899995803833,95.0999984741211,39.2999992370605,1.84500002861023,82.4000015258789,5510,290.5,109.800003051758,839,681,2
13.460000038147,95.0999984741211,39.2999992370605,1.05599999427795,80.5,5430,275.799987792969,109.599998474121,839,682,2
13.6499996185303,95.0999984741211,39.2999992370605,1.00300002098083,80.1999969482422,5589,271.899993896484,109.5,838,683,2
13.3199996948242,95.0999984741211,39.2999992370605,0.991999983787537,78.0999984741211,5834,292.399993896484,109.400001525879,838,684,2
13.1199998855591,95.0999984741211,39.2999992370605,0.953999996185303,75.3000030517578,5950,286.600006103516,109.400001525879,837,686,2
13.4899997711182,95.0999984741211,39.2999992370605,0.970000028610229,72,5857,278.799987792969,109.400001525879,837,687,2
13.3800001144409,95.0999984741211,39.4000015258789,0.927999973297119,69.9000015258789,5967,282.700012207031,109.5,836,688,2
13.210000038147,95.0999984741211,39.4000015258789,0.920000016689301,68.1999969482422,6230,279.700012207031,109.5,836,688,2
13.3800001144409,95.0999984741211,39.4000015258789,0.916000008583069,65.9000015258789,6329,315.899993896484,109.800003051758,836,688,2
13.4499998092651,95.0999984741211,39.4000015258789,0.948000013828278,64.3000030517578,6418,300.299987792969,109.5,836,689,2
13.6800003051758,95.0999984741211,39.4000015258789,0.910000026226044,61.7999992370605,6345,306.100006103516,109.5,836,690,2
13.4200000762939,95.0999984741211,39.4000015258789,0.915000021457672,60.0999984741211,6571,294.399993896484,109.5,836,691,2
13.6599998474121,95.0999984741211,39.4000015258789,0.927999973297119,55.2000007629395,6651,292.399993896484,109.400001525879,836,692,2
13.6700000762939,95.0999984741211,39.4000015258789,0.953000009059906,54.0999984741211,6700,307.100006103516,109.5,836,694,2
13.5100002288818,95.0999984741211,39.4000015258789,0.962999999523163,52.5999984741211,6579,289.5,109.5,836,694,2
13.6499996185303,95.0999984741211,39.4000015258789,1.20799994468689,56.2999992370605,5516,278.799987792969,109.5,836,695,3
13.6899995803833,95.0999984741211,39.4000015258789,1.41999995708466,61,5722,275.799987792969,110,837,696,3
13.7299995422363,95.0999984741211,39.4000015258789,0.906000018119812,57.0999984741211,5470,289.5,109.599998474121,837,697,3
13.6899995803833,95.0999984741211,39.4000015258789,1.00300002098083,58.4000015258789,5660,294.399993896484,109.5,837,697,3
13.5699996948242,95.0999984741211,39.4000015258789,0.939999997615814,58.0999984741211,5525,282.700012207031,109.5,837,698,3
13.6899995803833,95.0999984741211,39.4000015258789,0.968999981880188,57.5,5543,279.700012207031,109.5,836,697,3
13.6300001144409,95,39.4000015258789,0.953999996185303,56.9000015258789,5721,292.399993896484,109.400001525879,837,698,3
13.7600002288818,95.0999984741211,39.4000015258789,0.957000017166138,56.5,5594,283.700012207031,109.5,836,699,3
13.6800003051758,95,39.4000015258789,0.958999991416931,53.2000007629395,5589,289.5,110.199996948242,837,699,3
13.5799999237061,95,39.4000015258789,0.97299998998642,52.5999984741211,5746,281.700012207031,109.800003051758,837,699,3
13.5600004196167,95,39.4000015258789,0.964999973773956,49.7999992370605,5736,281.700012207031,109.5,837,700,3
13.7299995422363,95,39.4000015258789,0.894999980926514,38.2999992370605,5606,292.399993896484,109.5,837,701,3
13.7299995422363,95,39.4000015258789,0.89300000667572,31.2999992370605,5593,278.799987792969,109.5,837,701,3
13.1800003051758,95,39.4000015258789,0.883000016212463,29.3999996185303,5521,271.899993896484,109.5,837,701,3
13.539999961853,95,39.4000015258789,0.878000020980835,28.6000003814697,5473,284.600006103516,109.5,839,701,3
13.6700000762939,95,39.4000015258789,0.865000009536743,29.5,5454,277.799987792969,109.800003051758,838,701,3
13.6999998092651,95,39.4000015258789,0.862999975681305,30.6000003814697,5360,273.899993896484,110,839,701,3
13.5600004196167,95,39.4000015258789,0.862999975681305,33.0999984741211,5461,285.600006103516,109.800003051758,840,701,3
13.4200000762939,95,39.4000015258789,0.871999979019165,34.5999984741211,5476,285.600006103516,109.5,841,700,3
13.5699996948242,95,39.4000015258789,0.888000011444092,36.7000007629395,5304,281.700012207031,109.5,841,700,3
13.6499996185303,95,39.4000015258789,0.890999972820282,37.0999984741211,5324,275.799987792969,109.5,842,700,3
13.4700002670288,95,39.2999992370605,0.889999985694885,37.5999984741211,5269,266.100006103516,109.5,842,699,3
13.7299995422363,94.9000015258789,39.2999992370605,0.883000016212463,37.4000015258789,5282,269,109.400001525879,843,698,3
13.6099996566772,94.9000015258789,39.2999992370605,0.887000024318695,37.0999984741211,5169,275.799987792969,110,844,696,3
13.5799999237061,94.9000015258789,39.2999992370605,0.888000011444092,38.2999992370605,5140,266.100006103516,109.800003051758,845,695,3
13.539999961853,94.9000015258789,39.2999992370605,0.89300000667572,38.7000007629395,5201,276.799987792969,109.599998474121,845,695,3
13.5900001525879,94.9000015258789,39.2999992370605,0.897000014781952,38.4000015258789,5164,262.200012207031,109.5,845,694,3
13.6400003433228,94.9000015258789,39.2999992370605,0.896000027656555,40.4000015258789,5080,276.799987792969,109.5,846,694,3
13.6599998474121,94.9000015258789,39.2999992370605,0.916000008583069,42.2000007629395,5060,269,109.5,847,693,3
13.6800003051758,94.9000015258789,39.2999992370605,0.908999979496002,43.2000007629395,5079,271,109.5,847,692,3
13.5900001525879,94.9000015258789,39.2999992370605,0.916999995708466,44.4000015258789,5124,273.899993896484,109.5,848,691,3
13.4300003051758,94.9000015258789,39.2999992370605,0.929000020027161,46.0999984741211,5089,265.100006103516,110,848,691,3
13.6800003051758,94.9000015258789,39.2999992370605,0.943000018596649,49.0999984741211,4991,272.899993896484,109.800003051758,848,691,3
13.4200000762939,94.9000015258789,39.2999992370605,0.939999997615814,52.2000007629395,4979,263.100006103516,109.5,849,691,3
13.3000001907349,94.8000030517578,39.2999992370605,0.977999985218048,53.2999992370605,5066,267.100006103516,109.5,850,690,3
13.6400003433228,94.9000015258789,39.2999992370605,0.947000026702881,53.2000007629395,4961,256.299987792969,109.599998474121,850,690,3
13.6499996185303,94.8000030517578,39.2999992370605,0.947000026702881,53.2999992370605,4990,257.299987792969,109.5,852,689,3
13.539999961853,94.8000030517578,39.2999992370605,0.948000013828278,53.5,4999,261.200012207031,109.5,852,690,3
13.5799999237061,94.8000030517578,39.2999992370605,0.938000023365021,53.7999992370605,5102,261.200012207031,109.800003051758,852,690,3
13.539999961853,94.8000030517578,39.2999992370605,0.949000000953674,53.2000007629395,5127,268,109.800003051758,852,690,3
13.6800003051758,94.8000030517578,39.2999992370605,0.955999970436096,52.7000007629395,5008,263.100006103516,109.800003051758,853,690,3
13.5,94.8000030517578,39.2999992370605,0.938000023365021,51.5999984741211,5010,271,109.5,854,690,3
13.6400003433228,94.8000030517578,39.2999992370605,0.957000017166138,51.2999992370605,4982,264.100006103516,109.5,854,690,3
13.4499998092651,94.8000030517578,39.2999992370605,0.936999976634979,49.2999992370605,5093,266.100006103516,109.5,855,690,3
13.6700000762939,94.8000030517578,39.2999992370605,0.944999992847443,45.5999984741211,5099,268,109.5,855,690,3
13.6899995803833,94.8000030517578,39.2999992370605,0.913999974727631,39.2000007629395,4979,268,109.5,855,690,3
13.6099996566772,94.8000030517578,39.2999992370605,0.888000011444092,35,4904,263.100006103516,110,855,690,3
13.5900001525879,94.8000030517578,39.2999992370605,0.853999972343445,33.2000007629395,4893,262.200012207031,109.599998474121,856,690,3
13.710000038147,94.8000030517578,39.2999992370605,0.814000010490417,32.2999992370605,4859,263.100006103516,109.5,856,690,3
13.7299995422363,94.8000030517578,39.2999992370605,0.795000016689301,32,4789,265.100006103516,109.5,856,690,2
13.6400003433228,94.8000030517578,39.2999992370605,0.878000020980835,31.1000003814697,4844,263.100006103516,109.5,857,690,2
13.6300001144409,94.8000030517578,39.2999992370605,1.29799997806549,30,4953,272.899993896484,109.5,857,690,2
13.6000003814697,94.8000030517578,39.2999992370605,1.58599996566772,29.3999996185303,5007,260.200012207031,109.5,856,689,2
13.6899995803833,94.8000030517578,39.2999992370605,1.87699997425079,28.7999992370605,5070,265.100006103516,110,856,687,2
13.5799999237061,94.8000030517578,39.2999992370605,2.30399990081787,28,5115,276.799987792969,109.800003051758,856,686,2
13.4200000762939,94.8000030517578,39.2999992370605,2.40000009536743,27.3999996185303,5138,279.700012207031,109.599998474121,852,684,2
13.5900001525879,94.8000030517578,39.2999992370605,2.40000009536743,27.6000003814697,5045,267.100006103516,109.5,849,682,2
13.4200000762939,94.8000030517578,39.2999992370605,2.40000009536743,28.2000007629395,4947,267.100006103516,109.5,844,682,2
13.6400003433228,94.8000030517578,39.2999992370605,2.40000009536743,28.5,4845,266.100006103516,109.400001525879,844,680,2
13.5200004577637,94.8000030517578,39.2999992370605,2.40000009536743,28.8999996185303,4735,262.200012207031,109.5,840,677,2
13.5500001907349,94.8000030517578,39.2999992370605,2.40000009536743,29.2999992370605,4654,255.300003051758,109.800003051758,835,675,2
13.4799995422363,94.8000030517578,39.2999992370605,2.40000009536743,29.2000007629395,4564,252.399993896484,110,829,672,2
13.6000003814697,94.6999969482422,39.2999992370605,2.40000009536743,29.2999992370605,4477,245.600006103516,109.599998474121,823,669,2
13.6000003814697,94.6999969482422,39.2999992370605,2.40000009536743,29.8999996185303,4388,247.5,109.599998474121,818,666,2
13.7299995422363,94.6999969482422,39.2999992370605,2.40000009536743,30,4291,244.600006103516,109.5,818,666,2
13.4499998092651,94.6999969482422,39.2999992370605,2.40000009536743,30,4199,239.699996948242,109.5,812,664,2
13.6599998474121,94.6999969482422,39.2000007629395,2.40000009536743,30.5,4102,240.699996948242,109.5,806,661,2
13.5900001525879,94.6999969482422,39.2000007629395,2.40000009536743,31.2000007629395,4269,239.699996948242,109.5,799,659,2
13.5500001907349,94.6999969482422,39.2000007629395,1.92900002002716,32.2999992370605,4152,239.699996948242,109.800003051758,794,656,2
13.4899997711182,94.6999969482422,39.2000007629395,1.08299994468689,43.7000007629395,3940,226,109.800003051758,789,653,1
13.5900001525879,94.6999969482422,39.2000007629395,2.3289999961853,42.9000015258789,4178,232.899993896484,109.599998474121,789,653,1
13.5799999237061,94.6999969482422,39.2000007629395,2.40000009536743,44.7000007629395,4336,239.699996948242,109.5,784,651,1
13.6000003814697,94.6999969482422,39.2000007629395,2.40000009536743,40,4685,257.299987792969,109.5,781,649,1
13.4200000762939,94.6999969482422,39.2000007629395,1.38300001621246,39.7999992370605,4835,261.200012207031,109.400001525879,777,647,1
13.3500003814697,94.6999969482422,39.2000007629395,1.05599999427795,50.7999992370605,4731,256.299987792969,109.5,771,645,1
13.6800003051758,94.6999969482422,39.2000007629395,0.934000015258789,55.5999984741211,4675,252.399993896484,109.800003051758,767,643,1
13.5500001907349,94.6999969482422,39.2000007629395,0.973999977111816,56.7999992370605,4774,257.299987792969,109.800003051758,765,643,1
13.5299997329712,94.6999969482422,39.2000007629395,1.00699996948242,61.7999992370605,4954,259.200012207031,109.599998474121,765,641,1
13.5,94.5999984741211,39.2000007629395,1.02400004863739,59.7000007629395,5204,266.100006103516,109.5,763,640,1
13.5799999237061,94.5999984741211,39.2000007629395,0.989000022411346,62.7999992370605,5274,265.100006103516,109.5,762,640,1
13.5100002288818,94.5999984741211,39.2000007629395,0.930999994277954,51,4925,266.100006103516,109.5,762,640,1
13.5600004196167,94.5999984741211,39.2000007629395,0.842000007629395,41.5,5070,266.100006103516,109.5,761,640,1
13.6300001144409,94.5999984741211,39.2000007629395,0.887000024318695,36.5,5079,276.799987792969,109.800003051758,763,641,1
13.4499998092651,94.5999984741211,39.2000007629395,0.889999985694885,33.7999992370605,4966,256.299987792969,109.800003051758,763,641,1
13.6099996566772,94.5999984741211,39.2000007629395,0.853999972343445,32.5999984741211,4913,256.299987792969,109.599998474121,763,642,1
13.6499996185303,94.5999984741211,39.2000007629395,0.828000009059906,32.0999984741211,4876,254.399993896484,109.5,765,642,1
13.5299997329712,94.5999984741211,39.2000007629395,0.820999979972839,31.5,4863,255.300003051758,109.5,766,643,1
13.5299997329712,94.5999984741211,39.2000007629395,0.818000018596649,31.3999996185303,4856,266.100006103516,109.5,767,643,1
13.6899995803833,94.5999984741211,39.2000007629395,0.804000020027161,32.5999984741211,4801,260.200012207031,109.5,769,643,1
13.6499996185303,94.5999984741211,39.2000007629395,0.810000002384186,33.7999992370605,4811,264.100006103516,109.5,769,643,1
13.6099996566772,94.5,39.2000007629395,0.843999981880188,34.5999984741211,4666,263.100006103516,110,771,643,1
13.460000038147,94.5,39.2000007629395,0.860000014305115,39.2000007629395,4733,260.200012207031,109.599998474121,772,643,1
13.5,94.5,39.2000007629395,0.943000018596649,45.7000007629395,4853,255.300003051758,109.5,774,642,1
13.710000038147,94.5,39.2000007629395,0.995999991893768,55.2999992370605,4893,271,109.5,775,642,1
13.6499996185303,94.5,39.2000007629395,0.995000004768372,61.5999984741211,4813,262.200012207031,109.5,777,642,1
13.6499996185303,94.5,39.2000007629395,1.00899994373322,70.6999969482422,5073,273.899993896484,109.5,779,642,1
13.1499996185303,94.5,39.2000007629395,1.00600004196167,79,5328,273.899993896484,109.5,779,642,1
13.6700000762939,94.4000015258789,39.2000007629395,0.981000006198883,82.5999984741211,5350,277.799987792969,110,781,642,1
13.5100002288818,94.4000015258789,39.2000007629395,0.89300000667572,86,5702,277.799987792969,110,783,643,1
13.4700002670288,94.4000015258789,39.2000007629395,0.947000026702881,85,6060,288.5,109.5,784,644,1
13.6000003814697,94.4000015258789,39.2000007629395,0.910000026226044,84.3000030517578,6210,292.399993896484,109.5,786,645,1
13.4799995422363,94.4000015258789,39.2999992370605,0.939000010490417,83.3000030517578,6347,305.100006103516,109.5,788,646,1
13.5799999237061,94.4000015258789,39.2999992370605,0.922999978065491,82.5999984741211,6429,296.299987792969,109.5,788,646,1
13.6099996566772,94.4000015258789,39.2999992370605,0.926999986171722,76.5,6492,296.299987792969,109.5,788,646,1
13.5299997329712,94.3000030517578,39.2999992370605,0.938000023365021,73.6999969482422,6067,279.700012207031,109.5,789,648,1
13.5900001525879,94.3000030517578,39.2999992370605,1.57099997997284,80.6999969482422,5197,280.700012207031,109.599998474121,790,650,2
13.1700000762939,94.3000030517578,39.2999992370605,1.2150000333786,83,5299,272.899993896484,109.800003051758,792,651,2
13.6000003814697,94.3000030517578,39.2999992370605,0.967999994754791,76.5,5439,271.899993896484,109.5,793,653,2
13.5,94.1999969482422,39.2999992370605,1.00199997425079,66.0999984741211,5247,272.899993896484,109.5,794,654,2
13.6499996185303,94.1999969482422,39.2999992370605,0.879999995231628,48.9000015258789,5375,271.899993896484,109.5,794,654,2
13.5799999237061,94.1999969482422,39.2999992370605,0.869000017642975,38.2999992370605,5295,274.899993896484,109.5,794,655,2
13.6300001144409,94.1999969482422,39.2999992370605,0.878000020980835,33.5999984741211,5285,274.899993896484,109.5,794,657,2
13.6499996185303,94.1999969482422,39.2999992370605,0.866999983787537,30.7000007629395,5231,273.899993896484,109.599998474121,794,658,2
13.5,94.1999969482422,39.2999992370605,0.832000017166138,29.7999992370605,5143,270,110,794,659,2
13.3400001525879,94.1999969482422,39.2999992370605,0.818000018596649,29.6000003814697,5181,265.100006103516,109.800003051758,795,659,2
13.5100002288818,94.1999969482422,39.2999992370605,0.811999976634979,29,5156,263.100006103516,109.5,795,660,2
13.4499998092651,94.0999984741211,39.2999992370605,0.814000010490417,29,5023,271,109.5,795,660,2
13.3500003814697,94.0999984741211,39.2999992370605,0.797999978065491,30.2999992370605,4967,269,109.5,796,660,2
13.6499996185303,94.0999984741211,39.2999992370605,0.811999976634979,32.5,5045,275.799987792969,109.5,797,659,2
13.6199998855591,94.0999984741211,39.2999992370605,0.828999996185303,35.7000007629395,5149,271,109.5,798,659,2
13.5299997329712,94.0999984741211,39.2999992370605,0.869000017642975,39.5999984741211,4932,267.100006103516,110,798,659,2
13.3800001144409,94.0999984741211,39.2999992370605,0.897000014781952,43.7000007629395,5100,269,110,800,658,2
13.6499996185303,94.0999984741211,39.2999992370605,0.950999975204468,50.2999992370605,4967,268,109.599998474121,800,658,2
13.5,94.0999984741211,39.2999992370605,0.986000001430511,56.0999984741211,4983,266.100006103516,109.5,800,657,2
13.3199996948242,94.0999984741211,39.2999992370605,0.986000001430511,60.0999984741211,5162,279.700012207031,109.5,801,657,2
13.3599996566772,94.0999984741211,39.2999992370605,0.987999975681305,63.5,4949,269,109.5,803,656,2
13.6499996185303,94.0999984741211,39.2999992370605,0.976000010967255,66.8000030517578,4971,263.100006103516,109.5,803,656,2
13.6099996566772,94.0999984741211,39.2999992370605,1.01800000667572,67.4000015258789,5023,257.299987792969,109.800003051758,805,656,2
13.6599998474121,94.0999984741211,39.2999992370605,0.998000025749207,68,5133,262.200012207031,110.199996948242,807,656,2
13.4899997711182,94,39.2999992370605,0.986000001430511,68.0999984741211,5035,270,109.800003051758,807,657,2
13.5200004577637,94,39.2999992370605,0.927999973297119,67.0999984741211,5175,280.700012207031,109.5,808,657,2
13.6300001144409,94,39.2999992370605,0.958000004291534,63.7999992370605,5399,267.100006103516,109.5,809,658,2
13.5,94,39.2999992370605,0.906000018119812,63.5,5272,275.799987792969,109.5,810,659,2
13.6499996185303,94,39.2999992370605,0.938000023365021,60,5439,268,109.5,812,660,2
13.6899995803833,94,39.2999992370605,0.896000027656555,54.5999984741211,5271,282.700012207031,109.599998474121,813,661,2
13.5799999237061,94,39.2999992370605,0.903999984264374,51.7000007629395,5499,283.700012207031,110,813,661,2
13.5699996948242,93.9000015258789,39.2999992370605,0.921000003814697,49.9000015258789,5423,280.700012207031,110,814,662,2
13.4700002670288,93.9000015258789,39.2999992370605,0.941999971866608,49,5444,275.799987792969,109.800003051758,815,662,2
13.5100002288818,93.9000015258789,39.2999992370605,0.958000004291534,47.5,5398,283.700012207031,109.599998474121,816,663,2
13.6099996566772,93.9000015258789,39.2999992370605,0.931999981403351,47.7999992370605,5395,290.5,109.599998474121,817,664,2
13.460000038147,93.9000015258789,39.2999992370605,0.926999986171722,46.9000015258789,5241,276.799987792969,109.599998474121,818,665,2
13.3400001525879,93.9000015258789,39.2999992370605,0.936999976634979,48.7000007629395,5246,282.700012207031,109.5,818,665,2
13.6599998474121,93.8000030517578,39.2999992370605,0.964999973773956,50.2000007629395,5277,264.100006103516,109.5,819,665,2
13.5799999237061,93.8000030517578,39.2999992370605,0.962000012397766,51,5324,274.899993896484,110,819,666,2
13.6300001144409,93.8000030517578,39.2999992370605,0.947000026702881,54.7999992370605,5408,276.799987792969,110,821,666,2
13.539999961853,93.8000030517578,39.2999992370605,0.973999977111816,59.2999992370605,5349,278.799987792969,109.599998474121,821,667,2
13.5100002288818,93.6999969482422,39.2999992370605,0.973999977111816,63.9000015258789,5692,274.899993896484,109.5,823,667,2
13.5799999237061,93.6999969482422,39.2999992370605,0.940999984741211,72.6999969482422,5506,279.700012207031,109.599998474121,823,667,2
13.3699998855591,93.6999969482422,39.2999992370605,0.934000015258789,70.5999984741211,5707,290.5,109.5,823,668,2
13.6099996566772,93.6999969482422,39.2999992370605,0.930999994277954,69.6999969482422,5834,273.899993896484,109.5,824,669,2
13.5900001525879,93.6999969482422,39.2999992370605,0.920000016689301,71.8000030517578,5626,292.399993896484,109.5,825,670,2
13.5,93.6999969482422,39.2999992370605,0.962000012397766,68.1999969482422,5775,275.799987792969,110.199996948242,826,670,2
13.6300001144409,93.5999984741211,39.2999992370605,0.949999988079071,67.0999984741211,6064,287.600006103516,109.800003051758,827,671,2
13.5100002288818,93.5999984741211,39.2999992370605,0.939000010490417,65.8000030517578,6100,287.600006103516,109.599998474121,827,672,2
13.6499996185303,93.5999984741211,39.2999992370605,0.96399998664856,64.5,6190,288.5,109.5,827,672,2
13.3000001907349,93.5999984741211,39.2999992370605,0.938000023365021,62.2999992370605,6186,287.600006103516,109.599998474121,828,674,2
13.3400001525879,93.5999984741211,39.2999992370605,0.903999984264374,54.5,6207,295.399993896484,109.599998474121,829,674,2
13.6499996185303,93.5999984741211,39.2999992370605,0.925999999046326,52.5,6128,285.600006103516,109.599998474121,830,675,2
13.6700000762939,93.5999984741211,39.2999992370605,0.935000002384186,51.0999984741211,6145,279.700012207031,110.199996948242,830,676,2
13.4499998092651,93.5999984741211,39.2999992370605,0.967000007629395,50.7000007629395,6142,295.399993896484,110,831,678,2
13.539999961853,93.5999984741211,39.2999992370605,0.954999983310699,50.2999992370605,6151,295.399993896484,109.800003051758,831,678,2
13.5500001907349,93.5,39.2999992370605,0.955999970436096,49.9000015258789,6335,297.299987792969,109.599998474121,831,678,2
13.2700004577637,93.5,39.2999992370605,0.976000010967255,49.7999992370605,6313,295.399993896484,109.5,832,679,2
13.5,93.5,39.2999992370605,0.966000020503998,49.7999992370605,6335,281.700012207031,109.599998474121,832,680,2
13.6199998855591,93.5,39.2999992370605,0.952000021934509,49.4000015258789,6211,289.5,109.599998474121,833,681,2
13.5799999237061,93.5,39.2999992370605,0.989000022411346,49.7000007629395,6207,297.299987792969,109.599998474121,833,682,2
13.539999961853,93.5,39.2999992370605,0.955999970436096,49.2000007629395,6359,292.399993896484,110.199996948242,834,683,2
13.5799999237061,93.5,39.2999992370605,0.966000020503998,46.7000007629395,6333,300.299987792969,109.800003051758,834,683,2
13.5299997329712,93.4000015258789,39.2999992370605,0.971000015735626,45.0999984741211,6246,278.799987792969,109.599998474121,835,683,2
13.6300001144409,93.4000015258789,39.2999992370605,0.967000007629395,45.2999992370605,6286,295.399993896484,109.599998474121,836,685,2
13.5699996948242,93.4000015258789,39.2999992370605,0.986000001430511,46.2999992370605,6412,295.399993896484,109.599998474121,837,685,2
13.6700000762939,93.4000015258789,39.2999992370605,0.976000010967255,47.7000007629395,6334,301.200012207031,109.5,837,686,2
13.5,93.4000015258789,39.2999992370605,0.975000023841858,48,6192,279.700012207031,109.599998474121,838,687,2
13.5600004196167,93.4000015258789,39.2999992370605,0.962999999523163,47.9000015258789,6272,298.299987792969,110.199996948242,840,687,2
13.6099996566772,93.4000015258789,39.2999992370605,0.972000002861023,48.7000007629395,6224,287.600006103516,110,840,688,2
13.3999996185303,93.4000015258789,39.2999992370605,0.964999973773956,48.0999984741211,6405,295.399993896484,109.599998474121,840,689,2
13.5799999237061,93.4000015258789,39.2999992370605,0.959999978542328,47.7000007629395,6376,279.700012207031,109.599998474121,841,690,2
13.5600004196167,93.3000030517578,39.2999992370605,0.949999988079071,48.0999984741211,6193,294.399993896484,109.599998474121,842,690,2
13.5699996948242,93.3000030517578,39.2999992370605,0.986000001430511,48.7000007629395,6238,302.200012207031,109.599998474121,843,691,2
13.539999961853,93.3000030517578,39.2999992370605,0.96399998664856,47.5999984741211,6325,291.5,109.5,844,692,2
13.5500001907349,93.3000030517578,39.2999992370605,0.970000028610229,45,6306,303.200012207031,109.599998474121,844,692,2
13.6400003433228,93.3000030517578,39.2999992370605,0.962999999523163,43.0999984741211,6312,283.700012207031,110.199996948242,844,692,2
13.6700000762939,93.3000030517578,39.2999992370605,0.935000002384186,34.5999984741211,6118,289.5,109.800003051758,846,693,2
13.5,93.3000030517578,39.2999992370605,0.879999995231628,27.3999996185303,6080,301.200012207031,109.599998474121,847,693,2
13.5799999237061,93.3000030517578,39.2999992370605,0.892000019550323,24.6000003814697,6004,301.200012207031,109.599998474121,847,694,2
13.6099996566772,93.1999969482422,39.2999992370605,0.887000024318695,24.2000007629395,5914,300.299987792969,109.599998474121,848,695,2
13.5900001525879,93.1999969482422,39.2999992370605,0.887000024318695,28,6064,294.399993896484,109.599998474121,849,695,2
13.6400003433228,93.1999969482422,39.2999992370605,0.860000014305115,34.5999984741211,6118,306.100006103516,109.599998474121,849,695,2
13.5,93.1999969482422,39.2999992370605,0.947000026702881,37.2999992370605,5894,300.299987792969,110.199996948242,849,694,2
13.539999961853,93.0999984741211,39.2999992370605,0.994000017642975,47.0999984741211,6035,306.100006103516,109.800003051758,851,694,2
13.6700000762939,93.0999984741211,39.2999992370605,0.980000019073486,55.4000015258789,6001,300.299987792969,109.599998474121,852,693,2
13.6099996566772,93.0999984741211,39.2999992370605,0.958999991416931,56.5999984741211,6041,300.299987792969,109.599998474121,852,693,2
13.5,93.0999984741211,39.2999992370605,0.925000011920929,57.7999992370605,6051,290.5,109.599998474121,853,693,2
13.1400003433228,93,39.2999992370605,0.955999970436096,64.1999969482422,6119,289.5,109.599998474121,854,693,2
13.6000003814697,93.0999984741211,39.2999992370605,0.949999988079071,68.0999984741211,6080,294.399993896484,109.599998474121,855,693,2
13.460000038147,93,39.2999992370605,0.953000009059906,66.5999984741211,6211,296.299987792969,110.199996948242,855,693,2
13.5900001525879,93,39.2999992370605,0.955999970436096,73.3000030517578,6181,300.299987792969,110,856,693,2
13.4399995803833,93,39.2999992370605,0.934000015258789,75.3000030517578,6403,295.399993896484,109.800003051758,856,693,2
13.5,93,39.2999992370605,0.944000005722046,74.5999984741211,6555,299.299987792969,109.599998474121,857,694,2
13.5,93,39.2999992370605,0.921000003814697,70.6999969482422,6543,300.299987792969,109.599998474121,857,694,2
13.6099996566772,93,39.2999992370605,0.933000028133392,67.6999969482422,6777,297.299987792969,109.599998474121,858,695,2
13.5299997329712,92.9000015258789,39.2999992370605,0.940999984741211,66.5,6838,301.200012207031,109.599998474121,858,695,2
13.4799995422363,92.9000015258789,39.2999992370605,0.96399998664856,66.4000015258789,7000,286.600006103516,109.599998474121,858,696,2
13.5900001525879,92.9000015258789,39.2999992370605,0.99099999666214,65.6999969482422,6910,301.200012207031,110.400001525879,858,697,2
13.6999998092651,92.9000015258789,39.2999992370605,0.949999988079071,55.2999992370605,7084,306.100006103516,109.800003051758,858,698,2
13.2399997711182,92.9000015258789,39.2999992370605,0.935000002384186,43.5,7133,298.299987792969,109.800003051758,859,699,2
13.6300001144409,92.9000015258789,39.2999992370605,0.890999972820282,38.5,7059,294.399993896484,109.599998474121,859,700,2
13.539999961853,92.9000015258789,39.2999992370605,0.926999986171722,30.7999992370605,6929,302.200012207031,109.599998474121,859,702,2
13.6099996566772,92.9000015258789,39.2999992370605,0.884999990463257,23.8999996185303,6832,295.399993896484,109.599998474121,859,702,2
13.5799999237061,92.9000015258789,39.2999992370605,0.862999975681305,21.2000007629395,6722,285.600006103516,109.599998474121,859,703,2
13.6899995803833,92.9000015258789,39.2999992370605,0.875,20.3999996185303,6721,295.399993896484,110.199996948242,859,703,2
13.5699996948242,92.8000030517578,39.2999992370605,0.879000008106232,19.7000007629395,6740,291.5,109.800003051758,859,704,2
13.4200000762939,92.9000015258789,39.2999992370605,0.883000016212463,19.6000003814697,6557,299.299987792969,109.599998474121,859,704,2
13.5299997329712,92.8000030517578,39.2999992370605,0.875,19.2999992370605,6402,296.299987792969,109.599998474121,859,704,2
13.3900003433228,92.8000030517578,39.2999992370605,0.865000009536743,19.7999992370605,6255,291.5,109.599998474121,859,703,2
13.5500001907349,92.8000030517578,39.2999992370605,0.870999991893768,20.8999996185303,6096,285.600006103516,109.5,860,703,2
13.460000038147,92.8000030517578,39.2999992370605,0.873000025749207,21.5,6028,292.399993896484,109.599998474121,859,702,2
13.4700002670288,92.8000030517578,39.2999992370605,0.883000016212463,22.2000007629395,5965,289.5,110,860,701,2
13.5799999237061,92.8000030517578,39.2999992370605,0.883000016212463,24.1000003814697,5878,289.5,110.199996948242,861,699,2
13.5,92.8000030517578,39.2999992370605,0.90200001001358,26.8999996185303,5867,295.399993896484,109.599998474121,861,697,2
13.4700002670288,92.8000030517578,39.2999992370605,0.926999986171722,35.5,5817,284.600006103516,109.599998474121,861,695,2
13.5600004196167,92.8000030517578,39.2999992370605,0.892000019550323,42.2999992370605,5870,286.600006103516,109.599998474121,861,695,2
13.6000003814697,92.8000030517578,39.2999992370605,0.949000000953674,48.5999984741211,5769,283.700012207031,109.599998474121,862,694,2
13.6099996566772,92.8000030517578,39.2999992370605,1.00199997425079,57.0999984741211,5790,287.600006103516,109.599998474121,864,693,2
13.6300001144409,92.8000030517578,39.2999992370605,0.962000012397766,60.5999984741211,6008,280.700012207031,109.599998474121,864,691,2
13.7200002670288,92.8000030517578,39.2999992370605,0.990000009536743,68.8000030517578,6176,274.899993896484,110.199996948242,864,690,2
13.5,92.6999969482422,39.2999992370605,0.921999990940094,69.9000015258789,6056,297.299987792969,110,865,690,2
13.5900001525879,92.6999969482422,39.2999992370605,0.955999970436096,72.5999984741211,6111,295.399993896484,109.599998474121,865,690,2
13.5,92.6999969482422,39.2999992370605,0.952000021934509,77.0999984741211,6162,278.799987792969,109.599998474121,865,690,2
13.4399995803833,92.6999969482422,39.2999992370605,0.961000025272369,78.3000030517578,6568,287.600006103516,109.599998474121,866,690,2
13.6099996566772,92.6999969482422,39.2999992370605,0.941999971866608,80.8000030517578,6388,301.200012207031,109.599998474121,866,690,2
13.6700000762939,92.6999969482422,39.2999992370605,0.977999985218048,79.1999969482422,6718,303.200012207031,109.599998474121,866,691,2
13.5900001525879,92.6999969482422,39.2999992370605,0.935999989509583,79.6999969482422,6573,312,110.199996948242,866,691,2
13.5900001525879,92.5999984741211,39.2999992370605,0.970000028610229,79,6790,289.5,110,866,692,2
13.6400003433228,92.5999984741211,39.2999992370605,0.944999992847443,73.5999984741211,6672,299.299987792969,109.800003051758,866,692,2
13.5299997329712,92.5999984741211,39.4000015258789,0.927999973297119,55.2000007629395,6683,300.299987792969,109.599998474121,866,693,2
13.5500001907349,92.5999984741211,39.4000015258789,0.86599999666214,32.5,6680,301.200012207031,109.5,866,695,2
13.5600004196167,92.5999984741211,39.4000015258789,0.820999979972839,23,6410,288.5,109.599998474121,865,696,2
13.5200004577637,92.5999984741211,39.4000015258789,0.873000025749207,20.8999996185303,6012,297.299987792969,109.599998474121,866,697,2
13.4200000762939,92.5999984741211,39.4000015258789,0.857999980449677,22.2999992370605,5523,271.899993896484,110,865,699,2
13.5,92.5999984741211,39.4000015258789,0.940999984741211,24.7999992370605,5263,266.100006103516,110.199996948242,864,699,2
13.5600004196167,92.5999984741211,39.4000015258789,1.01900005340576,26.3999996185303,4954,267.100006103516,109.800003051758,864,699,2
13.5799999237061,92.5,39.4000015258789,1.47699999809265,28.1000003814697,4670,259.200012207031,109.599998474121,865,699,2
13.5900001525879,92.5,39.4000015258789,1.82099997997284,29.3999996185303,4450,246.5,109.599998474121,864,698,2
13.5900001525879,92.5,39.4000015258789,2.17899990081787,30.1000003814697,4484,254.399993896484,109.5,863,697,2
13.5799999237061,92.5,39.4000015258789,2.03999996185303,31,4409,244.600006103516,109.599998474121,862,695,-2
13.6099996566772,92.5,39.2999992370605,1.11699998378754,31.7999992370605,4242,254.399993896484,109.599998474121,860,693,1
13.6499996185303,92.5,39.2999992370605,1.90799999237061,31.1000003814697,4455,247.5,110.199996948242,860,694,1
13.5900001525879,92.5,39.2999992370605,2.40000009536743,30.6000003814697,4632,258.299987792969,109.800003051758,857,691,1
13.6599998474121,92.5,39.2999992370605,2.40000009536743,30.7000007629395,4903,270,109.599998474121,855,690,1
13.5799999237061,92.5,39.2999992370605,1.69700002670288,31,4797,264.100006103516,109.5,852,687,1
13.2700004577637,92.5,39.2999992370605,1.18700003623962,31.3999996185303,4545,258.299987792969,109.5,848,685,1
13.6199998855591,92.5,39.2999992370605,1.15199995040894,32.2000007629395,4567,248.5,109.599998474121,845,683,1
13.7799997329712,92.5,39.2999992370605,1.18400001525879,32.0999984741211,4450,252.399993896484,109.5,842,683,1
13.8100004196167,92.5,39.2999992370605,1.16700005531311,31.8999996185303,4355,243.600006103516,109.800003051758,842,681,1
13.5799999237061,92.5,39.2999992370605,1.49500000476837,32.9000015258789,4274,237.800003051758,110.199996948242,840,680,1
13.75,92.4000015258789,39.2999992370605,1.34899997711182,34.0999984741211,4192,235.800003051758,109.599998474121,837,678,1
13.7399997711182,92.5,39.2999992370605,1.58599996566772,41.2000007629395,4085,237.800003051758,109.5,836,677,1
13.7299995422363,92.4000015258789,39.2999992370605,2.17600011825562,43.4000015258789,3978,236.800003051758,109.5,835,677,1
13.7700004577637,92.4000015258789,39.2999992370605,2.40000009536743,46.2000007629395,3862,224.100006103516,109.599998474121,834,675,1
13.5500001907349,92.4000015258789,39.2999992370605,2.40000009536743,49.7000007629395,3784,231.899993896484,109.5,834,675,1
13.710000038147,92.4000015258789,39.2999992370605,2.40000009536743,52.9000015258789,3691,227,109.5,831,674,1
13.6700000762939,92.4000015258789,39.2999992370605,2.40000009536743,55.4000015258789,3659,223.100006103516,110,828,672,1
13.6400003433228,92.4000015258789,39.2999992370605,2.40000009536743,61.2000007629395,3477,222.100006103516,110,825,670,1
13.6400003433228,92.4000015258789,39.2999992370605,2.40000009536743,66.6999969482422,3636,226,109.599998474121,820,668,1
13.6000003814697,92.4000015258789,39.2999992370605,1.77199995517731,71.4000015258789,4222,233.800003051758,109.599998474121,815,665,1
13.2200002670288,92.4000015258789,39.2999992370605,1.27400004863739,73,3708,225.100006103516,109.5,815,665,1
13.6999998092651,92.4000015258789,39.2999992370605,1.07099997997284,64.6999969482422,4120,239.699996948242,109.5,810,662,1
13.4300003051758,92.4000015258789,39.2999992370605,0.962000012397766,67.0999984741211,4001,244.600006103516,109.5,806,661,1
13.5299997329712,92.4000015258789,39.2999992370605,0.97299998998642,50.5,4249,244.600006103516,109.5,802,659,1
13.6599998474121,92.4000015258789,39.2999992370605,0.879999995231628,42,4191,242.600006103516,110,799,658,1
13.5900001525879,92.3000030517578,39.2999992370605,0.899999976158142,37.5999984741211,4281,239.699996948242,109.800003051758,797,657,1
13.6599998474121,92.3000030517578,39.2999992370605,0.903999984264374,34.4000015258789,4040,236.800003051758,109.599998474121,795,657,1
13.539999961853,92.3000030517578,39.2999992370605,1.12999999523163,34.5,3823,228,109.5,795,657,1
13.7399997711182,92.3000030517578,39.2999992370605,1.125,32.0999984741211,4367,232.899993896484,109.5,794,656,1
13.6800003051758,92.3000030517578,39.2999992370605,0.901000022888184,31.7000007629395,4354,246.5,109.5,793,656,1
13.5900001525879,92.3000030517578,39.2999992370605,0.865000009536743,32.0999984741211,4037,223.100006103516,109.5,792,655,1
13.5600004196167,92.3000030517578,39.2999992370605,0.85699999332428,33.0999984741211,3970,236.800003051758,109.800003051758,791,655,1
13.1400003433228,92.3000030517578,39.2999992370605,0.865000009536743,32.9000015258789,4103,241.699996948242,110,791,654,1
13.7299995422363,92.3000030517578,39.2999992370605,0.85699999332428,32.5,4090,237.800003051758,109.599998474121,792,655,1
13.6899995803833,92.3000030517578,39.2999992370605,0.861999988555908,33.0999984741211,3947,234.800003051758,109.5,791,654,1
13.2799997329712,92.3000030517578,39.2999992370605,0.861000001430511,33.7000007629395,3981,233.800003051758,109.5,791,654,1
13.6199998855591,92.3000030517578,39.2999992370605,0.856000006198883,33.5999984741211,3980,222.100006103516,109.5,791,653,1
13.6499996185303,92.1999969482422,39.2999992370605,0.875999987125397,34.2999992370605,3868,234.800003051758,109.5,791,652,1
13.6700000762939,92.1999969482422,39.2999992370605,0.879000008106232,34.7000007629395,3866,229.899993896484,109.5,791,651,1
13.539999961853,92.1999969482422,39.2999992370605,0.88400000333786,34.5,3926,229.899993896484,110,792,650,1
13.6999998092651,92.1999969482422,39.2999992370605,0.882000029087067,35.2000007629395,3824,226,109.800003051758,793,650,1
13.5,92.1999969482422,39.2999992370605,0.889999985694885,35.7999992370605,3770,220.199996948242,109.599998474121,793,650,1
13.5799999237061,92.1999969482422,39.2999992370605,0.904999971389771,36.5999984741211,3723,214.300003051758,109.5,793,649,1
13.5900001525879,92.1999969482422,39.2999992370605,0.899999976158142,37.7000007629395,3644,222.100006103516,109.5,794,647,1
13.4700002670288,92.1999969482422,39.2999992370605,0.889999985694885,38.5999984741211,3630,216.300003051758,109.5,794,647,1
13.4799995422363,92.1999969482422,39.2999992370605,0.892000019550323,38.9000015258789,3630,220.199996948242,109.5,794,647,1
13.6499996185303,92.1999969482422,39.2999992370605,0.915000021457672,39,3685,217.199996948242,109.400001525879,795,645,1
13.6300001144409,92.1999969482422,39.2999992370605,0.927999973297119,38.9000015258789,3688,213.300003051758,110,795,645,1
13.6700000762939,92.1999969482422,39.2999992370605,0.931999981403351,39.0999984741211,3652,210.399993896484,109.800003051758,796,645,1
13.5900001525879,92.1999969482422,39.2999992370605,0.920000016689301,39.5999984741211,3639,221.199996948242,109.5,797,644,1
13.5699996948242,92.0999984741211,39.2999992370605,0.926999986171722,39.7000007629395,3626,219.199996948242,109.5,797,643,1
13.5200004577637,92.0999984741211,39.2999992370605,0.931999981403351,39.9000015258789,3609,216.300003051758,109.5,797,642,1
13.710000038147,92.0999984741211,39.2999992370605,0.933000028133392,40,3553,211.399993896484,109.5,798,642,1
13.5699996948242,92.0999984741211,39.2999992370605,0.940999984741211,40.2000007629395,3531,214.300003051758,109.5,798,642,1
13.0600004196167,92,39.2999992370605,0.931999981403351,40.5,3400,207.5,110,798,641,1
13.4399995803833,92,39.2999992370605,0.924000024795532,40.7000007629395,3129,202.600006103516,109.800003051758,799,640,1
13.4799995422363,92,39.2999992370605,0.892000019550323,41.9000015258789,3054,200.600006103516,109.599998474121,799,639,1
13.5100002288818,92,39.2999992370605,0.879000008106232,42.2000007629395,2774,196.699996948242,109.5,800,639,1
13.5200004577637,92,39.2999992370605,0.903999984264374,45.5999984741211,2664,200.600006103516,109.5,801,638,1
13.4200000762939,91.9000015258789,39.2999992370605,0.935000002384186,47.2999992370605,2735,200.600006103516,109.5,801,638,1
13.4200000762939,91.9000015258789,39.2999992370605,0.981000006198883,48.2999992370605,2712,193.800003051758,109.5,801,637,1
13.4799995422363,91.9000015258789,39.2999992370605,0.986999988555908,52.9000015258789,2619,194.800003051758,109.5,801,637,1
13.4899997711182,91.9000015258789,39.2999992370605,0.975000023841858,58.5,2360,190.899993896484,110,801,636,1
13.4499998092651,91.9000015258789,39.2999992370605,0.930999994277954,64.1999969482422,2277,186,109.800003051758,801,635,1
13.4399995803833,91.8000030517578,39.2999992370605,0.889999985694885,67.1999969482422,2278,186,109.599998474121,801,635,1
13.3599996566772,91.8000030517578,39.2999992370605,0.893999993801117,69.3000030517578,2224,181.100006103516,109.5,801,635,1
13.4399995803833,91.8000030517578,39.2999992370605,0.856000006198883,70.5999984741211,1991,153.800003051758,109.5,801,634,1
13.3900003433228,91.6999969482422,39.2999992370605,0.805999994277954,74.0999984741211,2416,164.5,109.5,801,634,1
13.2799997329712,91.6999969482422,39.2999992370605,0.810000002384186,77.6999969482422,2400,156.699996948242,109.5,800,632,1
13.1700000762939,91.6999969482422,39.2999992370605,0.804000020027161,84.4000015258789,2359,155.699996948242,109.800003051758,800,632,1
13.3999996185303,91.6999969482422,39.2999992370605,0.783999979496002,83.5,1917,161.600006103516,109.599998474121,799,631,1
13.4099998474121,91.6999969482422,39.2999992370605,0.788999974727631,79.8000030517578,2655,196.699996948242,109.599998474121,798,631,1
13.3599996566772,91.6999969482422,39.2999992370605,0.773000001907349,61.5,3727,230.899993896484,109.5,797,631,1
13.3699998855591,91.6999969482422,39.2999992370605,0.694000005722046,46.7999992370605,4433,238.699996948242,109.5,797,630,1
13.4700002670288,91.5999984741211,39.2999992370605,0.777999997138977,40.2999992370605,4713,259.200012207031,109.5,796,629,1
13.2299995422363,91.6999969482422,39.4000015258789,0.850000023841858,36.7999992370605,4652,256.299987792969,109.5,794,628,1
13.5,91.5999984741211,39.4000015258789,0.837000012397766,34.5999984741211,4415,244.600006103516,109.599998474121,793,628,1
13.3999996185303,91.5999984741211,39.4000015258789,0.828000009059906,33.2000007629395,4257,231.899993896484,110,792,628,1
13.539999961853,91.5999984741211,39.4000015258789,0.814000010490417,33.4000015258789,3982,230.899993896484,109.599998474121,791,628,1
13.4700002670288,91.5999984741211,39.4000015258789,0.833999991416931,33.9000015258789,3851,233.800003051758,109.5,791,627,1
13.5200004577637,91.5999984741211,39.4000015258789,0.837999999523163,34.5999984741211,3719,225.100006103516,109.5,791,627,1
13.0699996948242,91.5999984741211,39.4000015258789,0.853999972343445,35.7999992370605,3533,220.199996948242,109.5,790,626,1
13.539999961853,91.5999984741211,39.4000015258789,0.856000006198883,37.5999984741211,3283,206.5,109.5,790,626,1
13.4700002670288,91.5,39.4000015258789,0.846000015735626,38.7000007629395,3077,207.5,109.5,790,626,1
13.289999961853,91.5999984741211,39.4000015258789,0.853999972343445,40.7000007629395,3066,204.600006103516,110,790,626,1
13.5,91.5,39.4000015258789,0.879000008106232,40.2000007629395,2803,197.699996948242,109.800003051758,790,624,1
13.3000001907349,91.5,39.4000015258789,0.902999997138977,43.0999984741211,2655,195.800003051758,109.599998474121,790,624,1
13.4300003051758,91.5,39.4000015258789,0.953000009059906,48,2625,201.600006103516,109.5,790,624,1
13.4499998092651,91.5,39.4000015258789,1.00300002098083,53.0999984741211,2666,195.800003051758,109.5,790,623,1
13.5,91.5,39.4000015258789,1.04900002479553,53.7000007629395,2891,206.5,109.5,790,622,1
13.3500003814697,91.5,39.4000015258789,0.970000028610229,52.2999992370605,3075,212.399993896484,109.5,790,622,1
13.4399995803833,91.4000015258789,39.4000015258789,0.887000024318695,47.0999984741211,3388,220.199996948242,110,790,622,1
13.4700002670288,91.4000015258789,39.4000015258789,0.842000007629395,42.7000007629395,3592,226,110,790,621,1
13.5,91.4000015258789,39.4000015258789,0.882000029087067,39.0999984741211,3675,222.100006103516,109.599998474121,790,620,1
13.5200004577637,91.4000015258789,39.4000015258789,0.90200001001358,36.7999992370605,3632,226,109.599998474121,790,620,1
13.3900003433228,91.4000015258789,39.4000015258789,0.929000020027161,36.4000015258789,3515,222.100006103516,109.5,790,619,1
13.3800001144409,91.3000030517578,39.4000015258789,0.91100001335144,36.9000015258789,3313,212.399993896484,109.5,790,620,1
13.5,91.3000030517578,39.4000015258789,0.887000024318695,38.2999992370605,3200,203.600006103516,109.5,790,620,1
13.5500001907349,91.3000030517578,39.2999992370605,0.879000008106232,40,2903,201.600006103516,109.599998474121,790,619,1
13.4200000762939,91.3000030517578,39.2999992370605,0.876999974250793,40.7000007629395,2863,196.699996948242,110.199996948242,790,619,1
13.460000038147,91.3000030517578,39.2999992370605,0.921000003814697,41.4000015258789,2700,197.699996948242,110,790,619,1
13.4200000762939,91.3000030517578,39.2999992370605,0.962999999523163,46.5999984741211,2384,194.800003051758,109.800003051758,790,618,1
13.5200004577637,91.3000030517578,39.2999992370605,1.01900005340576,56.9000015258789,2305,189.899993896484,109.5,789,617,1
13.460000038147,91.3000030517578,39.2999992370605,1.06099998950958,60.7999992370605,2653,213.300003051758,109.599998474121,790,617,1
13.3900003433228,91.3000030517578,39.2999992370605,0.894999980926514,54.5999984741211,3352,219.199996948242,109.599998474121,790,617,1
13.460000038147,91.3000030517578,39.2999992370605,0.816999971866608,47.7999992370605,3635,218.199996948242,109.5,790,616,1
13.4899997711182,91.3000030517578,39.2999992370605,0.779999971389771,41.4000015258789,3799,221.199996948242,109.5,790,616,1
13.539999961853,91.3000030517578,39.2999992370605,0.851999998092651,37.7999992370605,3803,225.100006103516,110.199996948242,790,615,1
13.4799995422363,91.1999969482422,39.2999992370605,0.898000001907349,36.2000007629395,3587,225.100006103516,109.800003051758,789,615,1
13.4099998474121,91.1999969482422,39.4000015258789,0.90200001001358,36.2999992370605,3511,213.300003051758,109.800003051758,789,615,1
13.4799995422363,91.1999969482422,39.4000015258789,0.890999972820282,38,3228,207.5,109.599998474121,789,615,1
13.539999961853,91.1999969482422,39.4000015258789,0.876999974250793,38.2999992370605,2878,205.5,109.599998474121,789,615,1
13.5,91.1999969482422,39.4000015258789,0.860000014305115,41.4000015258789,2693,200.600006103516,109.599998474121,788,614,1
13.3299999237061,91.1999969482422,39.4000015258789,0.892000019550323,44.7999992370605,2517,192.800003051758,109.5,788,613,1
13.3400001525879,91.1999969482422,39.4000015258789,0.952000021934509,56,2350,180.100006103516,109.800003051758,788,613,1
13.5,91.1999969482422,39.4000015258789,1.00199997425079,66.0999984741211,2722,193.800003051758,110.199996948242,788,613,1
13.460000038147,91.1999969482422,39.4000015258789,0.897000014781952,58.5,3133,228,110,788,613,1
13.4799995422363,91.0999984741211,39.4000015258789,0.779999971389771,52,3513,217.199996948242,109.599998474121,788,613,1
13.4799995422363,91.0999984741211,39.4000015258789,0.718999981880188,44.9000015258789,3728,226,109.599998474121,788,612,1
13.3400001525879,91.0999984741211,39.4000015258789,0.824999988079071,39.9000015258789,3767,222.100006103516,109.599998474121,788,611,1
13.4799995422363,91.0999984741211,39.4000015258789,0.883000016212463,37.5,3679,217.199996948242,109.599998474121,787,611,1
13.4300003051758,91.0999984741211,39.4000015258789,0.907999992370605,37.2999992370605,3469,219.199996948242,109.5,787,610,1
13.4700002670288,91.0999984741211,39.4000015258789,0.90200001001358,39,3086,205.5,110,786,610,1
13.4499998092651,91.0999984741211,39.4000015258789,0.882000029087067,39.9000015258789,2925,196.699996948242,110.199996948242,786,610,1
13.3699998855591,91.0999984741211,39.4000015258789,0.874000012874603,40.7000007629395,2474,198.699996948242,109.800003051758,786,610,1
13.3199996948242,91.0999984741211,39.4000015258789,0.919000029563904,46.9000015258789,2370,175.300003051758,109.800003051758,786,609,1
13.5,91.0999984741211,39.4000015258789,0.986999988555908,60,2388,169.399993896484,109.800003051758,785,609,1
13.539999961853,91.0999984741211,39.4000015258789,0.912000000476837,63.2999992370605,2816,199.699996948242,109.599998474121,785,608,1
13.1400003433228,91.0999984741211,39.4000015258789,0.866999983787537,57.7999992370605,3411,220.199996948242,109.599998474121,785,608,1
13.4300003051758,91.0999984741211,39.4000015258789,0.799000024795532,49.5,3412,221.199996948242,109.599998474121,785,608,1
13.4499998092651,91,39.4000015258789,0.739000022411346,43.2999992370605,3566,229,110.199996948242,785,607,1
13.460000038147,91,39.4000015258789,0.847000002861023,39.7000007629395,3551,223.100006103516,110.400001525879,784,607,1
13.5299997329712,91,39.4000015258789,0.896000027656555,38.5,3357,213.300003051758,109.800003051758,784,607,1
13.4200000762939,91,39.4000015258789,0.916999995708466,38.7999992370605,3042,208.5,109.800003051758,783,606,1
13.3500003814697,91,39.4000015258789,0.890999972820282,41.7000007629395,2763,201.600006103516,109.599998474121,783,606,1
13.5,91,39.4000015258789,0.879000008106232,44,2478,186,109.599998474121,783,606,1
13.3699998855591,91,39.4000015258789,0.916000008583069,55.4000015258789,2116,175.300003051758,109.800003051758,782,606,1
13.3999996185303,91,39.4000015258789,0.982999980449677,70.1999969482422,2176,172.300003051758,109.599998474121,782,605,1
13.4899997711182,91,39.4000015258789,0.926999986171722,65.4000015258789,2997,216.300003051758,110.400001525879,782,605,1
13.4300003051758,91,39.4000015258789,0.83899998664856,55.9000015258789,3157,216.300003051758,110,782,605,1
13.460000038147,91,39.4000015258789,0.749000012874603,49.9000015258789,3293,211.399993896484,109.800003051758,781,605,1
13.4399995803833,90.9000015258789,39.4000015258789,0.760999977588654,45.4000015258789,3338,210.399993896484,109.800003051758,781,605,1
13.3500003814697,90.9000015258789,39.4000015258789,0.842999994754791,42.9000015258789,3429,216.300003051758,109.599998474121,781,604,1
13.4499998092651,90.9000015258789,39.4000015258789,0.883000016212463,39.7000007629395,3715,225.100006103516,109.800003051758,781,603,1
13.460000038147,90.9000015258789,39.4000015258789,0.897000014781952,36.0999984741211,3954,227,109.800003051758,780,603,1
13.5100002288818,90.9000015258789,39.4000015258789,0.896000027656555,33.0999984741211,3980,237.800003051758,110.400001525879,778,603,1
13.4200000762939,90.9000015258789,39.4000015258789,0.851000010967255,31.7000007629395,4103,242.600006103516,110,779,602,1
13.3699998855591,90.8000030517578,39.4000015258789,0.825999975204468,30.3999996185303,3992,237.800003051758,109.800003051758,778,602,1
13.460000038147,90.8000030517578,39.4000015258789,0.811999976634979,30.2999992370605,3933,233.800003051758,109.800003051758,778,602,1
13.5,90.8000030517578,39.4000015258789,0.800999999046326,30.7999992370605,3853,229.899993896484,109.800003051758,778,602,1
13.2799997329712,90.8000030517578,39.4000015258789,0.792999982833862,31.5,3792,229.899993896484,109.800003051758,778,602,1
13.4799995422363,90.8000030517578,39.4000015258789,0.814999997615814,32.0999984741211,3733,223.100006103516,109.800003051758,778,602,1
13.3599996566772,90.8000030517578,39.4000015258789,0.818000018596649,33.0999984741211,3707,222.100006103516,110,778,601,1
13.4799995422363,90.8000030517578,39.4000015258789,0.824999988079071,33.4000015258789,3677,227,110.400001525879,777,601,1
13.460000038147,90.6999969482422,39.4000015258789,0.834999978542328,34,3672,222.100006103516,110.199996948242,777,601,1
13.5299997329712,90.6999969482422,39.4000015258789,0.836000025272369,34.2000007629395,3692,224.100006103516,110,777,600,1
13.5,90.6999969482422,39.4000015258789,0.837000012397766,33.9000015258789,3727,223.100006103516,109.800003051758,778,600,1
13.3999996185303,90.6999969482422,39.4000015258789,0.842999994754791,33.7000007629395,3673,222.100006103516,110,777,600,1
13.4499998092651,90.6999969482422,39.4000015258789,0.846000015735626,33.2999992370605,3714,230.899993896484,109.800003051758,777,599,1
13.5100002288818,90.6999969482422,39.4000015258789,0.857999980449677,32.7999992370605,3746,227,110,777,598,1
13.5,90.6999969482422,39.4000015258789,0.851999998092651,32.5999984741211,3844,226,109.800003051758,777,598,1
13.4399995803833,90.6999969482422,39.4000015258789,0.850000023841858,32.0999984741211,3830,229.899993896484,110.800003051758,777,598,1
13.3699998855591,90.6999969482422,39.4000015258789,0.847000002861023,32,3836,229,110.199996948242,777,598,1
13.4899997711182,90.5999984741211,39.4000015258789,0.845000028610229,31.8999996185303,3816,223.100006103516,110,777,597,1
13.5,90.5999984741211,39.4000015258789,0.850000023841858,32.2999992370605,3718,227,110,777,596,1
13.5600004196167,90.5999984741211,39.4000015258789,0.842999994754791,32.4000015258789,3695,229.899993896484,110,777,596,1
13.3400001525879,90.5999984741211,39.4000015258789,0.834999978542328,32.7000007629395,3678,227,109.800003051758,777,596,1
13.5500001907349,90.5999984741211,39.4000015258789,0.836000025272369,32.9000015258789,3674,227,110,777,596,1
13.5,90.5999984741211,39.4000015258789,0.842000007629395,33.0999984741211,3667,225.100006103516,110.599998474121,777,595,1
13.5,90.5999984741211,39.4000015258789,0.845000028610229,33.0999984741211,3768,222.100006103516,110.400001525879,777,595,1
13.3100004196167,90.5999984741211,39.4000015258789,0.837000012397766,32.7999992370605,3767,230.899993896484,110.199996948242,777,595,1
13.3299999237061,90.5999984741211,39.4000015258789,0.834999978542328,32.7999992370605,3763,227,110,777,594,1
13.539999961853,90.5999984741211,39.4000015258789,0.834999978542328,32.7999992370605,3781,227,110,777,594,1
13.539999961853,90.5999984741211,39.4000015258789,0.83899998664856,32.5999984741211,3799,227,110,777,594,1
13.5500001907349,90.5999984741211,39.4000015258789,0.842999994754791,32.4000015258789,3721,233.800003051758,110,777,594,1
13.3500003814697,90.5999984741211,39.4000015258789,0.836000025272369,32.4000015258789,3702,228,110.400001525879,777,594,1
13.460000038147,90.5,39.4000015258789,0.837000012397766,32.5999984741211,3671,229.899993896484,110.800003051758,777,593,1
13.5100002288818,90.5,39.4000015258789,0.83899998664856,32.7999992370605,3675,224.100006103516,110.400001525879,777,593,1
13.539999961853,90.5,39.4000015258789,0.839999973773956,32.7999992370605,3679,228,110.199996948242,777,592,1
13.5200004577637,90.5,39.4000015258789,0.834999978542328,32.9000015258789,3775,229,110.199996948242,777,592,1
13.3900003433228,90.5,39.4000015258789,0.834999978542328,32.5,3783,226,110,777,592,1
13.4899997711182,90.5,39.4000015258789,0.833000004291534,32.5,3796,227,110.199996948242,777,591,1
13.5200004577637,90.5,39.4000015258789,0.836000025272369,32.2999992370605,3811,219.199996948242,110.199996948242,776,591,1
13.3999996185303,90.5,39.4000015258789,0.834999978542328,32.4000015258789,3720,231.899993896484,110.599998474121,776,590,1
13.460000038147,90.5,39.4000015258789,0.836000025272369,32.4000015258789,3710,232.899993896484,110.599998474121,776,590,1
13.3699998855591,90.4000015258789,39.4000015258789,0.839999973773956,32.5,3698,228,110.400001525879,776,590,1
13.4399995803833,90.5,39.4000015258789,0.83899998664856,32.5999984741211,3683,228,110.400001525879,776,590,1
13.5299997329712,90.4000015258789,39.4000015258789,0.833999991416931,32.7000007629395,3683,228,110.199996948242,776,589,1
13.3599996566772,90.4000015258789,39.4000015258789,0.837999999523163,32.7000007629395,3750,227,110.199996948242,776,589,1
13.3900003433228,90.4000015258789,39.4000015258789,0.837999999523163,32.7999992370605,3742,226,110,776,588,1
13.4200000762939,90.4000015258789,39.4000015258789,0.836000025272369,32.9000015258789,3730,224.100006103516,110.199996948242,775,588,1
13.539999961853,90.4000015258789,39.4000015258789,0.83899998664856,33.0999984741211,3734,221.199996948242,110.800003051758,776,588,1
13.5,90.3000030517578,39.4000015258789,0.83899998664856,33.0999984741211,3740,221.199996948242,110.400001525879,775,588,1
13.5299997329712,90.3000030517578,39.4000015258789,0.842000007629395,33.4000015258789,3703,223.100006103516,110.400001525879,775,588,1
13.3699998855591,90.3000030517578,39.4000015258789,0.837999999523163,33.7000007629395,3727,229,110.400001525879,775,587,1
13.5200004577637,90.3000030517578,39.4000015258789,0.834999978542328,33.4000015258789,3664,229,110.400001525879,775,586,1
13.5,90.3000030517578,39.4000015258789,0.842999994754791,33.2999992370605,3693,231.899993896484,110.199996948242,775,587,1
13.5200004577637,90.1999969482422,39.5,0.839999973773956,32.7999992370605,3720,229.899993896484,110.199996948242,775,586,1
13.5100002288818,90.1999969482422,39.5,0.836000025272369,32.5,3738,226,110.800003051758,775,586,1
13.210000038147,90.1999969482422,39.5,0.837999999523163,32.0999984741211,3837,232.899993896484,110.800003051758,775,586,1
13.4499998092651,90.1999969482422,39.5,0.834999978542328,31.8999996185303,3815,226,110.599998474121,775,586,1
13.5,90.1999969482422,39.5,0.829999983310699,31.8999996185303,3809,223.100006103516,110.400001525879,775,586,1
13.5299997329712,90.1999969482422,39.5,0.830999970436096,32.0999984741211,3786,228,110.400001525879,775,585,1
13.3400001525879,90.1999969482422,39.5,0.827000021934509,32.5,3736,229.899993896484,110.400001525879,775,585,1
13.3699998855591,90.1999969482422,39.5,0.836000025272369,32.7000007629395,3664,231.899993896484,110.400001525879,774,585,1
13.3400001525879,90.1999969482422,39.5,0.825999975204468,33.0999984741211,3648,228,110.400001525879,774,584,1
13.5,90.1999969482422,39.5,0.828999996185303,33.0999984741211,3659,228,111.300003051758,774,584,1
13.5,90.1999969482422,39.5,0.836000025272369,33,3664,226,110.800003051758,774,583,1
13.5200004577637,90.1999969482422,39.5,0.83899998664856,32.9000015258789,3681,226,110.599998474121,774,583,1
13.4700002670288,90.0999984741211,39.5,0.83899998664856,32.7000007629395,3712,233.800003051758,110.400001525879,774,583,1
13.539999961853,90.0999984741211,39.5,0.842999994754791,32.2000007629395,3787,225.100006103516,110.400001525879,774,583,1
13.539999961853,90.0999984741211,39.5,0.839999973773956,32.2999992370605,3791,221.199996948242,110.400001525879,774,582,1
13.5100002288818,90.0999984741211,39.5,0.839999973773956,32.2000007629395,3789,226,110.400001525879,774,582,1
13.3000001907349,90.0999984741211,39.5,0.832000017166138,32.4000015258789,3753,229.899993896484,110.400001525879,773,582,1
13.4200000762939,90.0999984741211,39.5,0.833000004291534,32.5999984741211,3669,233.800003051758,111.300003051758,773,582,1
13.4099998474121,90.0999984741211,39.5,0.836000025272369,32.9000015258789,3661,229.899993896484,111.099998474121,773,582,1
13.460000038147,90,39.5,0.832000017166138,32.7000007629395,3676,225.100006103516,110.599998474121,773,582,1
13.5500001907349,90,39.5,0.828000009059906,32.7999992370605,3670,224.100006103516,110.599998474121,772,581,1
13.5100002288818,90,39.5,0.837000012397766,32.7999992370605,3671,224.100006103516,110.400001525879,773,581,1
13.4499998092651,90,39.5999984741211,0.837000012397766,32.7000007629395,3680,231.899993896484,110.400001525879,773,581,1
12.8900003433228,90,39.5999984741211,0.837000012397766,32.7000007629395,3754,228,110.400001525879,772,581,1
13.5,90,39.5999984741211,0.842000007629395,32.5999984741211,3746,224.100006103516,110.599998474121,772,580,1
13.5100002288818,90,39.5999984741211,0.845000028610229,32.7999992370605,3745,224.100006103516,111.300003051758,772,580,1
13.4899997711182,90,39.5999984741211,0.833999991416931,32.7999992370605,3754,219.199996948242,111.099998474121,772,580,1
13.3500003814697,90,39.5999984741211,0.832000017166138,32.7000007629395,3773,231.899993896484,110.599998474121,771,580,1
13.4200000762939,90,39.5999984741211,0.833999991416931,32.5,3769,231.899993896484,110.400001525879,771,579,1
13.4799995422363,90,39.5999984741211,0.83899998664856,32.5999984741211,3673,230.899993896484,110.599998474121,772,579,1
13.7600002288818,90,39.5999984741211,0.837000012397766,32.5999984741211,3677,225.100006103516,110.599998474121,771,579,1
13.789999961853,90,39.5999984741211,0.83899998664856,32.7000007629395,3672,227,110.599998474121,771,579,1
13.6499996185303,89.9000015258789,39.5999984741211,0.828999996185303,32.7000007629395,3681,229.899993896484,110.599998474121,771,578,1
13.6999998092651,89.9000015258789,39.5999984741211,0.828999996185303,32.5999984741211,3696,233.800003051758,111.300003051758,771,578,1
13.6099996566772,89.9000015258789,39.5999984741211,0.837999999523163,32.4000015258789,3767,228,111.099998474121,771,578,1
13.7399997711182,89.9000015258789,39.5999984741211,0.839999973773956,32.2999992370605,3765,229,110.800003051758,771,577,1
13.7700004577637,89.9000015258789,39.5999984741211,0.830999970436096,32.5,3711,226,110.599998474121,770,578,1
13.5299997329712,89.9000015258789,39.5999984741211,0.836000025272369,32.2999992370605,3698,224.100006103516,110.599998474121,770,577,1
13.8199996948242,89.9000015258789,39.5999984741211,0.829999983310699,32.2999992370605,3713,231.899993896484,110.599998474121,771,577,1
13.6999998092651,89.9000015258789,39.5999984741211,0.832000017166138,32.2999992370605,3705,227,110.599998474121,771,577,1
13.5799999237061,89.9000015258789,39.5999984741211,0.830999970436096,32.5,3738,225.100006103516,111.300003051758,771,577,1
13.789999961853,89.9000015258789,39.5999984741211,0.833000004291534,32.5999984741211,3740,229,111.300003051758,770,577,1
13.6599998474121,89.9000015258789,39.5999984741211,0.833000004291534,33,3718,228,110.800003051758,771,576,1
13.5299997329712,89.9000015258789,39.5999984741211,0.827000021934509,33.2999992370605,3686,229,110.800003051758,770,576,1
13.5,89.9000015258789,39.5999984741211,0.823000013828278,33.5999984741211,3680,225.100006103516,110.599998474121,770,576,1
13.5500001907349,89.9000015258789,39.5999984741211,0.828999996185303,33.9000015258789,3701,228,110.599998474121,770,576,1
13.3500003814697,89.9000015258789,39.5999984741211,0.828000009059906,33.7999992370605,3699,227,110.599998474121,770,576,1
13.710000038147,89.9000015258789,39.5999984741211,0.837999999523163,33.7000007629395,3721,225.100006103516,110.599998474121,769,575,1
13.539999961853,89.9000015258789,39.5999984741211,0.836000025272369,33.5,3749,226,111.5,769,575,1
13.6199998855591,89.9000015258789,39.5999984741211,0.837000012397766,33,3695,224.100006103516,111.300003051758,770,575,1
13.7700004577637,89.9000015258789,39.5999984741211,0.837999999523163,32.7000007629395,3719,233.800003051758,110.800003051758,770,575,1
13.7200002670288,89.9000015258789,39.7000007629395,0.837000012397766,32.2999992370605,3720,231.899993896484,110.800003051758,770,575,1
13.75,89.8000030517578,39.7000007629395,0.842000007629395,32.2999992370605,3732,229,110.800003051758,769,575,1
13.7299995422363,89.8000030517578,39.7000007629395,0.842999994754791,32.2000007629395,3816,229,110.800003051758,769,574,1
13.8100004196167,89.8000030517578,39.7000007629395,0.830999970436096,32.0999984741211,3803,234.800003051758,110.800003051758,769,574,1
13.7299995422363,89.8000030517578,39.7000007629395,0.837000012397766,32,3779,227,111.5,769,574,1
13.6499996185303,89.8000030517578,39.7000007629395,0.833000004291534,32.0999984741211,3759,227,111.5,769,573,1
13.6499996185303,89.8000030517578,39.7000007629395,0.834999978542328,32.4000015258789,3746,225.100006103516,111.300003051758,769,573,1
13.7600002288818,89.8000030517578,39.7000007629395,0.828999996185303,32.5999984741211,3673,223.100006103516,110.800003051758,769,573,1
13.7299995422363,89.6999969482422,39.7000007629395,0.833000004291534,32.5,3683,230.899993896484,110.800003051758,769,573,1
13.7200002670288,89.6999969482422,39.7000007629395,0.828999996185303,32.5999984741211,3665,230.899993896484,110.800003051758,769,572,1
13.5600004196167,89.6999969482422,39.7000007629395,0.829999983310699,33,3658,229.899993896484,111.099998474121,769,573,1
13.4899997711182,89.6999969482422,39.7000007629395,0.828999996185303,33.0999984741211,3666,227,111.099998474121,770,573,1
13.75,89.6999969482422,39.7000007629395,0.822000026702881,32.7999992370605,3686,225.100006103516,111.300003051758,769,572,1
13.8800001144409,89.6999969482422,39.7000007629395,0.834999978542328,32.7999992370605,3790,226,111.5,769,572,1
13.7299995422363,89.6999969482422,39.7000007629395,0.837000012397766,32.4000015258789,3798,232.899993896484,111.099998474121,769,572,1
13.7399997711182,89.6999969482422,39.7000007629395,0.842999994754791,31.8999996185303,3810,229.899993896484,111.099998474121,769,572,1
13.7399997711182,89.6999969482422,39.7000007629395,0.836000025272369,32,3783,223.100006103516,111.099998474121,768,572,1
13.8199996948242,89.6999969482422,39.7000007629395,0.83899998664856,32.2000007629395,3682,226,111.099998474121,769,572,1
13.6199998855591,89.6999969482422,39.7000007629395,0.837000012397766,32.4000015258789,3678,231.899993896484,111.099998474121,769,571,1
13.7299995422363,89.6999969482422,39.7000007629395,0.830999970436096,32.7000007629395,3674,230.899993896484,111.099998474121,768,571,1
13.7799997329712,89.6999969482422,39.7000007629395,0.832000017166138,32.7999992370605,3648,227,111.699996948242,768,571,1
13.5600004196167,89.6999969482422,39.7000007629395,0.828999996185303,33,3653,223.100006103516,111.5,769,571,1
13.6899995803833,89.6999969482422,39.7000007629395,0.836000025272369,33.0999984741211,3670,227,111.099998474121,768,571,1
13.9300003051758,89.6999969482422,39.7000007629395,0.83899998664856,32.9000015258789,3766,229.899993896484,111.300003051758,768,571,1
14,89.5999984741211,39.7000007629395,0.836000025272369,32.5999984741211,3780,226,111.099998474121,768,571,1
13.7700004577637,89.5999984741211,39.7000007629395,0.83899998664856,32.4000015258789,3788,229.899993896484,111.099998474121,768,571,1
13.960000038147,89.5999984741211,39.7000007629395,0.836000025272369,32.0999984741211,3793,229,111.099998474121,767,570,1
13.8599996566772,89.5999984741211,39.7000007629395,0.839999973773956,32,3795,227,111.099998474121,767,571,1
13.8999996185303,89.5999984741211,39.7000007629395,0.837999999523163,32,3713,229,112,768,570,1
14.0100002288818,89.5999984741211,39.7000007629395,0.837000012397766,32.0999984741211,3702,231.899993896484,111.5,768,570,1
13.7799997329712,89.5999984741211,39.7000007629395,0.836000025272369,32.2000007629395,3698,229.899993896484,111.300003051758,768,570,1
13.8100004196167,89.5999984741211,39.7000007629395,0.828999996185303,32.0999984741211,3705,227,111.300003051758,768,570,1
13.9700002670288,89.5999984741211,39.7999992370605,0.834999978542328,32.2999992370605,3808,229,111.300003051758,768,570,1
13.7600002288818,89.5999984741211,39.7999992370605,0.833000004291534,32.0999984741211,3826,232.899993896484,111.099998474121,768,569,1
13.8599996566772,89.5999984741211,39.7999992370605,0.834999978542328,31.7000007629395,3822,229,111.099998474121,768,570,1
13.8900003433228,89.5999984741211,39.7999992370605,0.828000009059906,31.7000007629395,3805,225.100006103516,111.099998474121,768,569,1
13.9200000762939,89.5999984741211,39.7999992370605,0.828999996185303,31.7999992370605,3717,230.899993896484,112,768,569,1
13.8900003433228,89.5,39.7999992370605,0.830999970436096,31.8999996185303,3726,231.899993896484,111.699996948242,767,569,1
13.8999996185303,89.5,39.7999992370605,0.833999991416931,31.7999992370605,3720,230.899993896484,111.5,767,569,1
13.960000038147,89.5,39.7999992370605,0.832000017166138,32,3696,229,111.300003051758,767,569,1
13.8400001525879,89.5,39.7999992370605,0.828000009059906,32.2000007629395,3784,226,111.300003051758,767,569,1
13.6099996566772,89.5,39.7999992370605,0.832000017166138,32.0999984741211,3777,230.899993896484,111.099998474121,767,568,1
13.8100004196167,89.5,39.7999992370605,0.828000009059906,31.8999996185303,3790,229,111.099998474121,767,568,1
14.0100002288818,89.5,39.7999992370605,0.828999996185303,31.8999996185303,3788,227,111.699996948242,767,568,1
13.8999996185303,89.5,39.7999992370605,0.828999996185303,32,3719,227,112,767,568,1
13.8900003433228,89.5,39.7999992370605,0.834999978542328,32,3723,231.899993896484,111.5,767,568,1
13.6700000762939,89.5,39.7999992370605,0.834999978542328,31.8999996185303,3718,229,111.300003051758,767,568,1
13.8599996566772,89.5,39.7999992370605,0.834999978542328,32,3695,227,111.300003051758,767,568,1
13.9300003051758,89.5,39.7999992370605,0.828000009059906,32.0999984741211,3701,229.899993896484,111.300003051758,766,568,1
13.8100004196167,89.5,39.7999992370605,0.827000021934509,32.2999992370605,3770,234.800003051758,111.300003051758,766,568,1
13.6400003433228,89.5,39.7999992370605,0.833000004291534,32.0999984741211,3756,229,111.300003051758,766,568,1
13.9399995803833,89.4000015258789,39.7999992370605,0.828999996185303,32.2000007629395,3750,226,112,767,568,1
13.8900003433228,89.4000015258789,39.7999992370605,0.832000017166138,32.4000015258789,3759,223.100006103516,111.699996948242,767,568,1
13.8599996566772,89.4000015258789,39.7999992370605,0.827000021934509,32.5999984741211,3740,227,111.300003051758,766,567,1
13.7799997329712,89.4000015258789,39.7999992370605,0.827000021934509,32.7000007629395,3723,229.899993896484,111.300003051758,766,567,1
13.75,89.4000015258789,39.7999992370605,0.830999970436096,33,3633,228,111.5,765,566,1
13.8900003433228,89.4000015258789,39.7999992370605,0.828000009059906,33.2000007629395,3623,228,111.5,765,567,1
13.9399995803833,89.4000015258789,39.9000015258789,0.828999996185303,33.4000015258789,3616,229.899993896484,111.300003051758,765,567,1
13.8900003433228,89.4000015258789,39.9000015258789,0.829999983310699,33.4000015258789,3623,227,112.199996948242,765,567,1
13.7600002288818,89.4000015258789,39.9000015258789,0.828000009059906,33.2999992370605,3637,226,111.699996948242,765,566,1
13.8900003433228,89.4000015258789,39.9000015258789,0.836000025272369,33.5,3673,226,111.5,765,566,1
13.7700004577637,89.4000015258789,39.9000015258789,0.837000012397766,32.5999984741211,3697,229.899993896484,111.5,765,566,1
14.0100002288818,89.4000015258789,39.9000015258789,0.83899998664856,32.2999992370605,3794,233.800003051758,111.5,765,566,1
13.8299999237061,89.4000015258789,39.9000015258789,0.839999973773956,32,3798,227,111.300003051758,765,566,1
13.7200002670288,89.4000015258789,39.9000015258789,0.83899998664856,31.7000007629395,3799,227,111.5,765,566,1
13.960000038147,89.4000015258789,39.9000015258789,0.83899998664856,31.7000007629395,3808,229,111.5,765,566,1
13.9099998474121,89.4000015258789,39.9000015258789,0.836000025272369,31.7999992370605,3709,231.899993896484,112.199996948242,765,566,1
13.789999961853,89.4000015258789,39.9000015258789,0.829999983310699,31.7999992370605,3710,230.899993896484,111.699996948242,765,566,1
13.8900003433228,89.3000030517578,39.9000015258789,0.828000009059906,31.8999996185303,3717,228,111.5,765,566,1
13.8000001907349,89.3000030517578,39.9000015258789,0.832000017166138,31.7999992370605,3723,224.100006103516,111.5,765,566,1
13.8100004196167,89.3000030517578,39.9000015258789,0.836000025272369,31.7999992370605,3711,231.899993896484,111.5,765,566,1
13.9200000762939,89.3000030517578,39.9000015258789,0.834999978542328,31.7999992370605,3782,227,111.5,765,566,1
13.7700004577637,89.3000030517578,39.9000015258789,0.830999970436096,31.7999992370605,3790,226,111.5,764,565,1
13.8900003433228,89.3000030517578,39.9000015258789,0.828000009059906,31.7000007629395,3799,229.899993896484,112.400001525879,765,565,1
13.8999996185303,89.3000030517578,39.9000015258789,0.820999979972839,31.7999992370605,3796,229.899993896484,112.199996948242,765,565,1
13.9399995803833,89.3000030517578,39.9000015258789,0.827000021934509,31.8999996185303,3700,230.899993896484,111.699996948242,765,565,1
13.9399995803833,89.4000015258789,39.9000015258789,0.830999970436096,32,3720,228,111.5,765,565,1
13.8999996185303,89.3000030517578,39.9000015258789,0.833999991416931,32,3718,226,111.5,765,565,1
13.8599996566772,89.3000030517578,39.9000015258789,0.827000021934509,31.8999996185303,3703,233.800003051758,111.5,765,565,1
13.7299995422363,89.3000030517578,39.9000015258789,0.825999975204468,31.8999996185303,3764,228,111.5,764,565,1
14.0100002288818,89.3000030517578,39.9000015258789,0.827000021934509,32.0999984741211,3755,227,111.699996948242,765,564,1
13.9899997711182,89.3000030517578,39.9000015258789,0.828999996185303,32.2000007629395,3736,228,112.400001525879,764,565,1
13.9499998092651,89.3000030517578,39.9000015258789,0.823000013828278,32.7000007629395,3695,226,112.199996948242,764,564,1
13.6599998474121,89.3000030517578,39.9000015258789,0.823000013828278,33.0999984741211,3663,220.199996948242,112,765,565,1
13.8800001144409,89.3000030517578,39.9000015258789,0.824999988079071,33.7999992370605,3609,223.100006103516,111.699996948242,764,565,1
13.8999996185303,89.3000030517578,39.9000015258789,0.824999988079071,34.7000007629395,3562,222.100006103516,111.699996948242,764,565,1
13.9499998092651,89.3000030517578,39.9000015258789,0.832000017166138,34.9000015258789,3557,221.199996948242,111.699996948242,764,564,1
13.5600004196167,89.3000030517578,39.9000015258789,0.843999981880188,35.2999992370605,3591,222.100006103516,111.5,764,564,1
13.710000038147,89.3000030517578,40,0.861999988555908,35.2999992370605,3489,225.100006103516,111.5,763,564,1
13.8299999237061,89.3000030517578,40,0.874000012874603,35.5,3571,225.100006103516,112.400001525879,763,564,1
13.9499998092651,89.3000030517578,40,0.870999991893768,35.4000015258789,3592,225.100006103516,112.199996948242,763,564,1
13.8900003433228,89.3000030517578,40,0.878000020980835,35.2000007629395,3594,219.199996948242,111.699996948242,763,564,1
13.7799997329712,89.3000030517578,40,0.879999995231628,36.2000007629395,3588,224.100006103516,111.699996948242,764,564,1
13.7799997329712,89.3000030517578,40,0.879999995231628,43.7000007629395,3295,219.199996948242,111.699996948242,764,564,1
14,89.3000030517578,40,0.864000022411346,58.2000007629395,3127,208.5,111.699996948242,763,564,1
13.8999996185303,89.3000030517578,40,0.871999979019165,59.4000015258789,3275,214.300003051758,111.699996948242,764,563,1
13.7799997329712,89.3000030517578,40,0.885999977588654,55.2999992370605,2972,213.300003051758,112.400001525879,764,563,1
13.460000038147,89.3000030517578,40,0.85699999332428,61.2000007629395,3050,203.600006103516,112.199996948242,764,564,1
13.6999998092651,89.3000030517578,40,0.892000019550323,63.2000007629395,2833,207.5,112.199996948242,764,564,1
13.4899997711182,89.3000030517578,40.0999984741211,0.938000023365021,66.1999969482422,3228,210.399993896484,111.699996948242,764,564,1
13.7799997329712,89.3000030517578,40.0999984741211,0.903999984264374,63.5999984741211,3160,215.300003051758,112,764,564,1
13.8100004196167,89.3000030517578,40.0999984741211,0.882000029087067,62.7999992370605,3298,220.199996948242,111.699996948242,764,564,1
13.9300003051758,89.3000030517578,40.0999984741211,0.897000014781952,63.2999992370605,3400,214.300003051758,111.699996948242,763,564,1
13.9399995803833,89.3000030517578,40.0999984741211,0.927999973297119,55.7000007629395,3422,214.300003051758,111.699996948242,763,564,1
13.8299999237061,89.3000030517578,40.0999984741211,0.898000001907349,50.2000007629395,3396,212.399993896484,112.400001525879,763,565,1
13.5900001525879,89.3000030517578,40.0999984741211,0.870000004768372,48.0999984741211,2891,201.600006103516,112.400001525879,763,565,1
13.8000001907349,89.3000030517578,40.0999984741211,0.865000009536743,49.2000007629395,2703,197.699996948242,112,763,566,1
13.6099996566772,89.3000030517578,40.0999984741211,0.879000008106232,51.7999992370605,2562,191.899993896484,111.699996948242,763,567,1
13.7700004577637,89.3000030517578,40.0999984741211,0.889999985694885,56.7999992370605,2728,201.600006103516,112,763,568,1
13.8900003433228,89.3000030517578,40.2000007629395,0.865000009536743,54.2999992370605,2923,240.699996948242,112,762,567,1
13.8800001144409,89.4000015258789,40.2000007629395,0.845000028610229,50.7999992370605,3371,211.399993896484,112,762,568,1
13.7700004577637,89.4000015258789,40.2000007629395,0.773999989032745,46.0999984741211,3528,220.199996948242,112,763,568,1
13.2600002288818,89.3000030517578,40.2000007629395,0.815999984741211,42.2999992370605,3553,223.100006103516,112.400001525879,762,568,1
13.6700000762939,89.3000030517578,40.2000007629395,0.883000016212463,40.7000007629395,3432,209.399993896484,112.199996948242,760,568,1
13.6700000762939,89.4000015258789,40.2000007629395,0.896000027656555,39.7999992370605,3147,214.300003051758,112,761,569,1
13.7700004577637,89.4000015258789,40.2000007629395,0.897000014781952,41.0999984741211,3077,204.600006103516,112,760,568,1
13.7299995422363,89.4000015258789,40.2000007629395,0.892000019550323,40.5,2694,200.600006103516,112,760,568,1
13.6499996185303,89.4000015258789,40.2000007629395,0.889999985694885,44.2999992370605,2426,201.600006103516,112,760,569,1
13.8000001907349,89.4000015258789,40.2000007629395,0.938000023365021,51.5999984741211,2193,189.899993896484,112,759,569,1
13.8400001525879,89.4000015258789,40.2000007629395,0.987999975681305,64.5,2363,198.699996948242,112.199996948242,759,569,1
13.75,89.4000015258789,40.2000007629395,0.917999982833862,62.2000007629395,3083,229.899993896484,112.5,759,569,1
13.6499996185303,89.4000015258789,40.2000007629395,0.824999988079071,53,3232,220.199996948242,112.199996948242,758,569,1
13.5900001525879,89.4000015258789,40.2000007629395,0.740000009536743,47,3407,217.199996948242,112,758,569,1
13.8000001907349,89.4000015258789,40.2000007629395,0.805999994277954,42.9000015258789,3429,215.300003051758,112,758,569,1
13.75,89.4000015258789,40.2000007629395,0.871999979019165,40.7999992370605,3447,213.300003051758,112,758,569,1
13.789999961853,89.4000015258789,40.2000007629395,0.894999980926514,41,3163,211.399993896484,112,758,569,1
13.5900001525879,89.4000015258789,40.2000007629395,0.897000014781952,41,2918,192.800003051758,112,758,570,1
13.8800001144409,89.4000015258789,40.2000007629395,0.892000019550323,42.5,2521,204.600006103516,112.699996948242,757,569,1
13.8900003433228,89.4000015258789,40.2000007629395,0.929000020027161,48.2999992370605,2300,194.800003051758,112.400001525879,757,569,1
13.8900003433228,89.4000015258789,40.2000007629395,0.953000009059906,60.4000015258789,2274,194.800003051758,112.199996948242,757,569,1
13.8999996185303,89.4000015258789,40.2000007629395,0.89300000667572,62.5999984741211,2556,213.300003051758,112,757,569,1
13.8900003433228,89.4000015258789,40.2000007629395,0.89300000667572,56.7000007629395,3232,210.399993896484,112,756,570,1
13.789999961853,89.4000015258789,40.2000007629395,0.83899998664856,51.0999984741211,3444,219.199996948242,112,756,570,1
13.9799995422363,89.4000015258789,40.2000007629395,0.758000016212463,45.9000015258789,3401,213.300003051758,112,756,570,1
14,89.4000015258789,40.2000007629395,0.828000009059906,44.0999984741211,3408,221.199996948242,112.199996948242,756,570,1
13.7299995422363,89.4000015258789,40.2000007629395,0.883000016212463,50.2000007629395,3369,225.100006103516,112.699996948242,756,570,1
14,89.4000015258789,40.2000007629395,0.964999973773956,54.2999992370605,3557,233.800003051758,112.400001525879,755,570,1
13.960000038147,89.4000015258789,40.2000007629395,0.931999981403351,58.4000015258789,3859,241.699996948242,112.199996948242,756,570,1
13.8999996185303,89.4000015258789,40.2000007629395,0.958000004291534,59.0999984741211,4484,247.5,112.199996948242,756,570,1
13.8199996948242,89.4000015258789,40.2000007629395,0.967000007629395,61.2000007629395,4997,272.899993896484,112.199996948242,756,570,1
13.9499998092651,89.4000015258789,40.2000007629395,0.967999994754791,64.1999969482422,5210,275.799987792969,112.199996948242,755,571,1
13.6800003051758,89.4000015258789,40.2000007629395,0.908999979496002,62.7999992370605,5590,276.799987792969,112.199996948242,755,571,1
13.8100004196167,89.4000015258789,40.2000007629395,0.889999985694885,59.5999984741211,5523,286.600006103516,112,756,571,1
13.8900003433228,89.4000015258789,40.2000007629395,0.892000019550323,59.9000015258789,5631,283.700012207031,112.699996948242,756,573,1
13.8900003433228,89.4000015258789,40.2000007629395,0.916999995708466,60.7000007629395,5342,278.799987792969,112.400001525879,757,575,1
13.8699998855591,89.4000015258789,40.2000007629395,0.962999999523163,63,5188,281.700012207031,112.199996948242,758,576,1
13.789999961853,89.4000015258789,40.2000007629395,0.962999999523163,65.1999969482422,4827,267.100006103516,112.199996948242,760,578,1
13.8000001907349,89.4000015258789,40.2000007629395,1.00100004673004,67,4564,250.5,112.199996948242,761,578,1
13.8100004196167,89.4000015258789,40.2000007629395,1.00699996948242,65.1999969482422,4044,244.600006103516,112,761,579,1
13.9700002670288,89.4000015258789,40.2000007629395,1,65.1999969482422,4050,233.800003051758,112.199996948242,761,581,1
13.7600002288818,89.4000015258789,40.2000007629395,1.02100002765656,59.9000015258789,4310,231.899993896484,112.699996948242,763,583,1
13.7799997329712,89.5,40.2000007629395,0.981000006198883,59.5999984741211,4194,241.699996948242,112.699996948242,764,585,1
13.8599996566772,89.4000015258789,40.2000007629395,1.00699996948242,55.7000007629395,4362,234.800003051758,112.400001525879,765,587,1
13.3900003433228,89.5,40.2000007629395,0.991999983787537,56.5,4506,248.5,112.199996948242,767,589,1
13.8100004196167,89.5,40.2000007629395,1.01900005340576,58,4393,248.5,112.199996948242,767,589,1
13.6999998092651,89.5,40.2000007629395,1.01199996471405,57.9000015258789,4699,268,112.199996948242,769,590,1
13.6800003051758,89.5,40.2000007629395,1.01900005340576,67.5999984741211,4827,266.100006103516,112.199996948242,770,592,1
13.6800003051758,89.5,40.2000007629395,0.925999999046326,66.5999984741211,4840,264.100006103516,112.199996948242,771,594,1
13.789999961853,89.5,40.2000007629395,1.00300002098083,73.1999969482422,4887,259.200012207031,113.099998474121,773,596,1
13.6700000762939,89.5,40.2000007629395,1.05999994277954,72.3000030517578,5228,276.799987792969,112.5,775,598,1
13.7700004577637,89.5,40.2000007629395,0.981000006198883,70.5,5316,268,112.400001525879,776,597,1
13.7299995422363,89.5,40.2000007629395,1.00300002098083,70.6999969482422,5185,276.799987792969,112.199996948242,777,600,1
13.8699998855591,89.5,40.2000007629395,0.97299998998642,68.3000030517578,5966,292.399993896484,112.400001525879,779,602,1
13.7799997329712,89.5,40.2000007629395,0.897000014781952,70.4000015258789,5797,289.5,112.400001525879,781,604,1
13.8800001144409,89.5,40.2000007629395,0.879000008106232,70.0999984741211,5536,275.799987792969,112.199996948242,783,606,1
13.8100004196167,89.5,40.2000007629395,0.970000028610229,69.8000030517578,5865,303.200012207031,113.099998474121,784,607,1
13.7799997329712,89.5,40.2000007629395,0.964999973773956,68.1999969482422,5635,274.899993896484,112.699996948242,785,610,1
13.710000038147,89.5,40.2999992370605,0.857999980449677,53.7999992370605,5716,293.399993896484,112.400001525879,785,610,1
13.9499998092651,89.5,40.2999992370605,0.978999972343445,51.5,5957,274.899993896484,112.400001525879,787,612,1
13.8199996948242,89.5,40.2999992370605,0.934000015258789,37.7999992370605,5754,297.299987792969,112.400001525879,788,615,1
13.7299995422363,89.5,40.2999992370605,0.885999977588654,30.8999996185303,5671,278.799987792969,112.400001525879,789,616,1
13.9499998092651,89.5,40.2999992370605,0.889999985694885,27.2999992370605,5542,293.399993896484,112.400001525879,790,618,1
13.8100004196167,89.5,40.2999992370605,0.869000017642975,26.7999992370605,5421,286.600006103516,112.5,791,619,1
13.789999961853,89.5,40.2999992370605,0.861000001430511,28.6000003814697,5306,276.799987792969,113.099998474121,793,619,1
13.4200000762939,89.5,40.2999992370605,0.875,33,5305,284.600006103516,112.5,793,619,1
13.789999961853,89.5,40.2999992370605,0.879000008106232,36.5999984741211,5429,292.399993896484,112.400001525879,793,620,1
13.8500003814697,89.5,40.2000007629395,0.925000011920929,40.7999992370605,5241,281.700012207031,112.400001525879,794,622,1
13.6899995803833,89.5,40.2000007629395,0.940999984741211,45,5220,282.700012207031,112.400001525879,795,622,1
13.8100004196167,89.5,40.2000007629395,0.975000023841858,47.2000007629395,5213,271.899993896484,112.400001525879,797,622,1
13.7700004577637,89.5,40.2000007629395,0.986000001430511,48.0999984741211,5288,276.799987792969,112.400001525879,799,622,1
13.8800001144409,89.5,40.2000007629395,0.938000023365021,48.7999992370605,5166,271,112.400001525879,800,622,1
14.0699996948242,89.5,40.2000007629395,0.981000006198883,49.0999984741211,5113,272.899993896484,112.699996948242,800,622,1
13.8599996566772,89.5,40.2000007629395,0.964999973773956,49.5,5213,277.799987792969,112.5,802,623,1
13.9200000762939,89.5,40.2000007629395,0.949000000953674,50.5999984741211,5106,271.899993896484,112.400001525879,804,624,1
13.9399995803833,89.5,40.2000007629395,0.987999975681305,52.4000015258789,5183,265.100006103516,112.400001525879,805,624,1
13.8599996566772,89.5,40.2000007629395,0.995999991893768,54.7999992370605,5170,273.899993896484,112.400001525879,807,625,1
13.789999961853,89.5,40.2000007629395,0.976000010967255,54.4000015258789,5502,289.5,112.400001525879,808,626,1
13.7200002670288,89.5,40.2000007629395,0.913999974727631,52.9000015258789,5391,293.399993896484,113.099998474121,810,626,1
13.789999961853,89.5,40.2000007629395,0.931999981403351,52.7000007629395,5623,291.5,112.699996948242,810,627,1
13.6400003433228,89.5,40.2000007629395,0.922999978065491,51,5705,287.600006103516,112.5,811,628,1
13.710000038147,89.5,40.2000007629395,0.958000004291534,51.0999984741211,5614,288.5,112.400001525879,813,630,1
13.710000038147,89.5,40.2000007629395,0.971000015735626,52,5700,286.600006103516,112.400001525879,814,630,1
13.8299999237061,89.5,40.2000007629395,0.958999991416931,56.2999992370605,5775,296.299987792969,112.400001525879,815,632,1
13.7799997329712,89.5,40.2000007629395,0.99099999666214,66.5999984741211,5590,291.5,112.400001525879,816,632,1
13.7700004577637,89.5,40.2000007629395,0.90200001001358,74.3000030517578,6387,309,113.099998474121,817,632,1
13.789999961853,89.5999984741211,40.2000007629395,0.878000020980835,76.0999984741211,6242,299.299987792969,113.099998474121,817,634,1
13.6499996185303,89.5999984741211,40.2000007629395,0.98199999332428,76.5999984741211,6798,298.299987792969,112.5,818,635,1
13.7700004577637,89.5,40.2000007629395,0.938000023365021,80.4000015258789,6911,294.399993896484,112.400001525879,819,636,1
13.4300003051758,89.5999984741211,40.2000007629395,0.970000028610229,84.6999969482422,7082,311,112.400001525879,820,637,1
13.5,89.5,40.2000007629395,0.984000027179718,86.6999969482422,7173,313.899993896484,112.400001525879,820,640,1
13.6499996185303,89.5999984741211,40.2000007629395,0.959999978542328,88,7411,311,112.199996948242,822,642,1
13.6499996185303,89.5999984741211,40.2000007629395,0.934000015258789,87,7890,313.899993896484,112.199996948242,822,642,1
13.3199996948242,89.5999984741211,40.2000007629395,0.931999981403351,52.7999992370605,7653,308.100006103516,113.099998474121,822,644,1
13.6700000762939,89.5999984741211,40.2000007629395,0.782000005245209,27,7582,307.100006103516,112.5,822,646,1
13.7200002670288,89.5999984741211,40.2000007629395,0.820999979972839,20.1000003814697,7251,298.299987792969,112.400001525879,824,649,1
13.7299995422363,89.5999984741211,40.2000007629395,0.833000004291534,19.3999996185303,6838,295.399993896484,112.199996948242,824,651,1
13.6000003814697,89.5999984741211,40.2000007629395,0.846000015735626,20,6568,302.200012207031,112.400001525879,825,654,1
13.7299995422363,89.5999984741211,40.2000007629395,0.883000016212463,19.7000007629395,6335,299.299987792969,112.400001525879,826,654,1
13.6599998474121,89.5999984741211,40.2000007629395,0.878000020980835,20.2000007629395,6128,296.299987792969,112.400001525879,826,655,1
13.6499996185303,89.5999984741211,40.2000007629395,0.864000022411346,21.3999996185303,5955,301.200012207031,113.099998474121,827,656,1
13.6000003814697,89.5999984741211,40.2000007629395,0.882000029087067,22.6000003814697,5757,296.299987792969,112.699996948242,827,656,1
13.8100004196167,89.5999984741211,40.2000007629395,0.892000019550323,24,5604,291.5,112.5,828,656,1
13.6899995803833,89.5999984741211,40.2000007629395,0.882000029087067,25.7000007629395,5388,285.600006103516,112.400001525879,828,655,1
13.75,89.5999984741211,40.2000007629395,0.875999987125397,27.7999992370605,5280,286.600006103516,112.400001525879,829,654,1
13.4700002670288,89.5999984741211,40.2000007629395,0.862999975681305,29.5,5235,281.700012207031,112.199996948242,829,654,1
13.6800003051758,89.5999984741211,40.0999984741211,0.865000009536743,31.8999996185303,5204,286.600006103516,112.400001525879,830,653,1
13.3400001525879,89.5999984741211,40.0999984741211,0.879000008106232,39,5298,283.700012207031,113.099998474121,831,652,1
13.8999996185303,89.5999984741211,40.0999984741211,0.945999979972839,44.9000015258789,5084,271,112.699996948242,833,651,1
13.7600002288818,89.5999984741211,40.0999984741211,0.978999972343445,49,4989,265.100006103516,112.5,833,650,1
13.7600002288818,89.5999984741211,40.0999984741211,0.998000025749207,51.2000007629395,5086,275.799987792969,112.400001525879,835,649,1
13.8400001525879,89.5999984741211,40.0999984741211,0.957000017166138,52.4000015258789,5281,277.799987792969,112.400001525879,835,649,1
13.8999996185303,89.5999984741211,40.0999984741211,0.944999992847443,53.4000015258789,5315,264.100006103516,112.400001525879,835,648,1
13.9799995422363,89.5999984741211,40.0999984741211,0.934000015258789,53.7999992370605,5275,275.799987792969,112.400001525879,837,648,1
13.8900003433228,89.5999984741211,40.0999984741211,0.939999997615814,53.7000007629395,5525,278.799987792969,112.199996948242,837,648,1
13.7399997711182,89.5999984741211,40.0999984741211,0.927999973297119,52.5,5461,275.799987792969,113.099998474121,838,647,1
13.8199996948242,89.5999984741211,40.0999984741211,0.908999979496002,46.7000007629395,5519,266.100006103516,112.699996948242,839,648,1
13.9499998092651,89.5999984741211,40.0999984741211,0.882000029087067,41.2999992370605,5500,279.700012207031,112.400001525879,840,648,1
13.7700004577637,89.5999984741211,40.0999984741211,0.896000027656555,37.7999992370605,5407,278.799987792969,112.400001525879,840,648,1
13.8100004196167,89.6999969482422,40.0999984741211,0.879000008106232,32.7000007629395,5318,283.700012207031,112.400001525879,841,649,1
13.710000038147,89.6999969482422,40.0999984741211,0.852999985218048,34.5,5221,278.799987792969,112.199996948242,840,649,1
13.7700004577637,89.6999969482422,40.0999984741211,0.883000016212463,38.7000007629395,5288,278.799987792969,112.400001525879,842,649,1
13.8500003814697,89.6999969482422,40.0999984741211,0.925999999046326,42.4000015258789,5529,282.700012207031,112.5,842,649,1
13.8000001907349,89.6999969482422,40.0999984741211,0.925999999046326,44.4000015258789,5590,286.600006103516,112.699996948242,842,649,1
13.6800003051758,89.6999969482422,40.0999984741211,0.921999990940094,48.7000007629395,5460,279.700012207031,112.5,843,649,1
13.8900003433228,89.6999969482422,40.0999984741211,0.958999991416931,53.2000007629395,5449,289.5,112.400001525879,843,649,1
13.7799997329712,89.6999969482422,40.0999984741211,0.950999975204468,57,5238,289.5,112.400001525879,843,650,1
13.8999996185303,89.6999969482422,40.0999984741211,0.973999977111816,59.0999984741211,5264,291.5,112.199996948242,844,650,1
13.3900003433228,89.6999969482422,40.0999984741211,0.97299998998642,60.9000015258789,5463,283.700012207031,112.199996948242,844,650,1
13.8900003433228,89.6999969482422,40.0999984741211,0.930000007152557,57.9000015258789,5529,286.600006103516,112.400001525879,845,651,1
13.789999961853,89.6999969482422,40.0999984741211,0.912999987602234,54.5,5880,270,113.099998474121,845,651,1
13.8000001907349,89.6999969482422,40.2000007629395,0.907000005245209,48.0999984741211,5903,287.600006103516,112.699996948242,845,651,1
13.6199998855591,89.6999969482422,40.2000007629395,0.935000002384186,38.0999984741211,5814,287.600006103516,112.400001525879,846,652,1
13.8500003814697,89.6999969482422,40.2000007629395,0.882000029087067,33.5999984741211,5550,281.700012207031,112.199996948242,847,652,1
13.8900003433228,89.8000030517578,40.2000007629395,0.910000026226044,31.1000003814697,5550,278.799987792969,112.400001525879,847,653,1
13.8699998855591,89.8000030517578,40.2000007629395,0.861000001430511,29.6000003814697,5436,276.799987792969,112.199996948242,847,653,1
13.7600002288818,89.8000030517578,40.2000007629395,0.850000023841858,29.6000003814697,5443,277.799987792969,112.199996948242,847,654,1
13.8800001144409,89.8000030517578,40.2000007629395,0.865000009536743,30,5339,284.600006103516,112.199996948242,847,654,1
13.8999996185303,89.8000030517578,40.2000007629395,0.848999977111816,30.6000003814697,5295,286.600006103516,113.099998474121,847,653,1
13.710000038147,89.8000030517578,40.2000007629395,0.851999998092651,32.2999992370605,5221,275.799987792969,112.5,847,654,1
13.4499998092651,89.8000030517578,40.2000007629395,0.865000009536743,35,5330,289.5,112.199996948242,848,653,1
13.8900003433228,89.8000030517578,40.2000007629395,0.879999995231628,35.2999992370605,5433,287.600006103516,112.199996948242,848,653,1
14.0299997329712,89.8000030517578,40.0999984741211,0.874000012874603,37.0999984741211,4969,269,112.199996948242,849,652,1
13.7299995422363,89.8000030517578,40.0999984741211,0.879000008106232,35.2999992370605,4707,261.200012207031,112.400001525879,849,651,1
13.7200002670288,89.8000030517578,40.0999984741211,0.870999991893768,34.0999984741211,4591,257.299987792969,112.199996948242,849,651,1
13.9899997711182,89.8000030517578,40.0999984741211,0.861000001430511,34,4638,259.200012207031,112.699996948242,849,650,1
13.960000038147,89.8000030517578,40.2000007629395,0.870999991893768,33.9000015258789,4730,256.299987792969,112.5,849,650,1
13.8100004196167,89.8000030517578,40.2000007629395,0.853999972343445,34.4000015258789,4605,244.600006103516,112.400001525879,850,649,1
13.9300003051758,89.9000015258789,40.2000007629395,0.836000025272369,46.7000007629395,4928,262.200012207031,112.199996948242,850,649,1
13.9300003051758,89.9000015258789,40.2000007629395,0.882000029087067,51.7999992370605,5107,263.100006103516,112.199996948242,851,648,1
14.0100002288818,89.9000015258789,40.2000007629395,0.949999988079071,57.7999992370605,4907,251.399993896484,112.199996948242,851,647,1
13.8400001525879,89.9000015258789,40.0999984741211,0.995000004768372,65.5999984741211,5025,280.700012207031,112.400001525879,850,647,1
13.6800003051758,89.8000030517578,40.0999984741211,0.904999971389771,79.5,5234,279.700012207031,112.199996948242,850,647,1
13.7799997329712,89.9000015258789,40.0999984741211,0.885999977588654,82.8000030517578,5598,292.399993896484,112.699996948242,851,646,1
13.6199998855591,89.9000015258789,40.0999984741211,0.935999989509583,84.6999969482422,5686,292.399993896484,112.400001525879,852,647,1
13.6599998474121,89.9000015258789,40.0999984741211,0.970000028610229,91.3000030517578,5945,297.299987792969,112.199996948242,852,646,1
13.8500003814697,89.9000015258789,40.2000007629395,0.873000025749207,91.4000015258789,5908,301.200012207031,112.199996948242,851,646,1
13.7399997711182,89.9000015258789,40.2000007629395,0.898000001907349,89.0999984741211,6411,307.100006103516,112.199996948242,851,647,1
13.7600002288818,89.9000015258789,40.2000007629395,0.950999975204468,87.9000015258789,6824,305.100006103516,112.199996948242,851,647,1
13.5699996948242,89.9000015258789,40.2000007629395,0.898000001907349,87.5999984741211,6840,307.100006103516,112.199996948242,851,648,1
13.6400003433228,89.9000015258789,40.2000007629395,0.958000004291534,86.5999984741211,7033,301.200012207031,112.400001525879,850,649,1
13.539999961853,89.9000015258789,40.2000007629395,0.962999999523163,84.8000030517578,7390,313,112.699996948242,850,651,1
13.789999961853,89.9000015258789,40.2000007629395,0.919000029563904,80.4000015258789,7981,295.399993896484,112.400001525879,850,653,1
13.8800001144409,89.9000015258789,40.2000007629395,0.879999995231628,57.7000007629395,8002,317.799987792969,112.199996948242,849,654,1
13.7700004577637,89.9000015258789,40.2000007629395,0.913999974727631,55.4000015258789,8115,318.799987792969,112.199996948242,849,657,1
13.7299995422363,89.9000015258789,40.2000007629395,0.912999987602234,42.5,7816,309,112.199996948242,849,657,1
13.5600004196167,89.9000015258789,40.2999992370605,0.754999995231628,25.6000003814697,7522,302.200012207031,112.199996948242,849,659,1
13.7600002288818,89.9000015258789,40.2999992370605,0.806999981403351,21.6000003814697,7211,304.200012207031,112.199996948242,849,662,1
13.7700004577637,89.9000015258789,40.2999992370605,0.850000023841858,25.6000003814697,7055,302.200012207031,112.699996948242,849,664,1
13.8400001525879,89.9000015258789,40.2000007629395,0.995999991893768,29.6000003814697,7159,302.200012207031,112.199996948242,849,665,1
13.8599996566772,89.9000015258789,40.2000007629395,0.962999999523163,28.3999996185303,7255,309,112,849,667,1
13.8900003433228,89.9000015258789,40.2000007629395,0.927999973297119,28.2999992370605,7003,302.200012207031,112.199996948242,849,667,1
13.7399997711182,89.9000015258789,40.2000007629395,0.955999970436096,30.2999992370605,6930,307.100006103516,112.199996948242,849,668,1
13.8699998855591,89.9000015258789,40.2000007629395,0.986999988555908,36.7000007629395,7062,297.299987792969,112.199996948242,850,669,1
13.8999996185303,89.9000015258789,40.2000007629395,0.986999988555908,38.5,7109,304.200012207031,112,851,669,1
13.8900003433228,89.9000015258789,40.2000007629395,0.939000010490417,38.9000015258789,7081,306.100006103516,112.5,852,670,1
13.4200000762939,89.9000015258789,40.2000007629395,0.986999988555908,47.4000015258789,7001,308.100006103516,112.400001525879,853,670,1
13.8299999237061,89.9000015258789,40.2000007629395,0.971000015735626,59.5,6922,304.200012207031,112,854,671,1
13.5299997329712,89.9000015258789,40.2000007629395,0.947000026702881,65.1999969482422,7533,313,112,854,671,1
13.6899995803833,89.9000015258789,40.2000007629395,1.12899994850159,67.1999969482422,7433,308.100006103516,112,856,671,1
13.6599998474121,89.9000015258789,40.2000007629395,0.958000004291534,63.2000007629395,7601,315.899993896484,112,856,673,1
13.4200000762939,89.9000015258789,40.2000007629395,0.870999991893768,73.4000015258789,7751,313,112,858,674,1
13.5799999237061,89.9000015258789,40.2000007629395,0.889999985694885,78.5,7851,322.700012207031,112.5,858,676,1
13.6899995803833,89.9000015258789,40.2000007629395,0.977999985218048,81.8000030517578,7970,313,112.400001525879,859,677,1
13.3400001525879,89.9000015258789,40.2000007629395,0.903999984264374,80.4000015258789,8353,307.100006103516,112.199996948242,860,677,1
13.5200004577637,89.9000015258789,40.2000007629395,1.01900005340576,84.6999969482422,7183,304.200012207031,112,860,680,2
13.3400001525879,89.9000015258789,40.2000007629395,1.83800005912781,92.4000015258789,5876,279.700012207031,112,861,681,2
13.7799997329712,89.9000015258789,40.2000007629395,1.1360000371933,82.9000015258789,6500,296.299987792969,112.199996948242,861,684,2
13.5600004196167,90,40.2000007629395,1.14999997615814,78.5999984741211,6371,292.399993896484,112,861,685,2
13.5799999237061,90,40.2000007629395,1.09300005435944,72.1999969482422,6511,294.399993896484,112.5,859,686,2
13.6499996185303,90,40.2000007629395,0.958999991416931,64.3000030517578,6810,304.200012207031,112.5,859,687,2
13.710000038147,90,40.2000007629395,1.03600001335144,66.6999969482422,6933,307.100006103516,112.199996948242,858,687,2
13.3699998855591,90,40.2000007629395,0.927999973297119,74.9000015258789,6798,320.799987792969,112,858,689,2
13.2700004577637,90,40.2000007629395,0.873000025749207,74.4000015258789,6942,302.200012207031,112,856,690,2
13.3000001907349,90,40.2000007629395,0.864000022411346,78.9000015258789,7073,303.200012207031,112,856,691,2
13.4200000762939,90,40.2000007629395,0.879000008106232,80,6993,304.200012207031,112,854,692,2
13.1300001144409,90,40.2000007629395,0.920000016689301,82.3000030517578,7133,292.399993896484,112.199996948242,853,693,2
13.2600002288818,90,40.2000007629395,0.991999983787537,82.3000030517578,7257,307.100006103516,112.5,853,694,2
13.4399995803833,90,40.2000007629395,0.846000015735626,80.9000015258789,7320,297.299987792969,112.199996948242,852,694,2
13.75,90.0999984741211,40.2000007629395,0.879000008106232,79.5999984741211,7410,311,112,852,695,2
13.710000038147,90,40.2000007629395,0.971000015735626,72.4000015258789,7319,305.100006103516,112,851,697,2
13.7200002670288,90.0999984741211,40.2000007629395,1.16600000858307,64.9000015258789,7512,288.5,112,851,698,2
13.7799997329712,90.0999984741211,40.2000007629395,1.14300000667572,71.4000015258789,7686,323.700012207031,112,851,699,2
13.7600002288818,90.0999984741211,40.2000007629395,1.04999995231628,70.5,7800,319.799987792969,112,850,701,2
13.9300003051758,90.0999984741211,40.2000007629395,0.947000026702881,63.9000015258789,7574,307.100006103516,112.5,849,703,2
13.4200000762939,90.0999984741211,40.2000007629395,0.968999981880188,40.2000007629395,7500,311,112.199996948242,849,703,2
13.6199998855591,90.0999984741211,40.2000007629395,0.887000024318695,27.6000003814697,7326,299.299987792969,112,849,705,2
13.6499996185303,90.1999969482422,40.2000007629395,0.897000014781952,22.6000003814697,6958,306.100006103516,112,849,706,2
13.7600002288818,90.1999969482422,40.2000007629395,1.00300002098083,23.2999992370605,6396,301.200012207031,112,849,706,2
13.8100004196167,90.1999969482422,40.2000007629395,1.48399996757507,25.2999992370605,6300,303.200012207031,111.699996948242,849,708,2
13.7700004577637,90.1999969482422,40.2000007629395,1.60399997234344,24.8999996185303,5930,302.200012207031,112,849,708,1
13.6700000762939,90.1999969482422,40.2000007629395,2.09200000762939,24.3999996185303,6001,307.100006103516,112.400001525879,847,708,1
13.8900003433228,90.1999969482422,40.2000007629395,2.40000009536743,23.7000007629395,5992,293.399993896484,112.400001525879,847,707,1
13.8400001525879,90.1999969482422,40.2000007629395,2.40000009536743,22.7999992370605,6216,302.200012207031,112.199996948242,846,707,1
13.5,90.1999969482422,40.0999984741211,1.32700002193451,21.2000007629395,6371,300.299987792969,112,844,705,1
13.7399997711182,90.1999969482422,40.0999984741211,1.08500003814697,21,6128,283.700012207031,111.699996948242,842,703,1
13.7299995422363,90.1999969482422,40.0999984741211,1.08299994468689,21.7999992370605,5991,293.399993896484,111.699996948242,840,701,1
13.7299995422363,90.3000030517578,40.0999984741211,1.08599996566772,22.7999992370605,5750,290.5,111.699996948242,840,701,1
13.7799997329712,90.3000030517578,40.0999984741211,1.16299998760223,23.7999992370605,5641,283.700012207031,112,837,699,1
13.75,90.3000030517578,40,1.1139999628067,25.1000003814697,5424,288.5,112.199996948242,837,699,1
13.8699998855591,90.3000030517578,40,1.15699994564056,26.6000003814697,5199,279.700012207031,112.400001525879,837,697,1
13.8299999237061,90.3000030517578,40,1.18400001525879,28.1000003814697,5081,278.799987792969,112,836,695,1
13.3800001144409,90.3000030517578,40,1.16299998760223,29.5,4951,265.100006103516,111.699996948242,836,693,1
13.8800001144409,90.3000030517578,40,1.21300005912781,32,4791,261.200012207031,111.699996948242,836,691,1
13.9700002670288,90.4000015258789,40,1.43400001525879,36.5999984741211,4551,258.299987792969,111.699996948242,836,689,1
13.8100004196167,90.4000015258789,40,1.88699996471405,49.9000015258789,4360,250.5,111.699996948242,835,689,1
13.960000038147,90.4000015258789,40,2.0090000629425,71.3000030517578,4180,241.699996948242,111.699996948242,835,687,1
13.8500003814697,90.4000015258789,40,2.40000009536743,86.0999984741211,4016,233.800003051758,112.5,835,686,1
14.0200004577637,90.4000015258789,40,2.40000009536743,92.1999969482422,3961,229.899993896484,112.199996948242,834,684,1
13.9099998474121,90.4000015258789,40,2.40000009536743,92.1999969482422,3941,242.600006103516,112,833,683,1
14.0600004196167,90.4000015258789,40,2.40000009536743,95.0999984741211,3848,222.100006103516,111.699996948242,830,681,1
14.039999961853,90.5,40,2.40000009536743,95.0999984741211,3674,219.199996948242,111.699996948242,826,678,1
13.7600002288818,90.5,40,2.40000009536743,94.9000015258789,3615,224.100006103516,111.699996948242,826,678,1
13.9799995422363,90.5,40,2.40000009536743,95.8000030517578,3477,218.199996948242,111.699996948242,821,675,1
13.8800001144409,90.5,40,2.40000009536743,94.8000030517578,3490,211.399993896484,112,815,671,1
13.789999961853,90.5,40,2.40000009536743,95.6999969482422,3351,215.300003051758,112.400001525879,808,667,1
13.8999996185303,90.5,40.0999984741211,2.40000009536743,96.8000030517578,3291,206.5,112.199996948242,801,662,1
13.8900003433228,90.5,40.0999984741211,2.40000009536743,94.5,3120,212.399993896484,111.699996948242,793,658,1
13.789999961853,90.5,40.0999984741211,2.40000009536743,96,3120,207.5,111.5,786,658,1
13.9399995803833,90.5,40.0999984741211,2.40000009536743,97,2926,203.600006103516,111.5,786,653,1
13.8000001907349,90.5999984741211,40.0999984741211,2.40000009536743,96.5,2930,200.600006103516,111.5,779,649,1
13.8900003433228,90.5999984741211,40.0999984741211,2.40000009536743,94.5,2762,196.699996948242,111.5,771,645,1
13.8299999237061,90.5999984741211,40.0999984741211,2.40000009536743,99.4000015258789,2943,201.600006103516,112,764,640,1
13.7799997329712,90.5999984741211,40.0999984741211,1.89400005340576,96.5999984741211,3530,219.199996948242,112.199996948242,756,636,1
13.8299999237061,90.5999984741211,40.0999984741211,1.0789999961853,92.0999984741211,3053,216.300003051758,111.699996948242,750,636,1
13.8900003433228,90.5999984741211,40.0999984741211,0.975000023841858,96.5,3667,222.100006103516,111.699996948242,750,632,1
13.8500003814697,90.5999984741211,40.2000007629395,0.920000016689301,96.1999969482422,3875,229.899993896484,111.699996948242,744,629,1
13.789999961853,90.5999984741211,40.2000007629395,0.887000024318695,93,4513,237.800003051758,111.5,740,627,1
13.710000038147,90.5999984741211,40.2000007629395,0.966000020503998,94.1999969482422,4789,263.100006103516,111.5,736,625,1
13.8500003814697,90.5999984741211,40.2000007629395,0.953999996185303,92.5,5133,279.700012207031,111.5,733,625,1
13.8500003814697,90.5999984741211,40.2000007629395,0.96399998664856,90.8000030517578,5127,270,112.199996948242,731,624,1
13.4799995422363,90.6999969482422,40.2000007629395,0.967999994754791,91.3000030517578,5689,278.799987792969,112,731,624,1
13.7399997711182,90.6999969482422,40.2000007629395,0.964999973773956,89.3000030517578,5723,305.100006103516,111.699996948242,730,624,1
13.8599996566772,90.6999969482422,40.2000007629395,0.943000018596649,87.5,6037,299.299987792969,111.5,730,626,1
13.8500003814697,90.6999969482422,40.2000007629395,0.936999976634979,84.0999984741211,6598,313.899993896484,111.5,730,627,1
13.8100004196167,90.6999969482422,40.2000007629395,0.949000000953674,74.0999984741211,6577,313,111.300003051758,730,628,1
13.8299999237061,90.6999969482422,40.2000007629395,0.948000013828278,70.0999984741211,6276,310,111.5,731,630,1
13.3900003433228,90.6999969482422,40.2000007629395,1.66700005531311,71.6999969482422,5615,282.700012207031,111.699996948242,733,630,2
13.7799997329712,90.6999969482422,40.2000007629395,1.11500000953674,70.8000030517578,5410,272.899993896484,112.199996948242,733,632,2
13.5600004196167,90.6999969482422,40.2000007629395,0.890999972820282,75.6999969482422,5428,282.700012207031,111.5,735,634,2
13.6899995803833,90.6999969482422,40.2000007629395,0.970000028610229,70.5999984741211,5613,289.5,111.5,735,636,2
13.6300001144409,90.6999969482422,40.2000007629395,0.976999998092651,68.1999969482422,5794,282.700012207031,111.5,736,638,2
13.789999961853,90.6999969482422,40.2000007629395,0.920000016689301,66.3000030517578,5602,280.700012207031,111.5,738,640,2
13.8599996566772,90.6999969482422,40.2000007629395,0.967999994754791,64.8000030517578,5727,290.5,111.5,740,641,2
13.8000001907349,90.6999969482422,40.2000007629395,0.947000026702881,62.4000015258789,5838,297.299987792969,111.300003051758,741,641,2
13.6000003814697,90.6999969482422,40.2000007629395,0.981000006198883,62,5988,296.299987792969,112.199996948242,741,643,2
13.7399997711182,90.6999969482422,40.2000007629395,0.950999975204468,61,6164,290.5,111.699996948242,744,645,2
13.8599996566772,90.6999969482422,40.2000007629395,0.952000021934509,60.2999992370605,6248,293.399993896484,111.5,745,647,2
13.8900003433228,90.8000030517578,40.2000007629395,0.970000028610229,59.0999984741211,6276,292.399993896484,111.5,748,648,2
13.7600002288818,90.8000030517578,40.2000007629395,0.953000009059906,58.0999984741211,6189,313.899993896484,111.300003051758,750,650,2
13.9200000762939,90.8000030517578,40.2000007629395,0.938000023365021,49,6155,278.799987792969,111.300003051758,753,652,2
13.789999961853,90.8000030517578,40.0999984741211,0.959999978542328,50.5,6229,303.200012207031,111.699996948242,753,652,2
13.7299995422363,90.8000030517578,40.0999984741211,0.964999973773956,47.5999984741211,6227,305.100006103516,112,755,653,2
13.710000038147,90.6999969482422,40.0999984741211,0.972000002861023,46.5999984741211,6335,284.600006103516,111.699996948242,757,655,2
13.6899995803833,90.8000030517578,40.0999984741211,1.00600004196167,48.5,6393,304.200012207031,111.300003051758,760,657,2
13.8900003433228,90.6999969482422,40.0999984741211,0.989000022411346,47.9000015258789,6267,282.700012207031,111.5,763,659,2
13.75,90.8000030517578,40.0999984741211,0.996999979019165,46.5999984741211,6306,307.100006103516,111.300003051758,765,660,2
13.710000038147,90.8000030517578,40.0999984741211,0.980000019073486,47.9000015258789,6497,303.200012207031,111.300003051758,765,659,2
13.8100004196167,90.8000030517578,40,0.995000004768372,47.2000007629395,6443,285.600006103516,111.300003051758,767,661,2
13.960000038147,90.8000030517578,40,0.998000025749207,47.9000015258789,6403,295.399993896484,112.199996948242,770,663,2
13.8599996566772,90.8000030517578,40,0.991999983787537,48.7999992370605,6530,284.600006103516,111.699996948242,773,664,2
13.9200000762939,90.8000030517578,40,1.01699995994568,49.5,6465,305.100006103516,111.5,775,666,2
13.7600002288818,90.8000030517578,40,0.986999988555908,48.7000007629395,6500,313.899993896484,111.300003051758,778,668,2
13.8199996948242,90.6999969482422,40,0.987999975681305,49.2999992370605,6563,303.200012207031,111.300003051758,780,668,2
13.8900003433228,90.8000030517578,40,0.989000022411346,52.7999992370605,6502,313.899993896484,111.300003051758,780,668,2
13.9300003051758,90.8000030517578,40,1.01699995994568,58.0999984741211,6723,305.100006103516,111.300003051758,783,670,2
13.9700002670288,90.8000030517578,40,0.99099999666214,61.0999984741211,6624,310,111.099998474121,786,672,2
13.9700002670288,90.8000030517578,40,0.995999991893768,61.9000015258789,6794,286.600006103516,112,788,674,2
13.3400001525879,90.8000030517578,40,0.958999991416931,53.9000015258789,6689,290.5,111.5,791,675,2
13.8100004196167,90.8000030517578,40,0.878000020980835,36.2999992370605,6705,304.200012207031,111.300003051758,793,676,2
13.8900003433228,90.8000030517578,40,0.870999991893768,25.1000003814697,6644,298.299987792969,111.099998474121,796,676,2
13.8199996948242,90.8000030517578,40,0.897000014781952,21,6502,294.399993896484,111.099998474121,796,678,2
13.7200002670288,90.8000030517578,40,0.864000022411346,20.1000003814697,6317,293.399993896484,111.300003051758,797,679,2
13.7399997711182,90.8000030517578,40,0.870999991893768,20,6309,305.100006103516,111.099998474121,800,680,2
13.7200002670288,90.8000030517578,40,0.875999987125397,20.5,6120,293.399993896484,112,801,680,2
13.6499996185303,90.8000030517578,40,0.879999995231628,21.6000003814697,5794,295.399993896484,111.699996948242,803,680,2
13.75,90.8000030517578,40,0.986999988555908,23.2999992370605,5480,299.299987792969,111.5,805,680,2
13.6999998092651,90.8000030517578,39.9000015258789,1.38300001621246,25.2999992370605,5190,282.700012207031,111.099998474121,805,680,2
13.8699998855591,90.8000030517578,39.9000015258789,1.69099998474121,26.7999992370605,4915,269,111.099998474121,807,678,2
13.8500003814697,90.8000030517578,39.9000015258789,2.10199999809265,28,4652,257.299987792969,111.099998474121,807,677,2
13.6999998092651,90.8000030517578,39.9000015258789,2.40000009536743,29.2999992370605,4423,250.5,111.099998474121,807,675,2
13.710000038147,90.8000030517578,39.9000015258789,2.40000009536743,30.1000003814697,4199,251.399993896484,111.099998474121,807,673,1
13.8100004196167,90.8000030517578,39.9000015258789,1.87300002574921,30.3999996185303,4388,254.399993896484,112,805,671,1
13.6400003433228,90.8000030517578,39.9000015258789,2.40000009536743,30.2000007629395,4576,257.299987792969,111.300003051758,805,671,1
13.8100004196167,90.8000030517578,39.9000015258789,2.40000009536743,30.1000003814697,4505,249.5,111.300003051758,805,671,1
13.7299995422363,90.8000030517578,39.7999992370605,2.40000009536743,30.5,4596,260.200012207031,111.099998474121,803,668,1
13.8199996948242,90.8000030517578,39.7999992370605,1.02100002765656,30.7999992370605,4573,251.399993896484,111.099998474121,800,666,1
13.75,90.8000030517578,39.7999992370605,0.896000027656555,31.5,4393,246.5,111.099998474121,797,664,1
13.6999998092651,90.8000030517578,39.7999992370605,0.882000029087067,39.5,4217,238.699996948242,111.099998474121,794,661,1
13.9099998474121,90.9000015258789,39.7999992370605,0.958000004291534,45.4000015258789,4436,236.800003051758,112,792,659,1
13.6400003433228,90.9000015258789,39.7999992370605,0.919000029563904,55.4000015258789,4424,248.5,111.5,790,659,1
13.6800003051758,90.9000015258789,39.7999992370605,1.01300001144409,57.4000015258789,4273,244.600006103516,111.300003051758,790,657,1
13.7299995422363,90.9000015258789,39.7999992370605,1.03299999237061,62.4000015258789,4629,244.600006103516,111.099998474121,788,655,1
13.7299995422363,90.9000015258789,39.7999992370605,1.06299996376038,73.3000030517578,5661,282.700012207031,111.099998474121,788,654,1
13.7799997329712,90.9000015258789,39.7999992370605,0.897000014781952,79.3000030517578,4927,262.200012207031,111.099998474121,788,653,1
13.789999961853,90.9000015258789,39.7999992370605,0.931999981403351,72.0999984741211,5128,270,111.099998474121,788,653,1
13.5799999237061,90.9000015258789,39.7999992370605,0.981000006198883,67.6999969482422,5614,293.399993896484,111.699996948242,789,653,1
13.8100004196167,90.9000015258789,39.7999992370605,0.947000026702881,71.4000015258789,5413,279.700012207031,111.5,789,653,1
13.8299999237061,90.9000015258789,39.7999992370605,0.842000007629395,53.7999992370605,5236,278.799987792969,111.099998474121,790,653,1
13.6499996185303,90.9000015258789,39.7999992370605,0.869000017642975,46.2999992370605,5438,278.799987792969,111.099998474121,790,653,1
13.7299995422363,90.9000015258789,39.7999992370605,0.916999995708466,40,5212,271,111.099998474121,791,655,1
13.8900003433228,91,39.7999992370605,0.879999995231628,50,5290,273.899993896484,111.099998474121,792,655,1
13.9099998474121,91,39.7999992370605,0.902999997138977,52.7000007629395,5430,271.899993896484,110.800003051758,792,655,1
13.8199996948242,91,39.7999992370605,0.962000012397766,51.2000007629395,5360,273.899993896484,111.300003051758,794,655,1
13.7799997329712,91,39.7999992370605,0.944999992847443,52.5999984741211,5496,276.799987792969,111.699996948242,794,656,1
13.75,91,39.7999992370605,0.96399998664856,52.4000015258789,5538,282.700012207031,111.300003051758,795,656,1
13.7600002288818,91,39.7999992370605,0.953000009059906,49.7999992370605,5600,295.399993896484,111.099998474121,795,656,1
13.7600002288818,91,39.7999992370605,0.925000011920929,41.5,5687,270,110.800003051758,797,657,1
13.8999996185303,91,39.7999992370605,0.893999993801117,34.7000007629395,5504,276.799987792969,111.099998474121,798,658,1
13.8400001525879,91,39.7999992370605,0.890999972820282,31.5,5310,269,111.099998474121,799,659,1
13.7299995422363,91,39.7999992370605,0.879000008106232,31.7000007629395,5192,280.700012207031,111.099998474121,801,659,1
13.5100002288818,91,39.7999992370605,0.860000014305115,30.8999996185303,5236,278.799987792969,111.5,801,659,1
13.7200002670288,91,39.7999992370605,0.83899998664856,30.2999992370605,5260,275.799987792969,111.5,802,660,1
13.8199996948242,91,39.7999992370605,0.828000009059906,29.6000003814697,5215,283.700012207031,111.099998474121,803,660,1
13.6300001144409,91,39.7999992370605,0.829999983310699,31.7000007629395,5180,272.899993896484,111.099998474121,805,660,1
13.7299995422363,91,39.7999992370605,0.859000027179718,37,5231,281.700012207031,111.099998474121,805,659,1
13.8800001144409,91.0999984741211,39.7999992370605,0.892000019550323,38.2000007629395,5007,272.899993896484,111.099998474121,806,659,1
13.8400001525879,91.0999984741211,39.7999992370605,0.896000027656555,39.7000007629395,4962,270,110.800003051758,806,659,1
13.8900003433228,91.0999984741211,39.7999992370605,0.897000014781952,41.7999992370605,4989,276.799987792969,110.800003051758,807,658,1
13.7399997711182,91.0999984741211,39.7999992370605,0.916999995708466,47,5095,273.899993896484,111.699996948242,809,657,1
13.6300001144409,91.0999984741211,39.7999992370605,0.99099999666214,50.7000007629395,5350,278.799987792969,111.300003051758,810,656,1
13.9200000762939,91.0999984741211,39.7999992370605,0.967000007629395,57.9000015258789,4985,265.100006103516,110.800003051758,812,656,1
13.6099996566772,91.0999984741211,39.7999992370605,0.981000006198883,60,5233,269,110.800003051758,813,656,1
13.8900003433228,91.0999984741211,39.7999992370605,0.981000006198883,58.4000015258789,5340,280.700012207031,110.800003051758,814,656,1
13.7700004577637,91.0999984741211,39.7999992370605,0.944000005722046,56.2000007629395,5298,281.700012207031,110.800003051758,814,656,1
13.7700004577637,91.0999984741211,39.7999992370605,0.902999997138977,53.9000015258789,5356,289.5,110.800003051758,815,656,1
13.8100004196167,91.0999984741211,39.7999992370605,0.896000027656555,49.9000015258789,5272,278.799987792969,111.300003051758,817,656,1
13.4899997711182,91.0999984741211,39.7999992370605,0.898000001907349,49.5,5246,280.700012207031,111.5,818,656,1
13.9099998474121,91.0999984741211,39.7999992370605,0.941999971866608,48.2000007629395,5276,279.700012207031,111.099998474121,820,657,1
13.5500001907349,91.0999984741211,39.7999992370605,0.925999999046326,40.0999984741211,5028,272.899993896484,110.800003051758,820,658,1
13.6800003051758,91.0999984741211,39.7999992370605,0.879000008106232,36.2000007629395,4948,267.100006103516,110.800003051758,820,658,1
13.9399995803833,91.0999984741211,39.7999992370605,0.887000024318695,35.4000015258789,5006,263.100006103516,110.800003051758,821,658,1
13.8699998855591,91.0999984741211,39.7999992370605,0.869000017642975,40.0999984741211,5080,272.899993896484,110.800003051758,822,659,1
13.7299995422363,91.0999984741211,39.7999992370605,0.887000024318695,49.2999992370605,5119,258.299987792969,110.800003051758,823,659,1
13.7799997329712,91.0999984741211,39.7999992370605,0.980000019073486,48.5,5056,274.899993896484,111.5,824,659,1
13.8999996185303,91.0999984741211,39.7999992370605,0.921999990940094,42.4000015258789,5064,262.200012207031,111.300003051758,825,659,1
13.6499996185303,91.0999984741211,39.7999992370605,0.902999997138977,41.2999992370605,5216,280.700012207031,110.800003051758,825,659,1
13.8000001907349,91.0999984741211,39.7999992370605,0.888000011444092,37.2999992370605,5091,266.100006103516,110.800003051758,825,659,1
13.6400003433228,91.0999984741211,39.7999992370605,0.878000020980835,42.2000007629395,5021,276.799987792969,110.800003051758,826,659,1
13.7399997711182,91.0999984741211,39.7999992370605,0.888999998569489,50.5999984741211,5106,270,110.599998474121,827,659,1
13.7600002288818,91.0999984741211,39.7999992370605,0.959999978542328,50.2999992370605,5247,281.700012207031,110.599998474121,828,659,1
13.7299995422363,91.0999984741211,39.7999992370605,0.943000018596649,50.7000007629395,5286,275.799987792969,110.599998474121,828,660,1
13.8900003433228,91.0999984741211,39.7999992370605,0.958000004291534,55,5207,272.899993896484,111.5,829,660,1
13.7600002288818,91.0999984741211,39.7999992370605,0.943000018596649,59.5999984741211,5366,280.700012207031,111.099998474121,829,660,1
13.6000003814697,91.0999984741211,39.7999992370605,0.995000004768372,67.6999969482422,5384,285.600006103516,110.800003051758,830,660,1
13.710000038147,91.0999984741211,39.7999992370605,0.898000001907349,74.1999969482422,5658,271,110.800003051758,831,660,1
13.7200002670288,91.0999984741211,39.7999992370605,0.903999984264374,82.4000015258789,5994,299.299987792969,110.599998474121,832,662,1
13.5100002288818,91.0999984741211,39.7999992370605,0.894999980926514,78.5999984741211,6047,288.5,110.599998474121,832,662,1
13.8000001907349,91.1999969482422,39.7999992370605,0.913999974727631,80.8000030517578,6345,286.600006103516,110.599998474121,833,662,1
13.6499996185303,91.1999969482422,39.7999992370605,0.984000027179718,79.9000015258789,6533,306.100006103516,111.300003051758,833,662,1
13.5,91.0999984741211,39.7999992370605,0.961000025272369,84.9000015258789,6773,292.399993896484,111.300003051758,834,663,1
13.7299995422363,91.0999984741211,39.7999992370605,0.943000018596649,87.6999969482422,6743,306.100006103516,110.800003051758,834,664,1
13.6700000762939,91.0999984741211,39.7999992370605,0.940999984741211,86.4000015258789,6922,292.399993896484,110.599998474121,834,666,1
13.6700000762939,91.0999984741211,39.7999992370605,0.977999985218048,88.0999984741211,7304,292.399993896484,110.800003051758,834,667,1
13.7399997711182,91.0999984741211,39.7999992370605,0.947000026702881,86.3000030517578,7522,327.600006103516,110.599998474121,835,670,1
13.8199996948242,91.0999984741211,39.7999992370605,0.959999978542328,87.1999969482422,6501,298.299987792969,110.599998474121,835,670,2
13.8599996566772,91.0999984741211,39.7999992370605,1.78600001335144,91.8000030517578,5822,295.399993896484,111.5,836,672,2
13.6899995803833,91.0999984741211,39.9000015258789,1.01499998569489,89.6999969482422,5983,283.700012207031,111.099998474121,835,674,2
13.8699998855591,91.0999984741211,39.9000015258789,0.982999980449677,90.3000030517578,6066,308.100006103516,110.800003051758,836,675,2
13.5500001907349,91.0999984741211,39.9000015258789,0.971000015735626,86.8000030517578,6495,287.600006103516,110.599998474121,835,676,2
13.7600002288818,91.0999984741211,39.9000015258789,0.998000025749207,86.1999969482422,6648,301.200012207031,110.599998474121,833,677,2
13.7299995422363,91.1999969482422,39.9000015258789,0.96399998664856,85.8000030517578,6559,318.799987792969,110.599998474121,833,678,2
13.6999998092651,91.0999984741211,39.9000015258789,0.975000023841858,83.3000030517578,6937,294.399993896484,110.599998474121,833,678,2
13.7299995422363,91.0999984741211,39.9000015258789,0.976999998092651,83.5,7078,315.899993896484,110.599998474121,833,680,2
13.3800001144409,91.1999969482422,39.9000015258789,0.98199999332428,82,7220,303.200012207031,111.300003051758,832,682,2
13.4200000762939,91.1999969482422,39.9000015258789,0.978999972343445,81.3000030517578,7384,311,111.099998474121,832,684,2
13.8800001144409,91.1999969482422,39.9000015258789,1.05400002002716,79.5,6453,313.899993896484,110.800003051758,833,686,3
13.8800001144409,91.1999969482422,39.9000015258789,2.02300000190735,84,5891,298.299987792969,110.599998474121,833,689,3
13.7700004577637,91.1999969482422,39.9000015258789,1.04100000858307,78.1999969482422,6058,294.399993896484,110.599998474121,833,689,3
13.460000038147,91.1999969482422,39.9000015258789,0.962000012397766,77.4000015258789,6287,273.899993896484,110.599998474121,832,690,3
13.8100004196167,91.1999969482422,39.9000015258789,0.995000004768372,72.9000015258789,6355,301.200012207031,110.599998474121,832,691,3
13.6700000762939,91.0999984741211,39.9000015258789,0.944999992847443,62.2000007629395,6374,288.5,110.599998474121,832,691,3
13.7299995422363,91.1999969482422,39.9000015258789,0.855000019073486,51.5999984741211,6221,287.600006103516,111.300003051758,832,693,3
13.8900003433228,91.0999984741211,39.9000015258789,0.901000022888184,46.9000015258789,6241,309,111.099998474121,832,694,3
13.8000001907349,91.1999969482422,39.9000015258789,0.994000017642975,43.4000015258789,6340,278.799987792969,110.599998474121,831,695,3
13.8900003433228,91.1999969482422,39.9000015258789,0.976999998092651,40.4000015258789,6303,304.200012207031,110.599998474121,831,696,3
13.7299995422363,91.1999969482422,39.9000015258789,0.921999990940094,35.9000015258789,6266,281.700012207031,110.599998474121,831,696,3
13.9099998474121,91.1999969482422,39.9000015258789,0.931999981403351,34.2999992370605,6164,306.100006103516,110.599998474121,831,697,3
13.960000038147,91.1999969482422,39.9000015258789,0.935999989509583,33.5999984741211,6116,295.399993896484,111.5,831,697,3
13.8100004196167,91.1999969482422,39.9000015258789,0.944000005722046,33,6175,297.299987792969,110.800003051758,831,699,3
13.9499998092651,91.1999969482422,39.9000015258789,0.935999989509583,33.2000007629395,6110,305.100006103516,110.599998474121,831,699,3
13.8900003433228,91.1999969482422,39.7999992370605,0.926999986171722,33.2000007629395,6091,305.100006103516,110.599998474121,831,699,3
13.8100004196167,91.1999969482422,39.7999992370605,0.930999994277954,33.5999984741211,6053,310,110.400001525879,832,699,3
13.8599996566772,91.1999969482422,39.7999992370605,0.944000005722046,34.5,6012,308.100006103516,110.400001525879,832,699,3
13.9099998474121,91.1999969482422,39.7999992370605,0.954999983310699,34.7000007629395,6006,311,110.400001525879,833,699,3
13.960000038147,91.1999969482422,39.7999992370605,0.950999975204468,36.0999984741211,5940,305.100006103516,111.300003051758,834,699,3
13.9700002670288,91.1999969482422,39.7999992370605,0.958999991416931,36.5,5915,299.299987792969,110.800003051758,835,699,3
13.8699998855591,91.1999969482422,39.7999992370605,0.939999997615814,37.0999984741211,5921,282.700012207031,110.800003051758,836,698,3
13.8100004196167,91.1999969482422,39.7999992370605,0.948000013828278,37.5,5797,281.700012207031,110.599998474121,837,697,3
13.9099998474121,91.1999969482422,39.7999992370605,0.948000013828278,39.4000015258789,5766,286.600006103516,110.599998474121,838,697,3
13.8500003814697,91.1999969482422,39.7999992370605,0.958999991416931,41.2999992370605,5724,279.700012207031,110.599998474121,838,697,3
13.8699998855591,91.1999969482422,39.7999992370605,0.949999988079071,43.5,5752,281.700012207031,110.400001525879,840,697,3
13.4899997711182,91.1999969482422,39.7999992370605,0.957000017166138,44.5999984741211,5710,277.799987792969,111.099998474121,841,696,3
13.7799997329712,91.1999969482422,39.7999992370605,0.941999971866608,42.5999984741211,5628,292.399993896484,111.099998474121,842,696,3
13.7700004577637,91.1999969482422,39.7999992370605,0.916999995708466,42.0999984741211,5685,276.799987792969,110.599998474121,842,696,3
13.7399997711182,91.1999969482422,39.7999992370605,0.945999979972839,42.9000015258789,5689,276.799987792969,110.400001525879,844,696,3
13.8100004196167,91.1999969482422,39.7999992370605,0.930999994277954,42.7000007629395,5576,280.700012207031,110.400001525879,844,695,3
13.8199996948242,91.1999969482422,39.7000007629395,0.944999992847443,43.5999984741211,5643,278.799987792969,110.400001525879,845,695,3
13.4200000762939,91.1999969482422,39.7000007629395,0.944000005722046,44.2999992370605,5603,281.700012207031,110.400001525879,846,695,3
13.7799997329712,91.1999969482422,39.7000007629395,0.952000021934509,46,5463,287.600006103516,110.400001525879,847,695,3
13.789999961853,91.1999969482422,39.7000007629395,0.953000009059906,48.5999984741211,5530,287.600006103516,111.099998474121,848,694,3
13.8400001525879,91.1999969482422,39.7000007629395,0.96399998664856,49.5,5432,274.899993896484,110.800003051758,849,694,3
13.710000038147,91.1999969482422,39.7000007629395,0.952000021934509,49.9000015258789,5545,267.100006103516,110.599998474121,849,694,3
13.8599996566772,91.3000030517578,39.7000007629395,0.955999970436096,51.2999992370605,5469,274.899993896484,110.400001525879,849,693,3
13.8800001144409,91.3000030517578,39.7000007629395,0.967999994754791,50.7999992370605,5567,278.799987792969,110.400001525879,850,694,3
13.460000038147,91.3000030517578,39.7000007629395,0.952000021934509,51.9000015258789,5499,284.600006103516,110.400001525879,851,693,3
13.7600002288818,91.3000030517578,39.7000007629395,0.957000017166138,52.2000007629395,5365,282.700012207031,110.400001525879,852,694,3
13.4499998092651,91.3000030517578,39.7000007629395,0.962999999523163,52.5,5456,288.5,110.599998474121,852,694,3
13.8699998855591,91.3000030517578,39.7000007629395,0.927999973297119,46.5999984741211,5339,281.700012207031,111.099998474121,852,694,3
13.7399997711182,91.3000030517578,39.7000007629395,0.907000005245209,43.5,5323,267.100006103516,110.599998474121,852,694,3
13.7799997329712,91.3000030517578,39.7000007629395,0.897000014781952,38,5343,264.100006103516,110.400001525879,853,694,3
13.7299995422363,91.3000030517578,39.7000007629395,0.870999991893768,33,5216,288.5,110.400001525879,854,693,3
13.8100004196167,91.3000030517578,39.7000007629395,0.847000002861023,31.2000007629395,5231,265.100006103516,110.199996948242,854,694,3
13.9700002670288,91.3000030517578,39.7999992370605,0.885999977588654,29.8999996185303,5133,278.799987792969,110.400001525879,854,693,2
13.7700004577637,91.3000030517578,39.7999992370605,1.38300001621246,28.3999996185303,5290,292.399993896484,110.400001525879,856,693,2
13.8299999237061,91.3000030517578,39.7999992370605,1.73699998855591,27.7999992370605,5374,278.799987792969,111.099998474121,854,693,2
13.8100004196167,91.4000015258789,39.7999992370605,2.21399998664856,26.7999992370605,5695,294.399993896484,110.800003051758,854,692,2
13.7700004577637,91.4000015258789,39.7999992370605,1.03600001335144,25,5911,301.200012207031,110.599998474121,854,690,2
13.8000001907349,91.4000015258789,39.7999992370605,0.887000024318695,24.5,5702,284.600006103516,110.199996948242,852,689,2
13.5100002288818,91.4000015258789,39.7999992370605,0.874000012874603,25.2999992370605,5545,273.899993896484,110.199996948242,850,687,2
13.8000001907349,91.4000015258789,39.7999992370605,0.870000004768372,25.1000003814697,5633,292.399993896484,110.199996948242,848,685,2
13.8199996948242,91.5,39.7000007629395,0.845000028610229,25.2999992370605,5372,271,110.400001525879,847,683,2
13.8999996185303,91.5,39.7000007629395,0.987999975681305,26.2999992370605,5302,277.799987792969,111.099998474121,847,683,2
13.8800001144409,91.5,39.7000007629395,1.67299997806549,26.8999996185303,5233,278.799987792969,110.400001525879,845,681,2
13.9499998092651,91.5,39.7000007629395,2.04999995231628,27.2000007629395,5185,281.700012207031,110.199996948242,844,678,2
13.789999961853,91.5,39.7000007629395,1.1139999628067,28.6000003814697,5157,267.100006103516,110.199996948242,843,676,2
13.8800001144409,91.5,39.7000007629395,0.879999995231628,29.1000003814697,5086,278.799987792969,110.199996948242,841,674,2
13.8500003814697,91.5,39.7000007629395,0.876999974250793,29.2999992370605,4862,263.100006103516,110.199996948242,840,672,1
13.7299995422363,91.5,39.7000007629395,1.54900002479553,28.7999992370605,4974,270,110.199996948242,838,672,1
13.6499996185303,91.5,39.7000007629395,2.19700002670288,28.6000003814697,5095,282.700012207031,110.599998474121,838,670,1
13.7600002288818,91.5,39.7000007629395,2.40000009536743,28.2000007629395,5406,283.700012207031,110.800003051758,836,668,1
13.7299995422363,91.5999984741211,39.7000007629395,1.06500005722046,26.7999992370605,5583,284.600006103516,110.400001525879,834,666,1
13.460000038147,91.5,39.7000007629395,0.882000029087067,26.2000007629395,5452,288.5,110.199996948242,831,663,1
13.8900003433228,91.5999984741211,39.7000007629395,0.874000012874603,30.1000003814697,5216,274.899993896484,110.199996948242,829,661,1
13.8199996948242,91.5999984741211,39.7000007629395,0.888000011444092,37.0999984741211,5317,278.799987792969,110.199996948242,826,659,1
13.8699998855591,91.5999984741211,39.7000007629395,0.929000020027161,38.2999992370605,5502,282.700012207031,110.199996948242,826,659,1
13.5799999237061,91.5999984741211,39.7000007629395,0.934000015258789,39.7999992370605,5321,278.799987792969,110.400001525879,825,657,1
13.7799997329712,91.5999984741211,39.7000007629395,0.908999979496002,41.7999992370605,5275,271.899993896484,110.599998474121,823,655,1
13.7399997711182,91.5999984741211,39.7000007629395,0.958000004291534,44.0999984741211,5359,274.899993896484,110.400001525879,823,655,1
13.8000001907349,91.5999984741211,39.7000007629395,0.976999998092651,48.7999992370605,5458,268,110.199996948242,822,653,1
13.6899995803833,91.5999984741211,39.7000007629395,0.925999999046326,48.9000015258789,5257,280.700012207031,110,822,653,1
13.7600002288818,91.5999984741211,39.7000007629395,0.949999988079071,55,5554,282.700012207031,110,823,653,1
13.75,91.5999984741211,39.7000007629395,0.944000005722046,52,5560,272.899993896484,110,823,653,1
13.7299995422363,91.5999984741211,39.7000007629395,0.885999977588654,51.7000007629395,5748,290.5,110.199996948242,824,653,1
13.8800001144409,91.5999984741211,39.7000007629395,0.968999981880188,47.4000015258789,5390,277.799987792969,110.599998474121,825,653,1
13.8000001907349,91.5999984741211,39.7000007629395,0.879000008106232,41.4000015258789,5419,272.899993896484,110.400001525879,826,653,1
13.7299995422363,91.5999984741211,39.7000007629395,0.897000014781952,40.5999984741211,5381,286.600006103516,110.199996948242,826,653,1
13.6899995803833,91.5999984741211,39.7000007629395,0.883000016212463,34,5288,287.600006103516,110,827,653,1
13.5799999237061,91.5999984741211,39.7000007629395,0.861000001430511,32.4000015258789,5248,271.899993896484,110,827,653,1
13.8299999237061,91.5999984741211,39.7000007629395,0.853999972343445,30.3999996185303,5261,275.799987792969,110,829,655,1
13.8299999237061,91.5999984741211,39.7000007629395,0.834999978542328,29.6000003814697,5115,273.899993896484,110,828,654,1
13.8800001144409,91.5999984741211,39.7000007629395,0.824999988079071,30,5020,263.100006103516,110,829,655,1
13.4200000762939,91.5999984741211,39.7000007629395,0.810000002384186,31.5,4948,266.100006103516,110.599998474121,830,655,1
13.7600002288818,91.5999984741211,39.7000007629395,0.818000018596649,33.7999992370605,4935,265.100006103516,110.400001525879,830,655,1
13.8100004196167,91.6999969482422,39.7000007629395,0.824999988079071,38.4000015258789,5036,270,110,831,654,1
13.7299995422363,91.6999969482422,39.7000007629395,0.893999993801117,44.7000007629395,5096,275.799987792969,110,831,654,1
13.9399995803833,91.6999969482422,39.7000007629395,0.889999985694885,57.7999992370605,5137,278.799987792969,110,831,653,1
13.7299995422363,91.6999969482422,39.7000007629395,0.894999980926514,63.2000007629395,5089,272.899993896484,110,832,652,1
13.8999996185303,91.6999969482422,39.7000007629395,0.950999975204468,65.3000030517578,5372,279.700012207031,110,833,652,1
13.789999961853,91.6999969482422,39.7000007629395,0.973999977111816,73.5,5498,278.799987792969,110.599998474121,834,651,1
13.7299995422363,91.6999969482422,39.7000007629395,0.980000019073486,75.0999984741211,5482,276.799987792969,110.400001525879,834,651,1
13.7799997329712,91.6999969482422,39.7000007629395,0.916000008583069,76,5807,296.299987792969,110,834,651,1
13.8900003433228,91.6999969482422,39.7000007629395,0.959999978542328,79.5,6036,288.5,110,835,653,1
13.8199996948242,91.6999969482422,39.7000007629395,0.912999987602234,81.3000030517578,6160,285.600006103516,109.800003051758,835,653,1
13.9499998092651,91.6999969482422,39.7000007629395,0.940999984741211,81.4000015258789,6357,311,109.800003051758,836,653,1
13.6999998092651,91.6999969482422,39.7000007629395,0.945999979972839,81.3000030517578,6342,293.399993896484,109.800003051758,836,654,1
13.8500003814697,91.6999969482422,39.7000007629395,0.934000015258789,81.6999969482422,6899,297.299987792969,110.599998474121,837,655,1
13.960000038147,91.6999969482422,39.7000007629395,0.955999970436096,81.1999969482422,6849,317.799987792969,110.199996948242,837,656,1
13.8699998855591,91.6999969482422,39.7000007629395,0.986000001430511,78.5,6477,304.200012207031,110,837,656,1
13.7399997711182,91.6999969482422,39.7000007629395,1.63800001144409,85.3000030517578,5349,270,109.800003051758,837,657,2
13.8199996948242,91.6999969482422,39.7999992370605,1.76499998569489,90.9000015258789,5035,276.799987792969,110,837,659,2
13.8699998855591,91.6999969482422,39.7999992370605,1.09099996089935,85.8000030517578,5459,280.700012207031,109.800003051758,837,661,2
13.7700004577637,91.6999969482422,39.7999992370605,1.03900003433228,82,5333,295.399993896484,110,837,662,2
13.6999998092651,91.6999969482422,39.7999992370605,0.98199999332428,71.6999969482422,5672,270,110.400001525879,835,663,2
13.6199998855591,91.6999969482422,39.7999992370605,0.936999976634979,52.5,5626,281.700012207031,110.400001525879,835,664,2
13.8800001144409,91.6999969482422,39.7999992370605,0.857999980449677,37.5,5507,246.5,110,835,664,2
13.789999961853,91.6999969482422,39.7999992370605,0.90200001001358,31.8999996185303,5547,279.700012207031,109.800003051758,834,666,2
13.789999961853,91.6999969482422,39.7999992370605,0.890999972820282,29.6000003814697,5360,277.799987792969,109.800003051758,833,667,2
13.7399997711182,91.6999969482422,39.7999992370605,0.865000009536743,29.5,5377,274.899993896484,109.800003051758,833,668,2
13.7799997329712,91.6999969482422,39.7999992370605,0.857999980449677,29.3999996185303,5264,282.700012207031,109.800003051758,831,668,2
13.3599996566772,91.6999969482422,39.7999992370605,0.83899998664856,29.7999992370605,5305,276.799987792969,109.599998474121,831,669,2
13.8100004196167,91.6999969482422,39.7999992370605,0.836000025272369,30.2999992370605,5329,271.899993896484,110.599998474121,831,669,2
13.75,91.6999969482422,39.7000007629395,0.857999980449677,32.4000015258789,5296,289.5,110,831,669,2
13.710000038147,91.6999969482422,39.7000007629395,0.861000001430511,36.7000007629395,5224,275.799987792969,109.800003051758,831,669,2
13.6999998092651,91.6999969482422,39.7000007629395,0.897000014781952,39.5999984741211,5199,280.700012207031,109.800003051758,832,668,2
13.960000038147,91.6999969482422,39.7000007629395,0.926999986171722,43.4000015258789,5115,277.799987792969,109.800003051758,832,667,2
13.8900003433228,91.6999969482422,39.7000007629395,0.950999975204468,47.2000007629395,5063,268,109.800003051758,832,666,2
13.8100004196167,91.6999969482422,39.7000007629395,0.970000028610229,49.2000007629395,5334,284.600006103516,109.800003051758,833,666,2
13.6599998474121,91.6999969482422,39.7000007629395,0.992999970912933,51.2999992370605,5021,272.899993896484,110.400001525879,833,666,2
13.7399997711182,91.6999969482422,39.7000007629395,0.964999973773956,56.0999984741211,4870,275.799987792969,110.400001525879,833,665,2
13.8599996566772,91.6999969482422,39.7000007629395,1.00399994850159,60.7999992370605,4760,259.200012207031,110,834,665,2
13.8800001144409,91.6999969482422,39.7000007629395,0.989000022411346,64,5043,263.100006103516,109.800003051758,835,665,2
13.8599996566772,91.6999969482422,39.7000007629395,0.998000025749207,65.0999984741211,5072,268,109.800003051758,836,665,2
13.789999961853,91.6999969482422,39.7000007629395,0.952000021934509,65.1999969482422,5030,262.200012207031,109.599998474121,837,666,2
13.8699998855591,91.6999969482422,39.7000007629395,0.98199999332428,63.7000007629395,5077,286.600006103516,109.800003051758,837,666,2
13.960000038147,91.6999969482422,39.7000007629395,0.940999984741211,65.0999984741211,5248,275.799987792969,109.800003051758,837,666,2
13.8900003433228,91.6999969482422,39.7000007629395,0.940999984741211,61.7999992370605,5226,278.799987792969,110.400001525879,839,666,2
13.8900003433228,91.6999969482422,39.7000007629395,0.925000011920929,56.7999992370605,5060,270,110,840,667,2
13.9099998474121,91.6999969482422,39.7000007629395,0.898000001907349,52.0999984741211,5114,281.700012207031,109.800003051758,841,667,2
13.6700000762939,91.6999969482422,39.7000007629395,0.952000021934509,47.7000007629395,5265,280.700012207031,109.599998474121,842,668,2
13.8699998855591,91.6999969482422,39.7000007629395,0.901000022888184,40.5999984741211,5077,280.700012207031,109.800003051758,842,668,2
13.6300001144409,91.6999969482422,39.7000007629395,0.885999977588654,41,5046,265.100006103516,109.599998474121,842,668,2
13.960000038147,91.6999969482422,39.7000007629395,0.944000005722046,45.5999984741211,4979,273.899993896484,110.199996948242,842,669,2
13.3599996566772,91.6999969482422,39.7000007629395,0.97299998998642,51.2999992370605,5119,276.799987792969,110.400001525879,842,669,2
13.8599996566772,91.6999969482422,39.7000007629395,1.03900003433228,57.0999984741211,5050,269,110,843,669,2
13.7799997329712,91.8000030517578,39.7000007629395,1.02400004863739,67.9000015258789,5079,263.100006103516,109.800003051758,844,670,2
13.6700000762939,91.8000030517578,39.7000007629395,1.07099997997284,70.3000030517578,5120,286.600006103516,109.800003051758,844,670,2
13.460000038147,91.8000030517578,39.7000007629395,0.953000009059906,70.1999969482422,5451,282.700012207031,109.599998474121,845,670,2
13.7399997711182,91.8000030517578,39.7000007629395,0.925999999046326,70.9000015258789,5422,273.899993896484,109.599998474121,845,670,2
13.3800001144409,91.8000030517578,39.7000007629395,0.968999981880188,73.3000030517578,5597,285.600006103516,109.599998474121,846,672,2
13.7799997329712,91.8000030517578,39.7000007629395,0.943000018596649,76.1999969482422,5698,295.399993896484,110.400001525879,846,672,2
13.7600002288818,91.8000030517578,39.7000007629395,0.885999977588654,81.9000015258789,5758,258.299987792969,110,847,673,2
13.6899995803833,91.8000030517578,39.7000007629395,0.977999985218048,82.3000030517578,5911,283.700012207031,109.800003051758,847,673,2
13.8599996566772,91.8000030517578,39.7000007629395,0.938000023365021,85.4000015258789,5984,290.5,109.599998474121,847,674,2
13.6499996185303,91.8000030517578,39.7000007629395,0.894999980926514,84.5999984741211,6052,286.600006103516,109.599998474121,847,674,2
13.6999998092651,91.8000030517578,39.7000007629395,0.925999999046326,82.5,6265,298.299987792969,109.599998474121,848,675,2
13.75,91.8000030517578,39.7000007629395,0.967000007629395,82.3000030517578,6379,295.399993896484,109.599998474121,848,676,2
13.8500003814697,91.8000030517578,39.7000007629395,0.964999973773956,76.6999969482422,6299,305.100006103516,109.800003051758,848,677,2
13.6300001144409,91.8000030517578,39.7000007629395,0.920000016689301,74.8000030517578,6386,296.299987792969,110.199996948242,847,678,2
13.8100004196167,91.8000030517578,39.7000007629395,0.916000008583069,64.0999984741211,6645,290.5,110,847,680,2
13.7700004577637,91.8000030517578,39.7000007629395,0.89300000667572,55.5,6516,301.200012207031,109.599998474121,847,680,2
13.8199996948242,91.8000030517578,39.7000007629395,0.940999984741211,55.5,6585,305.100006103516,109.599998474121,847,681,2
13.8000001907349,91.8000030517578,39.7000007629395,0.98199999332428,54.5999984741211,6549,303.200012207031,109.599998474121,847,682,2
13.789999961853,91.8000030517578,39.7000007629395,0.98199999332428,54.0999984741211,6746,303.200012207031,109.599998474121,847,684,2
13.8000001907349,91.8000030517578,39.7000007629395,0.973999977111816,54.5,6697,308.100006103516,109.599998474121,847,684,2
13.7299995422363,91.8000030517578,39.7000007629395,0.986999988555908,52,6772,293.399993896484,110.199996948242,847,686,2
13.75,91.8000030517578,39.7000007629395,0.927999973297119,46.4000015258789,6630,295.399993896484,110.199996948242,846,687,2
13.8100004196167,91.8000030517578,39.7000007629395,0.970000028610229,45.9000015258789,6758,300.299987792969,109.800003051758,846,687,2
13.4499998092651,91.8000030517578,39.7000007629395,0.967999994754791,46.0999984741211,6631,304.200012207031,109.599998474121,847,688,2
13.710000038147,91.8000030517578,39.7000007629395,0.978999972343445,45.5999984741211,6764,295.399993896484,109.599998474121,847,689,2
13.7200002670288,91.8000030517578,39.7000007629395,0.978999972343445,45,6737,303.200012207031,109.599998474121,848,690,2
13.8199996948242,91.8000030517578,39.7000007629395,0.955999970436096,46,6615,303.200012207031,109.599998474121,849,691,2
13.8100004196167,91.8000030517578,39.7000007629395,0.981000006198883,47,6769,290.5,109.599998474121,849,692,2
13.8500003814697,91.9000015258789,39.7000007629395,0.986000001430511,48.9000015258789,6635,295.399993896484,110.199996948242,849,692,2
13.6599998474121,91.9000015258789,39.7000007629395,0.995000004768372,50.4000015258789,6659,300.299987792969,109.800003051758,849,693,2
13.8100004196167,91.8000030517578,39.7000007629395,0.976000010967255,50.5,6718,307.100006103516,109.599998474121,850,694,2
13.6800003051758,91.9000015258789,39.7000007629395,0.971000015735626,52.0999984741211,6521,305.100006103516,109.599998474121,851,694,2
13.8400001525879,91.8000030517578,39.7000007629395,1.00399994850159,56.2999992370605,6851,303.200012207031,109.599998474121,852,696,2
13.8100004196167,91.9000015258789,39.7000007629395,0.978999972343445,62.4000015258789,6775,306.100006103516,109.599998474121,852,697,2
13.7299995422363,91.9000015258789,39.7000007629395,0.97299998998642,62,6713,290.5,109.599998474121,854,697,2
13.6300001144409,91.9000015258789,39.7000007629395,0.990000009536743,66.5,6804,302.200012207031,110,854,697,2
13.8000001907349,91.9000015258789,39.7000007629395,0.973999977111816,65.9000015258789,6722,301.200012207031,109.800003051758,854,697,2
13.8500003814697,91.9000015258789,39.7000007629395,0.958999991416931,61.2000007629395,6818,314.899993896484,109.599998474121,854,699,2
13.6899995803833,91.9000015258789,39.7000007629395,0.906000018119812,47.0999984741211,6810,305.100006103516,109.599998474121,855,700,2
13.789999961853,91.9000015258789,39.7000007629395,0.893999993801117,35.4000015258789,6674,302.200012207031,109.599998474121,856,701,2
13.4499998092651,91.9000015258789,39.7000007629395,0.890999972820282,24.8999996185303,6604,292.399993896484,109.5,856,702,2
13.8699998855591,91.9000015258789,39.7000007629395,0.894999980926514,22.6000003814697,6478,297.299987792969,109.5,856,703,2
13.710000038147,91.9000015258789,39.7000007629395,0.894999980926514,21.8999996185303,6450,314.899993896484,110.199996948242,857,704,2
13.7399997711182,91.9000015258789,39.7000007629395,0.893999993801117,21.2999992370605,6471,306.100006103516,109.800003051758,857,704,2
13.8299999237061,91.9000015258789,39.7000007629395,0.897000014781952,25,6291,296.299987792969,109.599998474121,857,705,2
13.9099998474121,91.9000015258789,39.7000007629395,0.975000023841858,29.1000003814697,6281,298.299987792969,109.599998474121,858,705,2
13.3599996566772,91.9000015258789,39.7000007629395,0.970000028610229,34.4000015258789,6497,305.100006103516,109.5,858,704,2
13.7200002670288,91.9000015258789,39.5999984741211,0.989000022411346,44.2000007629395,6440,308.100006103516,109.5,859,703,2
13.6700000762939,91.9000015258789,39.5999984741211,0.991999983787537,48.2000007629395,6174,302.200012207031,109.5,859,703,2
13.8800001144409,91.9000015258789,39.5999984741211,0.986999988555908,55.0999984741211,6276,307.100006103516,110.199996948242,860,703,2
13.8500003814697,91.9000015258789,39.5999984741211,0.966000020503998,58.2999992370605,6436,291.5,110,860,702,2
13.8999996185303,91.9000015258789,39.5999984741211,0.970000028610229,59.2999992370605,6603,302.200012207031,109.800003051758,861,701,2
13.8299999237061,91.9000015258789,39.5999984741211,0.925000011920929,59,6236,302.200012207031,109.599998474121,862,701,2
13.4899997711182,91.9000015258789,39.5999984741211,0.972000002861023,60.9000015258789,6535,286.600006103516,109.5,863,701,2
13.960000038147,91.9000015258789,39.5999984741211,0.929000020027161,45.9000015258789,6322,281.700012207031,109.599998474121,864,702,2
13.789999961853,91.9000015258789,39.5999984741211,0.887000024318695,39.5999984741211,6311,299.299987792969,109.5,864,702,2
13.8699998855591,91.9000015258789,39.5999984741211,0.976999998092651,42.4000015258789,6345,297.299987792969,109.5,866,702,2
13.8999996185303,91.9000015258789,39.5999984741211,0.999000012874603,42.7999992370605,6473,309,110,866,702,2
13.8699998855591,91.9000015258789,39.5999984741211,0.976999998092651,40.2999992370605,6399,281.700012207031,109.800003051758,866,702,2
13.960000038147,91.9000015258789,39.5999984741211,0.916999995708466,33.2999992370605,6321,294.399993896484,109.599998474121,866,703,2
13.8400001525879,91.9000015258789,39.5999984741211,0.970000028610229,38.2000007629395,6287,297.299987792969,109.5,866,703,2
13.8900003433228,91.9000015258789,39.5999984741211,0.961000025272369,39.2999992370605,6349,281.700012207031,109.5,866,703,2
13.7700004577637,91.9000015258789,39.5999984741211,0.980000019073486,39.5999984741211,6392,298.299987792969,109.5,867,703,2
13.789999961853,91.9000015258789,39.5999984741211,0.961000025272369,33.7000007629395,6240,292.399993896484,109.5,867,703,2
13.7600002288818,91.9000015258789,39.5999984741211,0.875,26.3999996185303,6166,285.600006103516,109.800003051758,867,704,2
13.4899997711182,91.9000015258789,39.5999984741211,0.861000001430511,23.7999992370605,6042,292.399993896484,109.800003051758,868,704,2
13.2700004577637,92,39.5999984741211,0.873000025749207,23.1000003814697,5848,284.600006103516,109.599998474121,868,704,2
13.6000003814697,92,39.5999984741211,0.873000025749207,23.1000003814697,5919,301.200012207031,109.5,868,704,2
13.6700000762939,92,39.5999984741211,0.879999995231628,23.1000003814697,5723,297.299987792969,109.5,869,703,2
13.6499996185303,92,39.5999984741211,0.874000012874603,24.2000007629395,5604,278.799987792969,109.5,869,703,2
13.6800003051758,91.9000015258789,39.5999984741211,0.869000017642975,25,5513,273.899993896484,109.5,869,703,2
13.6899995803833,92,39.5999984741211,0.850000023841858,25.8999996185303,5363,271,109.400001525879,870,701,2
13.75,92,39.5999984741211,0.848999977111816,27.1000003814697,5243,274.899993896484,109.800003051758,870,700,2
13.7299995422363,92,39.5999984741211,0.818000018596649,28.2999992370605,5123,276.799987792969,109.599998474121,871,699,2
13.6300001144409,92,39.5999984741211,0.819000005722046,29.5,4996,264.100006103516,109.599998474121,871,697,2
13.710000038147,92,39.5999984741211,0.810000002384186,30.1000003814697,4958,267.100006103516,109.5,871,695,2
13.6599998474121,92,39.5999984741211,0.791999995708466,31,4886,265.100006103516,109.5,871,695,2
13.6999998092651,92,39.5999984741211,0.791999995708466,32.5,4885,268,109.5,871,693,2
13.6499996185303,92,39.5999984741211,0.811999976634979,34.0999984741211,4861,269,109.5,871,691,2
13.8800001144409,92,39.5,0.842999994754791,40.4000015258789,4833,271.899993896484,109.599998474121,872,689,2
13.8599996566772,92,39.5,0.882000029087067,47.7000007629395,4716,265.100006103516,109.800003051758,871,687,2
13.710000038147,92,39.5,0.981000006198883,53.7999992370605,4901,269,109.599998474121,871,685,2
13.8599996566772,92.0999984741211,39.5,1.00199997425079,62.5999984741211,4812,266.100006103516,109.5,871,685,2
13.8599996566772,92.0999984741211,39.5,0.998000025749207,65.3000030517578,5000,267.100006103516,109.5,871,684,2
13.8999996185303,92.0999984741211,39.5,0.977999985218048,69.8000030517578,5103,262.200012207031,109.400001525879,871,683,2
13.3999996185303,92.0999984741211,39.5,1.00300002098083,73.4000015258789,5163,272.899993896484,109.5,871,682,2
13.6899995803833,92.0999984741211,39.5999984741211,0.989000022411346,71.6999969482422,5271,268,109.400001525879,871,681,2
13.8100004196167,92.0999984741211,39.5999984741211,0.939000010490417,72.5999984741211,5367,272.899993896484,110,871,681,2
13.8900003433228,92.0999984741211,39.5999984741211,0.975000023841858,71.5999984741211,5599,288.5,109.599998474121,871,681,2
13.6999998092651,92.0999984741211,39.5999984741211,0.930999994277954,73.5999984741211,5388,285.600006103516,109.599998474121,871,681,2
13.9399995803833,92.0999984741211,39.5999984741211,0.97299998998642,72.1999969482422,5565,268,109.400001525879,871,681,2
13.539999961853,92.0999984741211,39.5999984741211,0.916000008583069,73,5753,281.700012207031,109.400001525879,870,682,2
13.8400001525879,92.0999984741211,39.5999984741211,0.925999999046326,66.9000015258789,5574,282.700012207031,109.400001525879,871,682,2
13.7799997329712,92.1999969482422,39.5999984741211,0.96399998664856,67.8000030517578,5679,273.899993896484,109.5,869,683,2
13.7600002288818,92.1999969482422,39.5999984741211,0.939000010490417,65.9000015258789,5695,286.600006103516,109.400001525879,869,683,2
13.789999961853,92.1999969482422,39.5999984741211,0.955999970436096,65.0999984741211,6012,290.5,109.800003051758,869,683,2
13.4799995422363,92.1999969482422,39.5999984741211,0.935999989509583,62.7000007629395,5958,283.700012207031,109.5,869,683,2
13.8199996948242,92.1999969482422,39.7000007629395,0.920000016689301,58.7000007629395,5976,282.700012207031,109.5,869,684,2
13.8500003814697,92.1999969482422,39.7000007629395,0.933000028133392,54.7000007629395,5843,294.399993896484,109.400001525879,867,685,2
13.8800001144409,92.1999969482422,39.7000007629395,0.919000029563904,46.7999992370605,5870,298.299987792969,109.400001525879,867,685,2
13.8500003814697,92.1999969482422,39.7000007629395,0.931999981403351,42.0999984741211,5876,287.600006103516,109.400001525879,866,686,2
13.6599998474121,92.1999969482422,39.7000007629395,0.907999992370605,34.9000015258789,5851,289.5,109.400001525879,866,686,2
13.8800001144409,92.1999969482422,39.7000007629395,0.915000021457672,28.7000007629395,5730,275.799987792969,109.800003051758,866,686,2
13.8999996185303,92.1999969482422,39.7000007629395,0.882000029087067,26.6000003814697,5701,290.5,109.599998474121,866,687,2
13.6800003051758,92.1999969482422,39.7000007629395,0.86599999666214,25.6000003814697,5647,295.399993896484,109.5,865,687,2
13.6499996185303,92.1999969482422,39.7000007629395,0.861999988555908,25.2999992370605,5570,271,109.400001525879,865,687,2
13.8100004196167,92.1999969482422,39.7000007629395,0.834999978542328,25.7999992370605,5336,286.600006103516,109.400001525879,865,687,-2
13.7799997329712,92.1999969482422,39.7000007629395,0.939999997615814,26.6000003814697,5345,272.899993896484,109.400001525879,866,686,1
13.6599998474121,92.1999969482422,39.7000007629395,1.35099995136261,26.7000007629395,5487,272.899993896484,109.400001525879,866,686,1
13.8100004196167,92.1999969482422,39.7000007629395,1.6690000295639,26.3999996185303,5529,288.5,109.599998474121,866,686,1
13.6899995803833,92.1999969482422,39.7000007629395,2.01200008392334,26.1000003814697,5985,296.299987792969,109.800003051758,866,685,1
13.7799997329712,92.1999969482422,39.7000007629395,0.976999998092651,23.8999996185303,6018,295.399993896484,109.5,864,684,1
13.7799997329712,92.1999969482422,39.7000007629395,0.908999979496002,23.8999996185303,5794,302.200012207031,109.400001525879,862,682,1
13.8599996566772,92.1999969482422,39.5999984741211,0.888000011444092,24.6000003814697,5655,281.700012207031,109.400001525879,860,680,1
13.9499998092651,92.1999969482422,39.5999984741211,0.882000029087067,24.3999996185303,5676,292.399993896484,109.400001525879,858,678,1
13.8199996948242,92.3000030517578,39.5999984741211,0.86599999666214,25,5567,275.799987792969,109.400001525879,856,676,1
13.9300003051758,92.3000030517578,39.5999984741211,0.874000012874603,26,5467,279.700012207031,109.400001525879,856,676,1
13.9799995422363,92.3000030517578,39.5999984741211,0.864000022411346,26.5,5427,272.899993896484,109.800003051758,854,675,1
13.8900003433228,92.1999969482422,39.5999984741211,0.848999977111816,27.2999992370605,5322,278.799987792969,109.599998474121,854,673,1
13.7200002670288,92.3000030517578,39.5999984741211,0.828999996185303,27.6000003814697,5280,269,109.400001525879,852,671,1
13.9300003051758,92.3000030517578,39.5999984741211,0.819999992847443,28.1000003814697,5185,278.799987792969,109.099998474121,853,669,1
13.5600004196167,92.3000030517578,39.5999984741211,0.819000005722046,28.7999992370605,5128,283.700012207031,109.099998474121,853,668,1
13.789999961853,92.1999969482422,39.5999984741211,0.810000002384186,29,5138,272.899993896484,109.099998474121,852,668,1
13.710000038147,92.3000030517578,39.5999984741211,0.824999988079071,29.2000007629395,5027,270,109.099998474121,852,666,1
13.7299995422363,92.3000030517578,39.5999984741211,0.810000002384186,29.8999996185303,4972,272.899993896484,109.599998474121,853,664,1
13.7700004577637,92.3000030517578,39.5999984741211,0.799000024795532,30.5,4930,274.899993896484,109.599998474121,854,663,1
13.9300003051758,92.3000030517578,39.5,0.791999995708466,31,4887,262.200012207031,109.400001525879,853,662,1
13.8999996185303,92.3000030517578,39.5,0.781000018119812,31.2999992370605,4785,257.299987792969,109.400001525879,853,660,1
13.8699998855591,92.3000030517578,39.5,0.778999984264374,31.5,4773,263.100006103516,109.400001525879,853,659,1
13.8299999237061,92.3000030517578,39.5,0.774999976158142,31.5,4728,262.200012207031,109.400001525879,853,659,1
13.8299999237061,92.3000030517578,39.5,0.771000027656555,31.5,4707,271.899993896484,109.099998474121,854,657,1
13.8599996566772,92.3000030517578,39.5,0.787000000476837,31.5,4670,254.399993896484,109.099998474121,853,656,1
13.8599996566772,92.3000030517578,39.5,0.782000005245209,31.6000003814697,4641,256.299987792969,109.800003051758,853,655,1
13.7600002288818,92.3000030517578,39.5,0.799000024795532,31.7999992370605,4605,262.200012207031,109.5,853,653,1
13.7799997329712,92.3000030517578,39.5,0.792999982833862,32.2000007629395,4414,252.399993896484,109.099998474121,852,653,1
13.8900003433228,92.3000030517578,39.5,0.782000005245209,32.0999984741211,4258,238.699996948242,109.400001525879,853,653,1
13.6400003433228,92.3000030517578,39.5,0.810000002384186,32.5999984741211,4273,236.800003051758,109.099998474121,853,651,1
13.7299995422363,92.3000030517578,39.5,0.833000004291534,32.5,4091,239.699996948242,109.099998474121,852,650,1
13.7299995422363,92.3000030517578,39.5,0.837000012397766,32.7000007629395,4143,233.800003051758,109.099998474121,853,649,1
13.7299995422363,92.3000030517578,39.5,0.833999991416931,32.0999984741211,3967,228,109.5,852,648,1
13.9200000762939,92.3000030517578,39.5,0.828999996185303,32.5,3872,230.899993896484,109.5,852,647,1
13.8900003433228,92.3000030517578,39.5,0.827000021934509,33.0999984741211,3884,223.100006103516,109.400001525879,852,646,1
13.3699998855591,92.3000030517578,39.5,0.822000026702881,33.2999992370605,3842,222.100006103516,109.099998474121,852,646,1
13.7200002670288,92.3000030517578,39.5,0.843999981880188,33.7000007629395,3753,228,109.099998474121,852,645,1
13.9099998474121,92.3000030517578,39.5,0.851000010967255,34.5999984741211,3728,225.100006103516,109.099998474121,852,644,1
13.9700002670288,92.3000030517578,39.5,0.862999975681305,35.2000007629395,3737,213.300003051758,109.099998474121,851,643,1
13.8199996948242,92.3000030517578,39.5,0.860000014305115,35.2999992370605,3669,221.199996948242,109.400001525879,851,642,1
13.8900003433228,92.3000030517578,39.5,0.860000014305115,35.5,3671,227,109.599998474121,850,641,1
13.9799995422363,92.3000030517578,39.5,0.865000009536743,36.4000015258789,3568,222.100006103516,109.400001525879,850,641,1
13.8299999237061,92.3000030517578,39.5,0.86599999666214,37.5999984741211,3514,215.300003051758,109.400001525879,851,640,1
13.8900003433228,92.3000030517578,39.5,0.866999983787537,38.2000007629395,3553,221.199996948242,109.099998474121,849,639,1
13.7200002670288,92.3000030517578,39.5,0.888000011444092,38.5,3428,215.300003051758,109.400001525879,848,638,1
13.8100004196167,92.3000030517578,39.5,0.888000011444092,40.2000007629395,3414,211.399993896484,109.099998474121,848,637,1
13.7200002670288,92.3000030517578,39.5,0.887000024318695,41.5,3331,210.399993896484,109.099998474121,847,637,1
13.8000001907349,92.3000030517578,39.5,0.885999977588654,41.5,3266,206.5,109.599998474121,846,637,1
13.5,92.3000030517578,39.5,0.885999977588654,42.4000015258789,3130,200.600006103516,109.5,846,635,1
13.6899995803833,92.3000030517578,39.5,0.879000008106232,43.7000007629395,3137,207.5,109.099998474121,845,635,1
13.8900003433228,92.3000030517578,39.5,0.888000011444092,43,2997,203.600006103516,109.099998474121,845,634,1
13.9899997711182,92.3000030517578,39.5,0.896000027656555,48.7000007629395,3126,209.399993896484,109.099998474121,844,634,1
13.7299995422363,92.3000030517578,39.5,0.897000014781952,58.7999992370605,3078,210.399993896484,109.099998474121,843,632,1
13.7399997711182,92.3000030517578,39.5,0.945999979972839,61.5,3271,206.5,109.099998474121,842,632,1
13.5699996948242,92.3000030517578,39.5,0.884999990463257,65.9000015258789,3574,220.199996948242,109.599998474121,842,632,1
13.8100004196167,92.3000030517578,39.5,0.916000008583069,68.0999984741211,3879,229.899993896484,109.5,841,631,1
13.8000001907349,92.3000030517578,39.5,0.971000015735626,69,4061,228,109.400001525879,840,630,1
13.8199996948242,92.3000030517578,39.5,0.998000025749207,72.1999969482422,3814,242.600006103516,109.099998474121,839,630,1
13.75,92.3000030517578,39.5,0.992999970912933,73.0999984741211,3885,236.800003051758,109,837,630,1
13.6599998474121,92.3000030517578,39.5,0.991999983787537,74,4242,229.899993896484,109,837,630,1
13.8299999237061,92.3000030517578,39.5999984741211,1.00100004673004,83.0999984741211,4237,239.699996948242,109.099998474121,836,630,1
13.7600002288818,92.3000030517578,39.5999984741211,0.906000018119812,83.5,4451,261.200012207031,109,836,630,1
13.6400003433228,92.3000030517578,39.5999984741211,0.967000007629395,80.5999984741211,4838,262.200012207031,109.599998474121,836,631,1
13.9099998474121,92.3000030517578,39.5999984741211,0.986999988555908,80.3000030517578,4686,265.100006103516,109.400001525879,835,632,1
13.7600002288818,92.3000030517578,39.5999984741211,0.953000009059906,68.9000015258789,4841,267.100006103516,109.400001525879,835,633,1
13.8199996948242,92.3000030517578,39.5999984741211,0.897000014781952,60.5,5008,274.899993896484,109,834,634,1
13.4399995803833,92.3000030517578,39.5999984741211,0.89300000667572,54.2000007629395,5073,279.700012207031,109.099998474121,834,636,1
13.6899995803833,92.3000030517578,39.5999984741211,0.915000021457672,48.0999984741211,5266,270,109.099998474121,834,636,1
13.7600002288818,92.3000030517578,39.5999984741211,0.885999977588654,39.2999992370605,5148,281.700012207031,109,834,637,1
13.5799999237061,92.3000030517578,39.5999984741211,0.862999975681305,35.9000015258789,5112,272.899993896484,109.5,833,638,1
13.9099998474121,92.3000030517578,39.5999984741211,0.861000001430511,33.9000015258789,5125,282.700012207031,109.599998474121,833,639,1
13.789999961853,92.3000030517578,39.5999984741211,0.846000015735626,32.7999992370605,5117,267.100006103516,109.400001525879,833,640,1
13.8000001907349,92.3000030517578,39.5999984741211,0.833000004291534,33.5,5060,281.700012207031,109.099998474121,833,641,1
13.789999961853,92.3000030517578,39.5999984741211,0.850000023841858,35.9000015258789,5077,271,109.099998474121,833,641,1
13.8800001144409,92.3000030517578,39.5999984741211,0.869000017642975,37.2000007629395,5086,281.700012207031,109,833,641,1
13.8199996948242,92.3000030517578,39.5999984741211,0.885999977588654,37.5,5052,266.100006103516,109.099998474121,833,641,1
13.8900003433228,92.3000030517578,39.5999984741211,0.885999977588654,37.7000007629395,4993,274.899993896484,109.099998474121,833,641,1
13.789999961853,92.3000030517578,39.5999984741211,0.887000024318695,37.7999992370605,4961,268,109.599998474121,835,641,1
13.9899997711182,92.3000030517578,39.5999984741211,0.874000012874603,38,4993,259.200012207031,109.400001525879,835,641,1
13.6800003051758,92.4000015258789,39.5999984741211,0.870999991893768,40.7000007629395,5018,266.100006103516,109.099998474121,834,641,1
13.6999998092651,92.4000015258789,39.5999984741211,0.889999985694885,45.7999992370605,5101,271.899993896484,109.099998474121,834,641,1
13.9200000762939,92.4000015258789,39.5999984741211,0.931999981403351,51.7999992370605,5168,275.799987792969,109.099998474121,835,641,1
13.8900003433228,92.3000030517578,39.5999984741211,0.955999970436096,53.0999984741211,5585,280.700012207031,109.099998474121,836,641,1
13.8599996566772,92.4000015258789,39.5999984741211,0.913999974727631,59.7999992370605,5306,262.200012207031,109.099998474121,836,641,1
13.8800001144409,92.4000015258789,39.5999984741211,0.893999993801117,63.2000007629395,5428,273.899993896484,109.400001525879,837,642,1
13.8599996566772,92.4000015258789,39.5999984741211,0.908999979496002,66.1999969482422,5412,267.100006103516,109.5,837,642,1
13.8400001525879,92.4000015258789,39.5999984741211,0.96399998664856,65,5780,277.799987792969,109.400001525879,837,642,1
13.7600002288818,92.4000015258789,39.5999984741211,0.904999971389771,67,5420,288.5,109.099998474121,837,643,1
13.7299995422363,92.4000015258789,39.5999984741211,0.921999990940094,62.7999992370605,6015,281.700012207031,109.099998474121,838,643,1
13.75,92.3000030517578,39.5999984741211,0.893999993801117,72.0999984741211,6212,285.600006103516,109.099998474121,838,644,1
13.8199996948242,92.3000030517578,39.5999984741211,0.850000023841858,65,5575,276.799987792969,109,838,645,1
13.789999961853,92.4000015258789,39.5999984741211,0.973999977111816,61.4000015258789,6021,303.200012207031,109.099998474121,838,646,1
13.5900001525879,92.4000015258789,39.5999984741211,1,58.7999992370605,5894,281.700012207031,109.599998474121,839,646,1
13.8500003814697,92.3000030517578,39.5999984741211,0.962000012397766,45.2000007629395,5815,277.799987792969,109.5,839,647,1
13.8100004196167,92.3000030517578,39.5999984741211,0.889999985694885,39.4000015258789,5803,297.299987792969,109.400001525879,839,649,1
13.6899995803833,92.4000015258789,39.5999984741211,0.936999976634979,32.2000007629395,5683,274.899993896484,109.099998474121,839,649,1
13.7700004577637,92.4000015258789,39.5999984741211,0.882000029087067,28.8999996185303,5657,289.5,109.099998474121,839,651,1
13.8400001525879,92.3000030517578,39.5999984741211,0.876999974250793,27.3999996185303,5482,289.5,109.099998474121,839,652,1
13.7600002288818,92.3000030517578,39.5999984741211,0.856000006198883,27.6000003814697,5390,279.700012207031,109.099998474121,839,652,1
13.8599996566772,92.4000015258789,39.5999984741211,0.856000006198883,28,5276,277.799987792969,109.5,839,653,1
13.6499996185303,92.4000015258789,39.5999984741211,0.824999988079071,32.5,5313,275.799987792969,109.599998474121,840,653,1
13.8299999237061,92.4000015258789,39.5999984741211,0.894999980926514,36.9000015258789,5315,285.600006103516,109.400001525879,840,653,1
13.960000038147,92.4000015258789,39.5,0.915000021457672,41.4000015258789,5164,277.799987792969,109.099998474121,840,653,1
13.8400001525879,92.4000015258789,39.5,0.943000018596649,44.5,5134,281.700012207031,109.099998474121,840,652,1
13.7600002288818,92.4000015258789,39.5,0.962000012397766,45.5999984741211,5092,262.200012207031,109.099998474121,840,652,1
13.6199998855591,92.4000015258789,39.5,0.96399998664856,46.0999984741211,5205,275.799987792969,109.099998474121,841,652,1
13.8800001144409,92.4000015258789,39.5,0.943000018596649,48.7999992370605,5060,265.100006103516,109.099998474121,842,652,1
13.7299995422363,92.4000015258789,39.5,0.936999976634979,52.9000015258789,5004,261.200012207031,109.599998474121,842,652,1
13.8100004196167,92.4000015258789,39.5,1.02499997615814,56.7000007629395,5173,267.100006103516,109.400001525879,843,652,1
13.9300003051758,92.4000015258789,39.5,0.959999978542328,57.5999984741211,4944,274.899993896484,109.400001525879,844,652,1
13.8999996185303,92.4000015258789,39.5,0.955999970436096,58.5999984741211,5102,277.799987792969,109.099998474121,845,653,1
14.0200004577637,92.4000015258789,39.5,0.980000019073486,59.5,5445,296.299987792969,109.099998474121,846,653,1
14,92.3000030517578,39.5,0.91100001335144,57.7999992370605,5493,291.5,109.099998474121,847,654,1
13.789999961853,92.4000015258789,39.5,0.887000024318695,57,5682,285.600006103516,109.099998474121,848,654,1
13.7700004577637,92.4000015258789,39.5,0.906000018119812,56,5771,277.799987792969,109.599998474121,848,655,1
13.6899995803833,92.4000015258789,39.5,0.943000018596649,54.2000007629395,5750,290.5,109.400001525879,848,655,1
13.8599996566772,92.4000015258789,39.5,0.916000008583069,50.9000015258789,5792,296.299987792969,109.400001525879,849,656,1
13.7299995422363,92.4000015258789,39.5,0.947000026702881,50,5932,292.399993896484,109.099998474121,850,657,1
13.8999996185303,92.4000015258789,39.5,0.97299998998642,50.7999992370605,5801,280.700012207031,109.099998474121,849,658,1
13.8800001144409,92.4000015258789,39.5,0.955999970436096,57.5,5714,292.399993896484,109.099998474121,850,659,1
13.3800001144409,92.4000015258789,39.5,0.999000012874603,66.1999969482422,5914,289.5,109.099998474121,850,659,1
13.8299999237061,92.4000015258789,39.5,0.938000023365021,72.8000030517578,6027,307.100006103516,109.400001525879,851,660,1
13.8299999237061,92.4000015258789,39.5,0.889999985694885,72.0999984741211,6562,305.100006103516,109.599998474121,851,660,1
13.8599996566772,92.4000015258789,39.5,0.919000029563904,74.3000030517578,6542,313,109.5,852,661,1
13.6300001144409,92.4000015258789,39.5,0.958999991416931,72,6979,304.200012207031,109.099998474121,851,662,1
13.8500003814697,92.4000015258789,39.5,0.966000020503998,72.9000015258789,6868,302.200012207031,109.099998474121,852,664,1
13.3900003433228,92.4000015258789,39.5,0.995999991893768,73.6999969482422,7055,305.100006103516,109.099998474121,851,665,1
13.3900003433228,92.4000015258789,39.5,0.981000006198883,69.9000015258789,7228,304.200012207031,109.099998474121,851,665,1
13.5200004577637,92.4000015258789,39.5,0.907000005245209,50.7999992370605,7313,302.200012207031,109.099998474121,852,667,1
13.8100004196167,92.4000015258789,39.5,0.846000015735626,31.3999996185303,7365,308.100006103516,109.599998474121,852,669,1
13.7399997711182,92.4000015258789,39.5,0.822000026702881,21.7999992370605,7107,306.100006103516,109.5,853,671,1
13.6499996185303,92.4000015258789,39.5,0.83899998664856,19.6000003814697,6869,293.399993896484,109.400001525879,853,673,1
13.6400003433228,92.4000015258789,39.5,0.851000010967255,19,6564,294.399993896484,109.099998474121,853,675,1
13.6999998092651,92.4000015258789,39.5,0.866999983787537,19.2000007629395,6435,299.299987792969,109.099998474121,853,675,1
13.710000038147,92.4000015258789,39.5,0.894999980926514,19.7000007629395,6282,293.399993896484,109.099998474121,853,676,1
13.5600004196167,92.4000015258789,39.5,0.876999974250793,20.6000003814697,6082,296.299987792969,109.099998474121,854,676,1
13.7200002670288,92.4000015258789,39.5,0.882000029087067,21.6000003814697,6022,308.100006103516,109.099998474121,854,676,1
13.8900003433228,92.4000015258789,39.5,0.879999995231628,22.7999992370605,5893,308.100006103516,109.599998474121,854,676,1
13.6800003051758,92.5,39.5,0.904999971389771,24.7000007629395,5771,298.299987792969,109.400001525879,854,675,1
13.6800003051758,92.4000015258789,39.5,0.898999989032745,26.3999996185303,5715,294.399993896484,109.400001525879,854,674,1
13.8299999237061,92.5,39.5,0.896000027656555,28.1000003814697,5515,286.600006103516,109.099998474121,854,674,1
13.7399997711182,92.4000015258789,39.4000015258789,0.889999985694885,31.2000007629395,5503,287.600006103516,109.099998474121,855,673,1
13.7200002670288,92.5,39.4000015258789,0.892000019550323,34.9000015258789,5556,285.600006103516,109.099998474121,855,672,1
13.8199996948242,92.5,39.4000015258789,0.897000014781952,37.2999992370605,5511,285.600006103516,109,856,670,1
13.8199996948242,92.5,39.4000015258789,0.934000015258789,42.0999984741211,5181,278.799987792969,109.800003051758,857,669,1
13.8299999237061,92.5,39.4000015258789,0.958999991416931,47.2000007629395,5115,276.799987792969,109.400001525879,858,668,1
13.8400001525879,92.5,39.4000015258789,0.989000022411346,49.5,5148,268,109.099998474121,859,668,1
13.75,92.5,39.4000015258789,0.976000010967255,51.0999984741211,5185,275.799987792969,109.099998474121,859,667,1
13.4399995803833,92.5,39.4000015258789,0.953000009059906,50.5999984741211,5318,287.600006103516,109,859,666,1
14.0299997329712,92.5,39.4000015258789,0.919000029563904,46.9000015258789,5268,278.799987792969,109.099998474121,859,666,1
13.8000001907349,92.5,39.4000015258789,0.898000001907349,43.4000015258789,5476,276.799987792969,109.099998474121,861,666,1
13.8699998855591,92.5,39.4000015258789,0.888999998569489,40.5,5283,275.799987792969,109.5,862,666,1
13.8500003814697,92.5,39.4000015258789,0.890999972820282,35,5102,266.100006103516,109.599998474121,862,666,1
13.5,92.5,39.4000015258789,0.85699999332428,33,5157,278.799987792969,109.400001525879,862,666,1
13.8599996566772,92.5,39.4000015258789,0.837000012397766,31.6000003814697,5058,280.700012207031,109.099998474121,862,667,1
13.8800001144409,92.5,39.4000015258789,0.816999971866608,31.2000007629395,4998,270,109.099998474121,862,666,1
13.6999998092651,92.5,39.4000015258789,0.801999986171722,36.2999992370605,4881,268,109.099998474121,863,666,1
13.7799997329712,92.5,39.4000015258789,0.873000025749207,42,5028,271.899993896484,109.099998474121,863,666,1
13.5900001525879,92.5,39.4000015258789,0.935999989509583,45.9000015258789,5203,277.799987792969,109.099998474121,863,665,1
13.9099998474121,92.5,39.4000015258789,0.926999986171722,50.9000015258789,5330,278.799987792969,109.599998474121,863,665,1
13.6599998474121,92.5999984741211,39.4000015258789,0.978999972343445,57.5,5089,273.899993896484,109.400001525879,863,665,1
13.8299999237061,92.5,39.4000015258789,0.96399998664856,63.7999992370605,5322,278.799987792969,109.099998474121,863,665,1
13.7799997329712,92.5,39.4000015258789,0.981000006198883,67.4000015258789,4960,265.100006103516,109.099998474121,863,665,1
13.7600002288818,92.5999984741211,39.4000015258789,0.990000009536743,65.6999969482422,5312,277.799987792969,109.099998474121,863,664,1
13.75,92.5999984741211,39.4000015258789,0.948000013828278,67.5,5359,264.100006103516,109.099998474121,864,665,1
13.7299995422363,92.5999984741211,39.4000015258789,0.925999999046326,62.2999992370605,5420,261.200012207031,109.099998474121,864,665,1
13.6800003051758,92.5999984741211,39.4000015258789,0.894999980926514,58.7000007629395,5736,292.399993896484,109.599998474121,864,665,1
13.8500003814697,92.5999984741211,39.4000015258789,0.920000016689301,56.0999984741211,5862,278.799987792969,109.400001525879,863,666,1
13.9300003051758,92.5999984741211,39.4000015258789,0.948000013828278,53,5824,290.5,109.099998474121,863,666,1
13.6800003051758,92.5999984741211,39.4000015258789,0.890999972820282,42.4000015258789,5847,299.299987792969,109.099998474121,863,666,1
13.8599996566772,92.5999984741211,39.5,0.898000001907349,32.5,5611,277.799987792969,109.099998474121,862,667,1
13.8999996185303,92.5999984741211,39.5,0.883000016212463,28.5,5703,296.299987792969,109.099998474121,862,667,1
13.8599996566772,92.5999984741211,39.5,0.873000025749207,26.6000003814697,5624,301.200012207031,109.099998474121,862,667,1
13.7399997711182,92.5999984741211,39.5,0.859000027179718,26.7999992370605,5447,285.600006103516,109.800003051758,863,668,1
13.8599996566772,92.5999984741211,39.5,0.86599999666214,28.5,5350,285.600006103516,109.400001525879,862,668,1
13.8500003814697,92.5999984741211,39.5,0.851999998092651,29.8999996185303,5356,281.700012207031,109.099998474121,862,667,1
13.9200000762939,92.5999984741211,39.5,0.845000028610229,32.2000007629395,5309,283.700012207031,109.099998474121,861,668,1
13.8299999237061,92.5999984741211,39.5,0.860000014305115,34.0999984741211,5465,281.700012207031,109.099998474121,861,667,1
13.7200002670288,92.5999984741211,39.5,0.874000012874603,35.4000015258789,5295,280.700012207031,109.099998474121,861,666,1
13.7799997329712,92.6999969482422,39.4000015258789,0.873000025749207,40.4000015258789,5023,272.899993896484,109.099998474121,862,666,1
13.5299997329712,92.5999984741211,39.4000015258789,0.916000008583069,43.5999984741211,4861,256.299987792969,109.099998474121,862,665,1
13.6599998474121,92.5999984741211,39.4000015258789,0.948000013828278,43.2999992370605,4907,265.100006103516,109.599998474121,862,664,1
13.7299995422363,92.5999984741211,39.4000015258789,0.915000021457672,38.2000007629395,4870,272.899993896484,109.400001525879,863,664,1
13.5699996948242,92.5999984741211,39.4000015258789,0.853999972343445,35.7000007629395,4830,270,109.099998474121,862,664,1
13.7799997329712,92.5999984741211,39.4000015258789,0.837999999523163,35.7000007629395,4839,256.299987792969,109.099998474121,862,664,1
13.6300001144409,92.5999984741211,39.4000015258789,0.851999998092651,45.2000007629395,4964,264.100006103516,109,863,663,1
13.9099998474121,92.5999984741211,39.4000015258789,0.885999977588654,54.4000015258789,5096,266.100006103516,109.099998474121,863,663,1
13.7299995422363,92.5999984741211,39.4000015258789,0.885999977588654,61.7000007629395,5240,285.600006103516,109.099998474121,863,662,1
13.9399995803833,92.5999984741211,39.4000015258789,0.949999988079071,68.9000015258789,5663,271,109.599998474121,863,662,1
13.7700004577637,92.6999969482422,39.4000015258789,0.920000016689301,72.0999984741211,5251,283.700012207031,109.400001525879,863,661,1
13.8599996566772,92.6999969482422,39.4000015258789,0.889999985694885,71.1999969482422,5589,265.100006103516,109.099998474121,864,661,1
13.4700002670288,92.6999969482422,39.4000015258789,0.913999974727631,79.1999969482422,5943,294.399993896484,109.099998474121,863,661,1
13.710000038147,92.5999984741211,39.4000015258789,0.888999998569489,84,5733,285.600006103516,109.099998474121,863,661,1
13.789999961853,92.6999969482422,39.4000015258789,0.916999995708466,82.6999969482422,5825,292.399993896484,109.099998474121,863,662,1
13.7700004577637,92.5999984741211,39.4000015258789,0.931999981403351,82.4000015258789,6276,294.399993896484,109.099998474121,863,662,1
13.7700004577637,92.6999969482422,39.5,0.885999977588654,84.5999984741211,6560,305.100006103516,109.400001525879,862,662,1
13.8800001144409,92.6999969482422,39.5,0.936999976634979,83.8000030517578,6589,317.799987792969,109.5,862,663,1
13.7200002670288,92.6999969482422,39.5,0.958999991416931,80.1999969482422,7085,289.5,109.400001525879,861,665,1
13.6999998092651,92.6999969482422,39.5,0.971000015735626,76.6999969482422,7500,297.299987792969,109.099998474121,861,666,1
13.8500003814697,92.6999969482422,39.5,0.958000004291534,76.8000030517578,7445,319.799987792969,109.099998474121,861,666,1
13.5799999237061,92.5999984741211,39.5,0.945999979972839,73.9000015258789,7865,310,109.099998474121,860,668,1
13.6199998855591,92.6999969482422,39.5,0.922999978065491,78.3000030517578,7864,311,109.099998474121,860,669,1
13.7299995422363,92.6999969482422,39.5,0.949999988079071,77.5999984741211,8130,296.299987792969,109.5,859,671,1
13.6599998474121,92.6999969482422,39.5,0.91100001335144,50,7809,314.899993896484,109.5,859,674,1
13.710000038147,92.6999969482422,39.5,0.774999976158142,25.7000007629395,7533,306.100006103516,109.400001525879,859,676,1
13.539999961853,92.6999969482422,39.5,0.78600001335144,18.7000007629395,7185,309,109.099998474121,860,676,1
13.7600002288818,92.6999969482422,39.5,0.788999974727631,18.8999996185303,6765,297.299987792969,109.099998474121,860,679,1
13.7299995422363,92.6999969482422,39.5,0.828000009059906,19.7999992370605,6462,292.399993896484,109,859,681,1
13.4799995422363,92.6999969482422,39.5,0.866999983787537,20,6071,295.399993896484,109,859,682,1
13.3999996185303,92.6999969482422,39.5,0.855000019073486,21.2000007629395,5957,292.399993896484,109.400001525879,859,683,1
13.6700000762939,92.6999969482422,39.5,0.870999991893768,25,5970,289.5,109.599998474121,858,684,1
13.6099996566772,92.6999969482422,39.5,0.819000005722046,35.2999992370605,6139,284.600006103516,109.400001525879,859,684,1
13.9300003051758,92.6999969482422,39.5,0.950999975204468,44.5,6347,303.200012207031,109.099998474121,859,684,1
13.8299999237061,92.6999969482422,39.5,0.953000009059906,50.5999984741211,6246,286.600006103516,109,859,682,1
13.8100004196167,92.6999969482422,39.5,0.967999994754791,57.5,6174,289.5,109.099998474121,859,682,1
13.7600002288818,92.6999969482422,39.5,0.968999981880188,65.9000015258789,7091,308.100006103516,109.099998474121,859,681,1
13.75,92.6999969482422,39.4000015258789,0.986000001430511,66.5999984741211,6456,295.399993896484,109.099998474121,860,681,1
13.8199996948242,92.6999969482422,39.4000015258789,0.936999976634979,67.6999969482422,7075,316.899993896484,109.5,861,681,1
13.6400003433228,92.6999969482422,39.4000015258789,0.950999975204468,80.9000015258789,7193,301.200012207031,109.599998474121,861,681,1
13.5200004577637,92.6999969482422,39.4000015258789,0.975000023841858,76.3000030517578,7481,306.100006103516,109.400001525879,861,681,1
13.8500003814697,92.6999969482422,39.4000015258789,1.02900004386902,85.8000030517578,7634,318.799987792969,109.099998474121,861,682,1
13.7399997711182,92.6999969482422,39.5,0.904999971389771,84.5,7682,308.100006103516,109.099998474121,861,684,1
13.789999961853,92.6999969482422,39.5,0.945999979972839,86.4000015258789,8185,323.700012207031,109.099998474121,862,685,1
13.6599998474121,92.6999969482422,39.5,0.91100001335144,86.9000015258789,8280,325.600006103516,109.099998474121,861,687,1
13.789999961853,92.6999969482422,39.5,0.876999974250793,78.6999969482422,7216,316.899993896484,109,862,690,2
13.7399997711182,92.6999969482422,39.5,1.67599999904633,81.4000015258789,6206,291.5,109.599998474121,862,692,2
13.2700004577637,92.6999969482422,39.5,1.12999999523163,61.2000007629395,6595,296.299987792969,109.5,862,692,2
13.7200002670288,92.6999969482422,39.5,1.10300004482269,52.5999984741211,6458,305.100006103516,109.400001525879,863,693,2
13.8299999237061,92.6999969482422,39.5,1.05799996852875,55.4000015258789,6719,310,109.099998474121,861,695,2
13.539999961853,92.6999969482422,39.5,0.912999987602234,59.7999992370605,6629,300.299987792969,109.099998474121,861,696,2
13.2399997711182,92.6999969482422,39.5,0.834999978542328,69.1999969482422,6902,306.100006103516,109.099998474121,861,698,2
13.289999961853,92.6999969482422,39.5,0.822000026702881,74.5,6692,301.200012207031,109,859,698,2
13.3000001907349,92.6999969482422,39.5,0.851999998092651,77.9000015258789,6657,287.600006103516,109.099998474121,858,698,2
13.7299995422363,92.6999969482422,39.5,1.07599997520447,79.6999969482422,6734,312,109.599998474121,858,700,2
13.7700004577637,92.8000030517578,39.5,0.836000025272369,76,6741,285.600006103516,109.5,857,701,2
13.6099996566772,92.8000030517578,39.5,0.947000026702881,62.4000015258789,7079,296.299987792969,109.099998474121,855,701,2
13.5,92.6999969482422,39.5,1.08599996566772,51.5999984741211,7062,308.100006103516,109.099998474121,854,702,2
13.6000003814697,92.8000030517578,39.5,1.08800005912781,42.7999992370605,6967,296.299987792969,109.099998474121,853,702,2
13.8100004196167,92.8000030517578,39.5,0.964999973773956,32.5999984741211,6788,300.299987792969,109.099998474121,852,703,2
13.6700000762939,92.8000030517578,39.5,0.915000021457672,26.2999992370605,6703,295.399993896484,109.099998474121,852,703,2
13.6400003433228,92.8000030517578,39.5,0.945999979972839,23.6000003814697,6352,294.399993896484,109.599998474121,852,704,2
13.6300001144409,92.8000030517578,39.5,1.18299996852875,24.3999996185303,5920,293.399993896484,109.599998474121,850,704,2
13.7600002288818,92.8000030517578,39.5,1.55099999904633,24.2999992370605,5917,296.299987792969,109.400001525879,849,704,2
13.8699998855591,92.8000030517578,39.5,1.89400005340576,23.3999996185303,5588,287.600006103516,109.099998474121,848,704,2
13.7399997711182,92.8000030517578,39.4000015258789,2.23799991607666,25,5424,271.899993896484,109.099998474121,848,703,2
13.8100004196167,92.8000030517578,39.4000015258789,2.40000009536743,26.1000003814697,5141,279.700012207031,109.099998474121,846,703,2
13.8299999237061,92.8000030517578,39.4000015258789,2.40000009536743,27.2000007629395,5071,270,109.099998474121,846,702,2
13.8699998855591,92.8000030517578,39.4000015258789,1.71300005912781,28.3999996185303,4881,270,109.099998474121,843,700,2
13.8400001525879,92.8000030517578,39.4000015258789,0.925999999046326,29.1000003814697,4721,260.200012207031,109.599998474121,840,697,1
13.6599998474121,92.8000030517578,39.4000015258789,2.17199993133545,29.2000007629395,4937,263.100006103516,109.5,836,695,1
13.8199996948242,92.8000030517578,39.4000015258789,2.40000009536743,29,5022,285.600006103516,109.400001525879,833,693,1
13.4499998092651,92.8000030517578,39.4000015258789,2.40000009536743,28.7999992370605,5326,293.399993896484,109.099998474121,829,693,1
13.6899995803833,92.9000015258789,39.2999992370605,1.23199999332428,28.5,5175,272.899993896484,109.099998474121,829,690,1
13.7200002670288,92.9000015258789,39.2999992370605,0.904999971389771,29.2000007629395,5010,269,109.099998474121,827,688,1
13.6700000762939,92.9000015258789,39.2999992370605,0.866999983787537,30.3999996185303,4728,262.200012207031,109.099998474121,827,688,1
13.8000001907349,92.9000015258789,39.2999992370605,0.845000028610229,31.2000007629395,4601,247.5,109.599998474121,823,685,1
13.6099996566772,92.9000015258789,39.2999992370605,0.842999994754791,31.7999992370605,4575,261.200012207031,109.400001525879,820,683,1
13.7200002670288,92.9000015258789,39.2999992370605,0.855000019073486,32.4000015258789,4369,249.5,109.400001525879,818,681,1
13.6499996185303,92.9000015258789,39.2999992370605,0.861000001430511,32.2000007629395,4264,246.5,109.099998474121,817,679,1
13.7299995422363,92.9000015258789,39.2999992370605,0.870999991893768,33.0999984741211,4161,239.699996948242,109.099998474121,817,679,1
13.710000038147,92.9000015258789,39.2999992370605,0.869000017642975,32.7999992370605,4118,233.800003051758,109.099998474121,816,677,1
13.75,92.9000015258789,39.2999992370605,0.875,33.4000015258789,3972,232.899993896484,109.099998474121,815,674,1
13.1899995803833,92.9000015258789,39.2999992370605,0.874000012874603,33.4000015258789,4030,242.600006103516,109.599998474121,815,674,1
13.8299999237061,92.9000015258789,39.2999992370605,0.871999979019165,33.2000007629395,3877,227,109.5,815,672,1
13.9200000762939,92.9000015258789,39.2999992370605,0.865000009536743,33.2999992370605,3887,229.899993896484,109.099998474121,816,670,1
13.75,92.9000015258789,39.2999992370605,0.870999991893768,33.4000015258789,3908,229.899993896484,109,816,670,1
13.8900003433228,92.9000015258789,39.2999992370605,0.869000017642975,33.2000007629395,3911,227,109.099998474121,816,669,1
13.7799997329712,92.9000015258789,39.2999992370605,0.874000012874603,33.7000007629395,3850,232.899993896484,109.099998474121,816,668,1
13.8500003814697,92.9000015258789,39.2999992370605,0.874000012874603,34.5,3735,229.899993896484,109.599998474121,817,667,1
14,92.9000015258789,39.2999992370605,0.879999995231628,35.7999992370605,3827,226,109.400001525879,817,666,1
13.7799997329712,92.9000015258789,39.2999992370605,0.890999972820282,39.0999984741211,3809,221.199996948242,109.099998474121,818,665,1
13.8299999237061,92.9000015258789,39.2999992370605,0.927999973297119,42.9000015258789,3827,227,109.099998474121,818,664,1
13.8400001525879,93,39.2999992370605,0.958999991416931,43.4000015258789,3818,222.100006103516,109.099998474121,818,664,1
13.8100004196167,93,39.2999992370605,0.933000028133392,44.7999992370605,3743,225.100006103516,109,818,662,1
13.6499996185303,93,39.2999992370605,0.950999975204468,46.5,3723,232.899993896484,109.099998474121,818,661,1
13.6700000762939,93,39.2999992370605,0.934000015258789,49.7999992370605,3805,229.899993896484,109.599998474121,819,660,1
13.6999998092651,93,39.2999992370605,0.938000023365021,54.2999992370605,3991,230.899993896484,109.400001525879,819,659,1
13.8299999237061,93,39.2999992370605,0.967999994754791,60.7999992370605,4144,228,109.099998474121,820,659,1
13.710000038147,93,39.2999992370605,0.936999976634979,70.1999969482422,4108,234.800003051758,109.099998474121,820,659,1
13.8000001907349,93,39.2999992370605,0.916999995708466,78.6999969482422,4339,234.800003051758,109,820,658,1
13.710000038147,93,39.2999992370605,0.892000019550323,85.8000030517578,4770,265.100006103516,109,820,658,1
13.75,93,39.2999992370605,0.892000019550323,90.8000030517578,5211,263.100006103516,109.099998474121,821,658,1
13.8500003814697,93,39.2999992370605,0.887000024318695,94.9000015258789,5137,273.899993896484,109.599998474121,821,657,1
13.8100004196167,93,39.2999992370605,0.861999988555908,93.6999969482422,5811,268,109.400001525879,822,658,1
13.6400003433228,93,39.2999992370605,0.848999977111816,94,5898,285.600006103516,109.099998474121,822,658,1
13.7200002670288,93,39.2999992370605,0.861999988555908,92.5,6331,286.600006103516,109,822,658,1
13.7799997329712,93,39.2999992370605,0.879000008106232,91.1999969482422,6585,281.700012207031,109.099998474121,822,659,1
13.539999961853,93,39.2999992370605,0.912000000476837,93,6788,293.399993896484,109,822,659,1
13.7200002670288,93.0999984741211,39.2999992370605,0.916000008583069,85.1999969482422,6982,304.200012207031,109.099998474121,822,660,1
13.9099998474121,93.0999984741211,39.2999992370605,0.944000005722046,76.3000030517578,6545,305.100006103516,109.5,822,661,1
13.75,93.0999984741211,39.2999992370605,1.57500004768372,86.3000030517578,5626,290.5,109.5,822,662,2
13.7299995422363,93,39.2999992370605,1.28400003910065,88.3000030517578,5822,273.899993896484,109.099998474121,822,662,2
13.8699998855591,93.0999984741211,39.2999992370605,0.981000006198883,86.5999984741211,6010,292.399993896484,109.099998474121,822,664,2
13.6899995803833,93.0999984741211,39.4000015258789,0.987999975681305,86.0999984741211,6176,302.200012207031,109.099998474121,821,665,2
13.7700004577637,93,39.4000015258789,0.97299998998642,84.3000030517578,6271,281.700012207031,109.099998474121,821,666,2
13.8100004196167,93.0999984741211,39.4000015258789,0.953000009059906,77.3000030517578,6544,298.299987792969,109,819,666,2
13.7799997329712,93.0999984741211,39.4000015258789,0.922999978065491,74,6319,289.5,109,818,668,2
13.7600002288818,93.0999984741211,39.4000015258789,0.904999971389771,64.1999969482422,6645,289.5,109.599998474121,819,670,2
13.8500003814697,93.0999984741211,39.4000015258789,0.929000020027161,62.0999984741211,6525,293.399993896484,109.099998474121,819,670,2
13.8000001907349,93.0999984741211,39.4000015258789,0.920000016689301,50.4000015258789,6729,274.899993896484,109.099998474121,819,671,2
13.8000001907349,93.0999984741211,39.4000015258789,0.929000020027161,48.0999984741211,6611,299.299987792969,109.099998474121,818,673,2
13.8500003814697,93.0999984741211,39.4000015258789,0.964999973773956,44,6697,284.600006103516,109.099998474121,818,674,2
13.8100004196167,93.0999984741211,39.4000015258789,0.940999984741211,42.2999992370605,6665,301.200012207031,109.099998474121,818,676,2
13.7399997711182,93.0999984741211,39.4000015258789,0.996999979019165,45.2000007629395,6805,295.399993896484,109,819,677,2
13.6999998092651,93.0999984741211,39.4000015258789,0.98199999332428,45.9000015258789,6706,304.200012207031,109,819,677,2
13.8199996948242,93.0999984741211,39.4000015258789,0.978999972343445,50.2000007629395,6338,295.399993896484,109.599998474121,819,678,2
13.8500003814697,93.0999984741211,39.4000015258789,1.75899994373322,56.4000015258789,5458,287.600006103516,109.099998474121,820,680,3
13.6499996185303,93.0999984741211,39.4000015258789,1.45299994945526,65.5999984741211,5618,287.600006103516,109.099998474121,821,681,3
13.8900003433228,93.0999984741211,39.4000015258789,0.992999970912933,63,5455,278.799987792969,109,821,682,3
13.8100004196167,93.0999984741211,39.4000015258789,0.976999998092651,62.2999992370605,5517,270,109,822,682,3
13.5299997329712,93.0999984741211,39.4000015258789,0.934000015258789,55.7000007629395,5625,285.600006103516,109,822,682,3
13.6599998474121,93.0999984741211,39.4000015258789,0.939000010490417,49.5999984741211,5494,285.600006103516,109.099998474121,822,682,3
13.8500003814697,93.0999984741211,39.4000015258789,0.904999971389771,43.4000015258789,5535,287.600006103516,109.599998474121,822,683,3
13.7700004577637,93.0999984741211,39.4000015258789,0.952000021934509,36.5999984741211,5476,287.600006103516,109.400001525879,822,683,3
13.7600002288818,93.0999984741211,39.4000015258789,0.883000016212463,32.7000007629395,5401,290.5,109.099998474121,823,684,3
13.8199996948242,93.0999984741211,39.4000015258789,0.882000029087067,31.6000003814697,5355,299.299987792969,109.099998474121,823,684,3
13.8100004196167,93.0999984741211,39.4000015258789,0.869000017642975,32.2000007629395,5385,276.799987792969,109,824,685,3
13.8199996948242,93.0999984741211,39.4000015258789,0.876999974250793,36.2000007629395,5227,276.799987792969,109,824,684,3
13.5,93.1999969482422,39.4000015258789,0.899999976158142,40.4000015258789,5355,283.700012207031,109,824,684,3
13.8699998855591,93.1999969482422,39.4000015258789,0.936999976634979,43.5,5271,277.799987792969,109.5,825,684,3
13.8199996948242,93.0999984741211,39.4000015258789,0.957000017166138,46.5,5155,275.799987792969,109.400001525879,827,684,3
13.460000038147,93.0999984741211,39.4000015258789,0.970000028610229,50.5999984741211,5245,270,109,827,683,3
13.7399997711182,93.1999969482422,39.4000015258789,0.949999988079071,51.5999984741211,5226,278.799987792969,109.099998474121,828,683,3
13.8800001144409,93.1999969482422,39.4000015258789,0.954999983310699,52.4000015258789,5139,274.899993896484,109,830,682,3
13.8100004196167,93.1999969482422,39.4000015258789,0.927999973297119,53.7999992370605,5251,278.799987792969,109,830,682,3
13.8900003433228,93.0999984741211,39.4000015258789,0.934000015258789,50.5,5218,269,109,830,682,3
13.8900003433228,93.1999969482422,39.4000015258789,0.903999984264374,42,5133,278.799987792969,109,831,683,3
13.960000038147,93.1999969482422,39.4000015258789,0.879999995231628,37.0999984741211,5059,266.100006103516,109.5,833,682,3
13.7600002288818,93.1999969482422,39.4000015258789,0.875999987125397,34.9000015258789,5089,264.100006103516,109.400001525879,834,683,3
13.8100004196167,93.1999969482422,39.4000015258789,0.856000006198883,33,5062,261.200012207031,109,835,683,3
13.75,93.1999969482422,39.4000015258789,0.832000017166138,31.6000003814697,4936,258.299987792969,109,837,683,3
13.6700000762939,93.1999969482422,39.4000015258789,0.818000018596649,31.3999996185303,4729,260.200012207031,109.099998474121,837,683,2
13.8100004196167,93.1999969482422,39.4000015258789,1.0440000295639,30.2999992370605,4901,273.899993896484,109,836,682,2
13.8199996948242,93.1999969482422,39.4000015258789,1.4559999704361,29.3999996185303,5022,265.100006103516,109,837,682,2
13.9099998474121,93.1999969482422,39.4000015258789,1.74100005626678,28.3999996185303,5042,276.799987792969,109.400001525879,837,681,2
13.9099998474121,93.1999969482422,39.4000015258789,2.16499996185303,28.6000003814697,4859,264.100006103516,109.400001525879,837,680,2
13.8400001525879,93.1999969482422,39.4000015258789,2.40000009536743,28.7000007629395,4685,262.200012207031,109.099998474121,835,677,2
13.8900003433228,93.1999969482422,39.4000015258789,2.40000009536743,28.8999996185303,4528,260.200012207031,109.099998474121,832,677,2
13.7799997329712,93.1999969482422,39.4000015258789,2.40000009536743,29.3999996185303,4436,242.600006103516,109.099998474121,832,676,2
13.6099996566772,93.1999969482422,39.4000015258789,2.40000009536743,30.7000007629395,4431,256.299987792969,109,829,673,2
13.6400003433228,93.1999969482422,39.4000015258789,1.23699998855591,30.8999996185303,4123,240.699996948242,109,824,670,1
13.6800003051758,93.1999969482422,39.2999992370605,1.23199999332428,31.3999996185303,4334,250.5,109,820,668,1
13.6400003433228,93.1999969482422,39.2999992370605,2.28999996185303,30.7999992370605,4524,247.5,109.599998474121,817,666,1
13.9200000762939,93.1999969482422,39.2999992370605,2.40000009536743,30.5,4663,271,109.400001525879,814,666,1
13.7700004577637,93.1999969482422,39.2999992370605,2.40000009536743,36.0999984741211,4971,268,109.099998474121,814,664,1
13.789999961853,93.1999969482422,39.2999992370605,0.96399998664856,43.2999992370605,5068,271.899993896484,109,809,662,1
13.789999961853,93.1999969482422,39.2999992370605,0.976000010967255,47.5,4876,266.100006103516,109,805,659,1
13.8900003433228,93.1999969482422,39.2999992370605,1.00199997425079,54.7999992370605,4884,267.100006103516,109,802,658,1
13.75,93.1999969482422,39.2999992370605,1.0460000038147,59.5999984741211,4822,263.100006103516,109,799,656,1
13.8100004196167,93.1999969482422,39.2999992370605,1.04900002479553,64.5,5192,276.799987792969,109.5,797,655,1
13.8699998855591,93.1999969482422,39.2999992370605,1.01300001144409,68.5,6030,289.5,109.5,797,655,1
13.7799997329712,93.3000030517578,39.2999992370605,0.916999995708466,65.3000030517578,4975,266.100006103516,109.099998474121,796,655,1
13.8100004196167,93.3000030517578,39.2999992370605,0.894999980926514,62.4000015258789,5174,275.799987792969,109,795,655,1
13.7700004577637,93.3000030517578,39.2999992370605,0.977999985218048,63.2999992370605,5920,275.799987792969,109,795,655,1
13.6999998092651,93.3000030517578,39.2999992370605,0.882000029087067,64.3000030517578,5530,287.600006103516,109,796,656,1
13.7399997711182,93.1999969482422,39.2999992370605,0.845000028610229,49.5999984741211,5445,288.5,109,797,656,1
13.8500003814697,93.3000030517578,39.2999992370605,0.884999990463257,50.2000007629395,5682,290.5,108.800003051758,797,656,1
13.9099998474121,93.3000030517578,39.2999992370605,0.890999972820282,50,5718,281.700012207031,109.5,797,657,1
13.8699998855591,93.3000030517578,39.2999992370605,0.898000001907349,43.4000015258789,5611,277.799987792969,109.400001525879,797,657,1
13.7600002288818,93.3000030517578,39.2999992370605,0.967999994754791,46.2999992370605,5582,289.5,109,798,656,1
13.75,93.3000030517578,39.2999992370605,0.947000026702881,44.7999992370605,5488,284.600006103516,109,797,658,1
13.8900003433228,93.3000030517578,39.2999992370605,0.970000028610229,45.7000007629395,5552,279.700012207031,109,801,659,1
13.7600002288818,93.3000030517578,39.2999992370605,0.962999999523163,45.2999992370605,5686,289.5,109,801,659,1
13.7799997329712,93.3000030517578,39.2999992370605,0.944999992847443,37.7000007629395,5578,278.799987792969,109,801,659,1
13.8500003814697,93.3000030517578,39.2999992370605,0.888000011444092,34.7000007629395,5450,269,109.5,801,660,1
13.9399995803833,93.3000030517578,39.2999992370605,0.915000021457672,35.2999992370605,5373,272.899993896484,109.099998474121,802,661,1
13.8599996566772,93.3000030517578,39.2999992370605,0.915000021457672,38.4000015258789,5349,270,109.099998474121,803,662,1
13.9200000762939,93.3000030517578,39.2999992370605,0.920000016689301,35.5,5349,286.600006103516,109,805,662,1
13.6499996185303,93.3000030517578,39.2999992370605,0.882000029087067,34.5,5327,291.5,109,807,662,1
13.6099996566772,93.3000030517578,39.2999992370605,0.882000029087067,32.9000015258789,5140,272.899993896484,109,808,663,1
13.8599996566772,93.3000030517578,39.2999992370605,0.853999972343445,36.2999992370605,5200,281.700012207031,109,809,663,1
13.8299999237061,93.3000030517578,39.2999992370605,0.887000024318695,38.7999992370605,5317,282.700012207031,109,809,663,1
13.8000001907349,93.3000030517578,39.2999992370605,0.912000000476837,39.5999984741211,5171,276.799987792969,109.5,810,662,1
13.8299999237061,93.3000030517578,39.2999992370605,0.922999978065491,41.2000007629395,5089,275.799987792969,109.099998474121,811,662,1
13.960000038147,93.3000030517578,39.2999992370605,0.925999999046326,41.5,5185,274.899993896484,109,814,662,1
13.8900003433228,93.3000030517578,39.2999992370605,0.925999999046326,41.0999984741211,5195,277.799987792969,109,815,662,1
13.8199996948242,93.3000030517578,39.2999992370605,0.915000021457672,41.2999992370605,5192,281.700012207031,109,816,662,1
13.6899995803833,93.3000030517578,39.2999992370605,0.906000018119812,40.7000007629395,5178,272.899993896484,108.800003051758,816,662,1
13.8199996948242,93.3000030517578,39.2999992370605,0.901000022888184,45.7000007629395,5097,265.100006103516,109.400001525879,817,662,1
13.8699998855591,93.3000030517578,39.2999992370605,0.986999988555908,51.7999992370605,5030,265.100006103516,109.5,819,662,1
13.8199996948242,93.3000030517578,39.2999992370605,0.994000017642975,54.5999984741211,5193,284.600006103516,109.099998474121,820,661,1
13.6800003051758,93.3000030517578,39.2999992370605,0.953999996185303,54.9000015258789,5289,282.700012207031,109,821,662,1
13.7399997711182,93.3000030517578,39.2999992370605,0.916999995708466,53.5999984741211,5206,279.700012207031,109,822,662,1
13.8199996948242,93.3000030517578,39.2999992370605,0.913999974727631,54.2999992370605,5213,278.799987792969,109,824,662,1
13.789999961853,93.3000030517578,39.2999992370605,0.936999976634979,53.2000007629395,5399,281.700012207031,108.800003051758,824,662,1
13.8100004196167,93.3000030517578,39.2999992370605,0.922999978065491,51,5128,273.899993896484,109.099998474121,825,663,1
13.960000038147,93.3000030517578,39.2999992370605,0.898000001907349,45.9000015258789,4997,268,109.400001525879,826,663,1
13.7399997711182,93.3000030517578,39.2999992370605,0.922999978065491,44.2999992370605,5174,277.799987792969,109.400001525879,827,663,1
13.8400001525879,93.3000030517578,39.2999992370605,0.925000011920929,43.7000007629395,5170,273.899993896484,109,828,664,1
13.8100004196167,93.3000030517578,39.2999992370605,0.931999981403351,45.0999984741211,5127,267.100006103516,109,828,664,1
13.8199996948242,93.3000030517578,39.2999992370605,0.925999999046326,47.7999992370605,5257,284.600006103516,109,828,664,1
13.8100004196167,93.3000030517578,39.2999992370605,0.944999992847443,48.2000007629395,5234,266.100006103516,109,829,665,1
13.8000001907349,93.3000030517578,39.2999992370605,0.944000005722046,42.5,5408,281.700012207031,109,829,665,1
13.8500003814697,93.3000030517578,39.2999992370605,0.870999991893768,43.7999992370605,5515,276.799987792969,108.800003051758,831,665,1
13.75,93.3000030517578,39.2999992370605,0.927999973297119,43.4000015258789,5325,276.799987792969,109.5,832,666,1
13.8100004196167,93.3000030517578,39.2999992370605,0.890999972820282,43.5,5449,271,109.099998474121,832,666,1
13.7399997711182,93.3000030517578,39.2999992370605,0.941999971866608,47.0999984741211,5243,270,109,833,666,1
13.8900003433228,93.3000030517578,39.2999992370605,0.938000023365021,47.2999992370605,5361,271.899993896484,109,833,666,1
13.9200000762939,93.3000030517578,39.2999992370605,0.916000008583069,51.0999984741211,5353,285.600006103516,108.800003051758,833,666,1
13.6700000762939,93.3000030517578,39.2999992370605,0.99099999666214,62.0999984741211,5271,273.899993896484,109,834,667,1
13.8599996566772,93.3000030517578,39.2999992370605,0.971000015735626,78,5750,305.100006103516,109,835,668,1
13.6800003051758,93.3000030517578,39.2999992370605,0.896000027656555,80.1999969482422,5797,282.700012207031,109,836,668,1
13.6599998474121,93.3000030517578,39.2999992370605,0.907999992370605,78.1999969482422,6070,308.100006103516,109.400001525879,837,668,1
13.7700004577637,93.3000030517578,39.2999992370605,0.953999996185303,80.4000015258789,6137,286.600006103516,109.099998474121,837,668,1
13.75,93.3000030517578,39.2999992370605,0.944000005722046,85.5,6354,309,109,838,669,1
13.5200004577637,93.3000030517578,39.2999992370605,0.904999971389771,85.8000030517578,6797,302.200012207031,108.800003051758,838,670,1
13.6700000762939,93.3000030517578,39.2999992370605,0.950999975204468,88.9000015258789,6768,314.899993896484,109,838,671,1
13.7799997329712,93.3000030517578,39.2999992370605,0.953999996185303,88.9000015258789,7006,304.200012207031,108.800003051758,840,672,1
13.710000038147,93.3000030517578,39.4000015258789,0.968999981880188,89.3000030517578,7318,305.100006103516,108.800003051758,840,674,1
13.7700004577637,93.3000030517578,39.4000015258789,0.935000002384186,89,7729,327.600006103516,109.5,840,676,1
13.7700004577637,93.3000030517578,39.4000015258789,0.896000027656555,85.9000015258789,7956,337.399993896484,109.400001525879,840,676,1
13.4399995803833,93.3000030517578,39.4000015258789,1.29299998283386,88,6619,304.200012207031,109,840,678,2
13.75,93.3000030517578,39.4000015258789,1.68400001525879,91.9000015258789,5974,278.799987792969,108.800003051758,841,680,2
13.8199996948242,93.3000030517578,39.4000015258789,0.986000001430511,86.0999984741211,6142,283.700012207031,108.800003051758,841,681,2
13.8800001144409,93.3000030517578,39.4000015258789,1.00899994373322,83.5999984741211,6199,296.299987792969,109,841,682,2
13.4200000762939,93.3000030517578,39.4000015258789,0.991999983787537,77.8000030517578,6623,296.299987792969,108.800003051758,840,684,2
13.7700004577637,93.3000030517578,39.4000015258789,0.958999991416931,76.5,6525,296.299987792969,109.5,840,684,2
13.710000038147,93.3000030517578,39.4000015258789,1,77.5999984741211,6863,296.299987792969,109.400001525879,840,686,2
13.6800003051758,93.3000030517578,39.4000015258789,1.00800001621246,76.9000015258789,6829,321.700012207031,109.099998474121,840,688,2
13.6499996185303,93.3000030517578,39.4000015258789,0.986999988555908,76.8000030517578,6976,297.299987792969,109,840,689,2
13.539999961853,93.3000030517578,39.4000015258789,0.934000015258789,73.1999969482422,7097,298.299987792969,108.800003051758,839,691,2
13.5,93.3000030517578,39.4000015258789,0.912000000476837,73.6999969482422,6337,286.600006103516,108.800003051758,839,693,3
13.6999998092651,93.3000030517578,39.4000015258789,1.86600005626678,81.3000030517578,5801,292.399993896484,108.800003051758,839,694,3
13.6999998092651,93.3000030517578,39.4000015258789,1.04999995231628,76.8000030517578,6084,297.299987792969,108.800003051758,838,694,3
13.7399997711182,93.3000030517578,39.5,0.987999975681305,77.9000015258789,6092,307.100006103516,109.400001525879,838,695,3
13.710000038147,93.3000030517578,39.5,0.924000024795532,72.4000015258789,6183,303.200012207031,109.099998474121,837,696,3
13.8800001144409,93.3000030517578,39.5,1.03299999237061,70.5999984741211,6244,304.200012207031,108.800003051758,837,697,3
13.7399997711182,93.3000030517578,39.5,1.00600004196167,67.6999969482422,6282,289.5,109,837,697,3
13.8100004196167,93.3000030517578,39.5,1.09399998188019,61.0999984741211,6111,281.700012207031,108.800003051758,837,699,3
13.5799999237061,93.3000030517578,39.5,1.00499999523163,56.2999992370605,6129,302.200012207031,108.800003051758,836,700,3
13.5500001907349,93.3000030517578,39.5,0.989000022411346,50.2000007629395,6145,300.299987792969,108.800003051758,836,701,3
13.3999996185303,93.3000030517578,39.5,0.88400000333786,47.5,6183,282.700012207031,109.400001525879,836,701,3
13.6499996185303,93.3000030517578,39.5,1.05900001525879,47.0999984741211,6253,312,109,835,701,3
13.9700002670288,93.3000030517578,39.5,1.13199996948242,50.2000007629395,6131,289.5,108.800003051758,835,702,3
13.8500003814697,93.3000030517578,39.5,1.14499998092651,50.7999992370605,6123,285.600006103516,108.800003051758,835,703,3
13.75,93.3000030517578,39.5,1.06500005722046,49.4000015258789,6108,299.299987792969,108.800003051758,834,703,3
14.0500001907349,93.3000030517578,39.5,1.05099999904633,51.9000015258789,6123,307.100006103516,108.800003051758,834,703,3
13.7399997711182,93.3000030517578,39.5,1.04799997806549,52.7999992370605,6058,292.399993896484,109.400001525879,834,703,3
13.8100004196167,93.3000030517578,39.5,1.09500002861023,46.5,6138,310,109.5,834,703,3
13.4899997711182,93.3000030517578,39.5,0.892000019550323,44.2999992370605,6078,298.299987792969,109.099998474121,833,704,3
13.7200002670288,93.3000030517578,39.5,0.919000029563904,42,6047,287.600006103516,109,833,704,3
13.75,93.3000030517578,39.4000015258789,0.903999984264374,34.4000015258789,5994,281.700012207031,108.800003051758,833,705,3
13.7700004577637,93.3000030517578,39.4000015258789,0.879000008106232,28.5,5895,289.5,108.800003051758,833,705,3
13.8100004196167,93.3000030517578,39.4000015258789,0.864000022411346,25.2999992370605,5762,292.399993896484,109,833,705,3
13.8299999237061,93.3000030517578,39.4000015258789,0.846000015735626,25.8999996185303,5675,283.700012207031,108.800003051758,833,705,3
13.6400003433228,93.3000030517578,39.4000015258789,0.878000020980835,27.3999996185303,5846,289.5,109.5,833,705,3
13.8599996566772,93.3000030517578,39.4000015258789,0.810999989509583,34.9000015258789,5879,299.299987792969,109.099998474121,833,705,3
13.8199996948242,93.3000030517578,39.4000015258789,0.952000021934509,37.9000015258789,5609,275.799987792969,109,835,704,3
13.8900003433228,93.3000030517578,39.4000015258789,0.921999990940094,39.2999992370605,5593,289.5,108.800003051758,835,703,3
13.8800001144409,93.3000030517578,39.4000015258789,0.921000003814697,40.4000015258789,5649,282.700012207031,108.800003051758,835,703,3
13.8800001144409,93.3000030517578,39.4000015258789,0.930999994277954,41.0999984741211,5545,280.700012207031,109,837,701,3
13.8400001525879,93.3000030517578,39.2999992370605,0.935000002384186,41.5,5522,280.700012207031,109,837,701,3
13.6999998092651,93.3000030517578,39.2999992370605,0.921000003814697,42,5575,279.700012207031,109.099998474121,837,701,3
13.8500003814697,93.3000030517578,39.2999992370605,0.920000016689301,42.4000015258789,5480,284.600006103516,109.400001525879,838,700,3
13.7299995422363,93.3000030517578,39.2999992370605,0.912999987602234,44.5999984741211,5528,292.399993896484,109,839,699,3
13.9200000762939,93.3000030517578,39.2999992370605,0.925000011920929,46.2000007629395,5398,283.700012207031,109,840,698,3
13.9399995803833,93.3000030517578,39.2999992370605,0.944999992847443,50.9000015258789,5447,291.5,108.800003051758,841,698,3
13.8199996948242,93.3000030517578,39.2999992370605,0.961000025272369,52.5999984741211,5313,276.799987792969,109,841,697,3
13.8299999237061,93.3000030517578,39.2999992370605,0.931999981403351,53.5,5467,277.799987792969,108.800003051758,841,697,3
13.8900003433228,93.3000030517578,39.2999992370605,0.944000005722046,52.7000007629395,5340,276.799987792969,108.800003051758,842,697,3
13.7700004577637,93.3000030517578,39.2999992370605,0.934000015258789,53.7000007629395,5458,282.700012207031,109.400001525879,843,696,3
13.7299995422363,93.3000030517578,39.2999992370605,0.936999976634979,53,5346,287.600006103516,109.5,844,696,3
13.789999961853,93.3000030517578,39.2999992370605,0.936999976634979,54.2000007629395,5451,278.799987792969,109,844,696,3
13.8800001144409,93.3000030517578,39.2999992370605,0.930999994277954,53,5330,285.600006103516,108.800003051758,845,696,3
13.789999961853,93.3000030517578,39.2999992370605,0.936999976634979,54.4000015258789,5378,283.700012207031,108.800003051758,846,696,3
13.9099998474121,93.3000030517578,39.2999992370605,0.935000002384186,52.7999992370605,5280,290.5,108.800003051758,846,696,3
13.8100004196167,93.4000015258789,39.2999992370605,0.929000020027161,52.2000007629395,5405,287.600006103516,108.800003051758,846,695,3
13.8699998855591,93.4000015258789,39.2999992370605,0.927999973297119,50.7000007629395,5400,277.799987792969,109.400001525879,847,695,3
13.7299995422363,93.4000015258789,39.2999992370605,0.940999984741211,51.0999984741211,5290,280.700012207031,109.400001525879,847,695,3
13.7299995422363,93.3000030517578,39.2999992370605,0.921999990940094,50.9000015258789,5361,271.899993896484,109,848,695,3
13.9700002670288,93.4000015258789,39.2999992370605,0.930999994277954,52.2000007629395,5263,288.5,109,848,695,3
13.789999961853,93.4000015258789,39.2999992370605,0.952000021934509,54.2999992370605,5384,289.5,108.800003051758,848,695,3
14,93.4000015258789,39.2999992370605,0.938000023365021,48,5200,281.700012207031,108.800003051758,849,695,3
13.75,93.4000015258789,39.2999992370605,1.06400001049042,37.9000015258789,5043,273.899993896484,108.800003051758,849,695,2
14.0100002288818,93.4000015258789,39.2999992370605,1.67299997806549,32.7999992370605,5210,272.899993896484,108.800003051758,850,695,2
13.9899997711182,93.4000015258789,39.2999992370605,2.11999988555908,29.3999996185303,5320,282.700012207031,109.400001525879,849,694,2
14.0299997329712,93.4000015258789,39.2999992370605,2.40000009536743,27.7999992370605,5385,278.799987792969,109.099998474121,849,694,2
13.7600002288818,93.4000015258789,39.2999992370605,2.40000009536743,26.7000007629395,5525,284.600006103516,109,847,694,2
13.6499996185303,93.4000015258789,39.2999992370605,2.40000009536743,26.1000003814697,5539,281.700012207031,108.800003051758,847,692,2
13.75,93.4000015258789,39.2999992370605,2.40000009536743,25.8999996185303,5370,279.700012207031,108.800003051758,844,690,2
13.75,93.4000015258789,39.2999992370605,2.40000009536743,26.7000007629395,5225,272.899993896484,108.800003051758,840,688,2
13.7399997711182,93.4000015258789,39.2999992370605,2.0090000629425,27.2999992370605,5180,272.899993896484,108.800003051758,836,686,2
13.789999961853,93.4000015258789,39.2999992370605,1.15499997138977,28.1000003814697,5099,270,108.699996948242,831,683,2
13.7700004577637,93.4000015258789,39.2999992370605,0.907000005245209,28.6000003814697,4820,259.200012207031,109.400001525879,827,680,1
13.6899995803833,93.4000015258789,39.2999992370605,1.92900002002716,28.7999992370605,4973,273.899993896484,109,827,680,1
13.7600002288818,93.4000015258789,39.2999992370605,2.40000009536743,28.6000003814697,5058,278.799987792969,108.800003051758,822,678,1
13.25,93.4000015258789,39.2999992370605,2.40000009536743,28.5,5413,295.399993896484,108.699996948242,819,676,1
13.7200002670288,93.4000015258789,39.2999992370605,1.20200002193451,26.7999992370605,5620,291.5,108.800003051758,815,674,1
13.789999961853,93.4000015258789,39.2999992370605,0.907000005245209,26.6000003814697,5477,273.899993896484,108.800003051758,811,672,1
13.7399997711182,93.4000015258789,39.2999992370605,0.889999985694885,27.3999996185303,5226,266.100006103516,108.800003051758,808,670,1
13.5799999237061,93.4000015258789,39.2999992370605,0.879999995231628,29.5,5147,275.799987792969,108.800003051758,805,670,1
13.710000038147,93.4000015258789,39.2999992370605,0.861000001430511,31.6000003814697,5226,265.100006103516,109.099998474121,805,667,1
13.9499998092651,93.4000015258789,39.2999992370605,0.865000009536743,39.5999984741211,5254,273.899993896484,108.800003051758,803,666,1
13.6400003433228,93.4000015258789,39.2999992370605,0.910000026226044,43.7999992370605,5501,281.700012207031,108.800003051758,801,664,1
13.8699998855591,93.4000015258789,39.2999992370605,0.947000026702881,51.2999992370605,5380,276.799987792969,108.699996948242,801,664,1
13.6300001144409,93.4000015258789,39.2999992370605,0.998000025749207,56.7000007629395,5062,269,108.699996948242,801,662,1
13.8100004196167,93.4000015258789,39.2999992370605,1.00199997425079,60.5,5624,288.5,108.699996948242,801,660,1
13.3900003433228,93.4000015258789,39.2999992370605,1.00600004196167,60.0999984741211,5413,284.600006103516,108.699996948242,801,660,1
13.789999961853,93.4000015258789,39.2999992370605,0.885999977588654,58.4000015258789,5772,285.600006103516,109.099998474121,801,660,1
13.7299995422363,93.4000015258789,39.2999992370605,0.952000021934509,59.0999984741211,5669,276.799987792969,109,803,660,1
13.6700000762939,93.4000015258789,39.2999992370605,0.879000008106232,49.0999984741211,5401,283.700012207031,109,803,660,1
13.9300003051758,93.4000015258789,39.2999992370605,0.936999976634979,43.2999992370605,5569,294.399993896484,108.699996948242,804,660,1
13.8500003814697,93.4000015258789,39.2999992370605,0.892000019550323,35.0999984741211,5481,295.399993896484,108.699996948242,805,660,1
13.8000001907349,93.5,39.2999992370605,0.892000019550323,30.7000007629395,5366,295.399993896484,108.699996948242,806,660,1
13.9399995803833,93.5,39.2999992370605,0.846000015735626,29.2999992370605,5323,286.600006103516,108.699996948242,807,660,1
13.9499998092651,93.4000015258789,39.2999992370605,0.828999996185303,28.5,5149,275.799987792969,109.099998474121,808,661,1
13.960000038147,93.5,39.2999992370605,0.825999975204468,28.7000007629395,5119,271.899993896484,109,808,661,1
13.7700004577637,93.5,39.2999992370605,0.810999989509583,29,5170,276.799987792969,108.800003051758,809,661,1
13.7399997711182,93.5,39.2999992370605,0.809000015258789,30,4995,271.899993896484,108.699996948242,810,661,1
13.8199996948242,93.5,39.2999992370605,0.816999971866608,31.8999996185303,4959,267.100006103516,108.699996948242,811,661,1
13.75,93.5,39.2999992370605,0.818000018596649,35.4000015258789,5048,274.899993896484,108.699996948242,813,661,1
13.4700002670288,93.5,39.2999992370605,0.860000014305115,45.7999992370605,5203,277.799987792969,108.599998474121,812,659,1
13.8599996566772,93.4000015258789,39.2999992370605,0.862999975681305,53.9000015258789,4982,264.100006103516,109.099998474121,814,659,1
13.789999961853,93.5,39.2999992370605,0.967000007629395,67.0999984741211,5252,273.899993896484,108.800003051758,815,658,1
13.8199996948242,93.5,39.2999992370605,0.897000014781952,81.5,5192,286.600006103516,108.699996948242,816,659,1
13.8599996566772,93.5,39.2999992370605,0.912000000476837,79.6999969482422,5486,281.700012207031,108.699996948242,817,657,1
13.8199996948242,93.5,39.2999992370605,0.922999978065491,81.8000030517578,5426,292.399993896484,108.699996948242,818,657,1
13.8100004196167,93.5,39.2999992370605,0.935000002384186,81.9000015258789,5942,286.600006103516,108.599998474121,819,657,1
13.8900003433228,93.5,39.2999992370605,0.939999997615814,83,6048,287.600006103516,108.699996948242,819,656,1
13.8100004196167,93.5,39.2999992370605,0.939999997615814,85.9000015258789,6296,287.600006103516,109,820,657,1
13.7700004577637,93.5,39.2999992370605,0.892000019550323,89.9000015258789,6306,309,109.099998474121,820,658,1
13.8100004196167,93.5,39.2999992370605,0.898999989032745,90.3000030517578,6910,295.399993896484,108.800003051758,822,659,1
13.8999996185303,93.5,39.2999992370605,0.892000019550323,88.5999984741211,7216,300.299987792969,108.699996948242,822,660,1
13.8100004196167,93.5,39.2999992370605,0.970000028610229,87.9000015258789,7210,320.799987792969,108.699996948242,823,661,1
13.6300001144409,93.5,39.2999992370605,0.882000029087067,71.4000015258789,6629,290.5,108.699996948242,823,661,1
13.8299999237061,93.4000015258789,39.2999992370605,1.44200003147125,62.5999984741211,5363,281.700012207031,108.699996948242,823,663,2
14.0100002288818,93.4000015258789,39.2999992370605,1.58800005912781,52.2000007629395,5452,283.700012207031,108.699996948242,824,665,2
13.4399995803833,93.4000015258789,39.2999992370605,1.02799999713898,44,5417,273.899993896484,109,824,666,2
13.8599996566772,93.4000015258789,39.2999992370605,0.916999995708466,36.2999992370605,5348,246.5,108.800003051758,823,667,2
13.6999998092651,93.5,39.2999992370605,0.889999985694885,32.4000015258789,5306,248.5,108.699996948242,823,668,2
13.9099998474121,93.4000015258789,39.2999992370605,0.878000020980835,30.2000007629395,5215,281.700012207031,108.699996948242,823,668,2
13.960000038147,93.5,39.2999992370605,0.96399998664856,29.1000003814697,4899,266.100006103516,108.699996948242,823,669,2
13.8100004196167,93.4000015258789,39.2999992370605,1.54900002479553,28.5,5021,271.899993896484,108.599998474121,823,669,2
13.7600002288818,93.5,39.2999992370605,1.93900001049042,28.7999992370605,5017,275.799987792969,108.599998474121,822,669,2
13.8000001907349,93.5,39.2999992370605,1.85199999809265,29.5,5026,265.100006103516,109.099998474121,822,668,2
13.8100004196167,93.4000015258789,39.2999992370605,0.889999985694885,31.8999996185303,4965,258.299987792969,109,821,668,2
13.6899995803833,93.4000015258789,39.2999992370605,0.862999975681305,37.7999992370605,5038,278.799987792969,108.699996948242,820,667,2
13.8999996185303,93.5,39.2999992370605,0.913999974727631,41.9000015258789,4982,272.899993896484,108.599998474121,818,667,2
13.710000038147,93.4000015258789,39.2999992370605,0.966000020503998,46.5,4918,266.100006103516,108.599998474121,818,666,2
13.7399997711182,93.4000015258789,39.2999992370605,0.991999983787537,49.2000007629395,5055,271.899993896484,108.699996948242,818,666,2
13.7600002288818,93.4000015258789,39.2999992370605,1.03900003433228,55.9000015258789,4899,268,108.599998474121,816,665,2
13.9399995803833,93.4000015258789,39.2999992370605,1.01199996471405,59.9000015258789,4903,272.899993896484,108.599998474121,817,665,2
13.8100004196167,93.4000015258789,39.2999992370605,1.00899994373322,69,5206,275.799987792969,109.099998474121,817,665,2
13.789999961853,93.4000015258789,39.2999992370605,1.01699995994568,73,5260,275.799987792969,109,818,665,2
13.7299995422363,93.4000015258789,39.2999992370605,0.999000012874603,75.9000015258789,4881,266.100006103516,108.699996948242,818,665,2
13.8299999237061,93.4000015258789,39.2999992370605,0.986999988555908,75.4000015258789,4933,260.200012207031,108.599998474121,818,665,2
13.8900003433228,93.5,39.2999992370605,1.00499999523163,73.0999984741211,4993,285.600006103516,108.599998474121,818,665,2
13.4200000762939,93.4000015258789,39.2999992370605,0.944999992847443,67.3000030517578,5403,280.700012207031,108.599998474121,819,666,2
13.789999961853,93.4000015258789,39.2999992370605,0.933000028133392,62.5999984741211,5198,270,108.699996948242,820,667,2
13.6199998855591,93.5,39.2999992370605,0.931999981403351,58.2000007629395,5516,277.799987792969,109.099998474121,822,668,2
13.8800001144409,93.4000015258789,39.2999992370605,0.90200001001358,54.5999984741211,5324,270,109,823,668,2
13.8800001144409,93.5,39.2999992370605,0.903999984264374,47.7000007629395,5278,275.799987792969,108.699996948242,823,668,2
13.8599996566772,93.5,39.2999992370605,0.915000021457672,45,5292,281.700012207031,108.599998474121,822,670,2
13.7399997711182,93.5,39.2999992370605,0.896000027656555,37.2000007629395,5237,286.600006103516,108.599998474121,824,670,2
13.7600002288818,93.5,39.2999992370605,0.878000020980835,34.7000007629395,5234,275.799987792969,108.599998474121,825,671,2
13.8400001525879,93.5,39.2999992370605,0.879000008106232,33.4000015258789,5171,277.799987792969,108.599998474121,824,671,2
13.8000001907349,93.5,39.2999992370605,0.859000027179718,34.7000007629395,5113,275.799987792969,108.599998474121,826,671,2
13.7700004577637,93.5,39.2999992370605,0.875999987125397,39.9000015258789,5095,273.899993896484,109,826,671,2
13.6199998855591,93.4000015258789,39.2999992370605,0.933000028133392,43.9000015258789,5134,274.899993896484,108.800003051758,826,671,2
13.8100004196167,93.5,39.2999992370605,0.958000004291534,50.7999992370605,5108,280.700012207031,108.699996948242,826,671,2
13.8699998855591,93.5,39.2999992370605,1.01499998569489,58.4000015258789,5127,271,108.599998474121,827,671,2
13.7700004577637,93.5,39.2999992370605,1.02699995040894,62.5,5112,286.600006103516,108.599998474121,829,670,2
13.2799997329712,93.5,39.2999992370605,0.97299998998642,63.5,5418,285.600006103516,108.599998474121,830,671,2
13.9700002670288,93.4000015258789,39.2999992370605,0.916999995708466,64.8000030517578,5381,268,108.599998474121,831,671,2
13.460000038147,93.4000015258789,39.2999992370605,0.933000028133392,69,5353,274.899993896484,109,831,671,2
13.8599996566772,93.4000015258789,39.2999992370605,0.981000006198883,72.5,5678,299.299987792969,108.800003051758,831,672,2
13.6599998474121,93.4000015258789,39.2999992370605,0.903999984264374,81.8000030517578,5709,274.899993896484,108.699996948242,832,672,2
13.6899995803833,93.4000015258789,39.2999992370605,0.892000019550323,83.1999969482422,5843,283.700012207031,108.599998474121,833,672,2
13.75,93.4000015258789,39.2999992370605,0.957000017166138,82.6999969482422,5752,282.700012207031,108.699996948242,833,673,2
13.75,93.5,39.2999992370605,0.943000018596649,82.8000030517578,5819,298.299987792969,108.599998474121,834,674,2
13.9499998092651,93.4000015258789,39.2999992370605,0.913999974727631,80,5911,301.200012207031,108.599998474121,834,674,2
13.8199996948242,93.4000015258789,39.2999992370605,0.935000002384186,76,6109,305.100006103516,108.699996948242,835,674,2
13.8500003814697,93.4000015258789,39.2999992370605,0.901000022888184,68.6999969482422,6181,291.5,109.099998474121,835,676,2
13.8199996948242,93.4000015258789,39.2999992370605,0.908999979496002,60.7999992370605,6385,309,108.800003051758,835,676,2
13.9399995803833,93.4000015258789,39.2999992370605,0.936999976634979,56.0999984741211,6400,284.600006103516,108.699996948242,835,677,2
13.710000038147,93.4000015258789,39.2999992370605,0.902999997138977,45.7999992370605,6312,295.399993896484,108.599998474121,835,678,2
13.6000003814697,93.4000015258789,39.2999992370605,0.981000006198883,46.2999992370605,6259,291.5,108.599998474121,835,679,2
13.8000001907349,93.4000015258789,39.2999992370605,0.976000010967255,46.5,6407,304.200012207031,108.599998474121,836,681,2
13.8599996566772,93.4000015258789,39.2999992370605,0.996999979019165,48,6440,294.399993896484,108.599998474121,836,681,2
13.8299999237061,93.4000015258789,39.2999992370605,0.981000006198883,49.2999992370605,6309,297.299987792969,109,836,681,2
13.75,93.4000015258789,39.2999992370605,0.982999980449677,49.2000007629395,6350,309,108.800003051758,836,682,2
13.6700000762939,93.4000015258789,39.2999992370605,0.989000022411346,49.7999992370605,6458,275.799987792969,108.699996948242,837,683,2
13.9399995803833,93.4000015258789,39.2999992370605,0.970000028610229,49.5999984741211,6435,292.399993896484,108.599998474121,837,684,2
13.7799997329712,93.4000015258789,39.2999992370605,0.991999983787537,49.0999984741211,6439,306.100006103516,108.599998474121,838,685,2
13.8199996948242,93.4000015258789,39.2999992370605,0.96399998664856,49,6555,294.399993896484,108.599998474121,838,685,2
13.6999998092651,93.4000015258789,39.2999992370605,0.949000000953674,49.2000007629395,6411,298.299987792969,108.599998474121,838,685,2
13.7600002288818,93.4000015258789,39.2999992370605,0.995000004768372,48.7000007629395,6551,297.299987792969,108.599998474121,839,686,2
13.8699998855591,93.4000015258789,39.2999992370605,0.975000023841858,48.9000015258789,6532,297.299987792969,109.099998474121,840,688,2
13.8599996566772,93.4000015258789,39.2999992370605,0.977999985218048,48.4000015258789,6616,307.100006103516,108.699996948242,841,688,2
13.8699998855591,93.4000015258789,39.2999992370605,0.967999994754791,48.2000007629395,6537,297.299987792969,108.599998474121,842,689,2
13.4700002670288,93.4000015258789,39.2999992370605,0.962000012397766,47.7999992370605,6534,296.299987792969,108.599998474121,842,690,2
13.75,93.4000015258789,39.2999992370605,0.971000015735626,49.4000015258789,6492,289.5,108.599998474121,843,690,2
13.8800001144409,93.4000015258789,39.2999992370605,1.00100004673004,55.9000015258789,6581,290.5,108.599998474121,842,690,2
13.75,93.4000015258789,39.2999992370605,1,54.5999984741211,6619,294.399993896484,108.599998474121,843,691,2
13.8699998855591,93.4000015258789,39.2999992370605,0.944999992847443,57.5999984741211,6731,293.399993896484,108.599998474121,844,692,2
13.7299995422363,93.4000015258789,39.2999992370605,0.986000001430511,60,6591,290.5,108.800003051758,845,693,2
13.4300003051758,93.4000015258789,39.2999992370605,0.995999991893768,62.2999992370605,6789,292.399993896484,108.699996948242,846,694,2
13.8199996948242,93.4000015258789,39.2999992370605,0.967999994754791,62.9000015258789,6634,297.299987792969,108.599998474121,847,694,2
13.9700002670288,93.4000015258789,39.2999992370605,0.96399998664856,56.5999984741211,6791,305.100006103516,108.599998474121,847,695,2
13.8699998855591,93.4000015258789,39.2999992370605,0.892000019550323,41.2999992370605,6601,303.200012207031,108.599998474121,848,696,2
13.8699998855591,93.4000015258789,39.2999992370605,0.879999995231628,27.2000007629395,6595,306.100006103516,108.599998474121,848,697,2
13.7600002288818,93.4000015258789,39.2999992370605,0.888000011444092,21.7999992370605,6408,288.5,108.699996948242,849,698,2
13.8100004196167,93.4000015258789,39.2999992370605,0.882000029087067,21.7000007629395,6387,292.399993896484,109,849,699,2
13.8900003433228,93.4000015258789,39.2999992370605,0.898000001907349,24.7000007629395,6488,305.100006103516,108.800003051758,850,699,2
13.9499998092651,93.4000015258789,39.2999992370605,0.954999983310699,32.0999984741211,6498,306.100006103516,108.599998474121,850,699,2
13.8900003433228,93.4000015258789,39.2999992370605,0.953999996185303,32,6451,313.899993896484,108.599998474121,850,699,2
13.6999998092651,93.4000015258789,39.2999992370605,0.943000018596649,33.0999984741211,6405,299.299987792969,108.599998474121,851,699,2
13.8500003814697,93.4000015258789,39.2999992370605,0.971000015735626,43.5999984741211,6301,294.399993896484,108.599998474121,852,699,2
13.5500001907349,93.4000015258789,39.2999992370605,1.02300000190735,46.2999992370605,6540,305.100006103516,108.599998474121,852,698,2
13.8100004196167,93.4000015258789,39.2999992370605,0.949999988079071,51.7000007629395,6377,306.100006103516,109,854,698,2
13.7799997329712,93.4000015258789,39.2999992370605,0.986999988555908,63.0999984741211,6406,289.5,108.800003051758,854,698,2
13.7799997329712,93.4000015258789,39.2999992370605,0.925000011920929,65.9000015258789,6343,305.100006103516,108.699996948242,854,697,2
13.8900003433228,93.4000015258789,39.2999992370605,0.927999973297119,64.4000015258789,6725,308.100006103516,108.599998474121,856,698,2
13.6499996185303,93.4000015258789,39.2999992370605,0.943000018596649,65.8000030517578,6450,305.100006103516,108.599998474121,856,698,2
13.9099998474121,93.4000015258789,39.2999992370605,0.96399998664856,67.0999984741211,6610,293.399993896484,108.599998474121,856,698,2
13.8800001144409,93.4000015258789,39.2999992370605,0.958000004291534,71.3000030517578,6525,306.100006103516,108.599998474121,857,699,2
13.8500003814697,93.4000015258789,39.2999992370605,0.962000012397766,73.5,6728,275.799987792969,109,857,699,2
13.9200000762939,93.4000015258789,39.2999992370605,0.986000001430511,73.5,6979,304.200012207031,108.699996948242,858,699,2
13.6300001144409,93.4000015258789,39.2999992370605,0.992999970912933,73.8000030517578,7070,299.299987792969,108.599998474121,858,700,2
13.7600002288818,93.4000015258789,39.2999992370605,0.995999991893768,73,7309,303.200012207031,108.599998474121,858,701,2
13.6800003051758,93.4000015258789,39.2999992370605,0.944000005722046,73,7315,305.100006103516,108.599998474121,859,703,2
13.4399995803833,93.4000015258789,39.2999992370605,0.998000025749207,72.0999984741211,7389,305.100006103516,108.300003051758,859,703,2
13.6499996185303,93.4000015258789,39.2999992370605,0.964999973773956,73.3000030517578,7533,300.299987792969,108.599998474121,859,705,2
13.8500003814697,93.4000015258789,39.4000015258789,0.973999977111816,74.0999984741211,7467,298.299987792969,109,859,706,2
13.7700004577637,93.4000015258789,39.4000015258789,0.96399998664856,72.5,7537,298.299987792969,108.800003051758,859,706,2
13.3800001144409,93.4000015258789,39.4000015258789,0.939999997615814,51.7000007629395,7623,304.200012207031,108.599998474121,859,709,2
13.6700000762939,93.4000015258789,39.4000015258789,0.773000001907349,27.2000007629395,7464,311,108.599998474121,860,710,2
13.7299995422363,93.4000015258789,39.4000015258789,0.796000003814697,19.7999992370605,7193,306.100006103516,108.599998474121,861,712,2
13.4399995803833,93.4000015258789,39.4000015258789,0.820999979972839,19,6798,289.5,108.300003051758,860,714,2
13.7700004577637,93.4000015258789,39.4000015258789,0.931999981403351,19.2000007629395,6606,298.299987792969,108.300003051758,861,715,2
13.4499998092651,93.4000015258789,39.4000015258789,1.11600005626678,19.2000007629395,6419,291.5,109,861,715,2
13.460000038147,93.4000015258789,39.4000015258789,0.908999979496002,20.5,6062,296.299987792969,108.800003051758,861,715,2
13.4099998474121,93.4000015258789,39.4000015258789,0.885999977588654,22.2999992370605,5836,292.399993896484,108.699996948242,861,715,2
13.8400001525879,93.4000015258789,39.4000015258789,0.887000024318695,23.5,5861,287.600006103516,108.599998474121,861,715,2
13.7700004577637,93.4000015258789,39.4000015258789,0.907000005245209,27.5,5773,292.399993896484,108.300003051758,862,713,2
13.8199996948242,93.4000015258789,39.4000015258789,0.84799998998642,36.2999992370605,5883,293.399993896484,108.599998474121,862,712,2
13.789999961853,93.4000015258789,39.4000015258789,0.903999984264374,44,5916,290.5,108.599998474121,863,711,2
13.8199996948242,93.4000015258789,39.4000015258789,1.00300002098083,47.0999984741211,5877,278.799987792969,108.300003051758,863,711,2
13.8900003433228,93.4000015258789,39.4000015258789,0.991999983787537,58.4000015258789,6125,273.899993896484,108.800003051758,863,709,2
13.9099998474121,93.4000015258789,39.4000015258789,0.897000014781952,67.9000015258789,5954,285.600006103516,108.699996948242,864,708,2
13.75,93.4000015258789,39.4000015258789,0.964999973773956,68.4000015258789,6024,295.399993896484,108.300003051758,864,707,2
13.7799997329712,93.4000015258789,39.2999992370605,0.944999992847443,70.5,6162,290.5,108.599998474121,866,707,2
13.8299999237061,93.4000015258789,39.2999992370605,1.00699996948242,71.4000015258789,6644,285.600006103516,108.599998474121,866,707,2
13.8900003433228,93.5,39.2999992370605,0.916999995708466,73.8000030517578,6500,300.299987792969,108.599998474121,866,706,2
13.5100002288818,93.5,39.4000015258789,0.980000019073486,77.9000015258789,6319,293.399993896484,108.300003051758,867,706,2
13.8400001525879,93.5,39.4000015258789,0.96399998664856,78.9000015258789,6602,286.600006103516,109,867,706,2
13.6199998855591,93.5,39.4000015258789,0.977999985218048,82.0999984741211,6526,301.200012207031,108.699996948242,867,706,2
13.6899995803833,93.5,39.4000015258789,0.976000010967255,83.4000015258789,6827,286.600006103516,108.599998474121,867,707,2
13.8100004196167,93.5,39.4000015258789,0.966000020503998,87.5999984741211,6892,301.200012207031,108.599998474121,867,707,2
13.8699998855591,93.5,39.4000015258789,0.966000020503998,88,6730,302.200012207031,108.599998474121,867,708,2
13.75,93.5,39.4000015258789,0.97299998998642,86.5,6958,299.299987792969,108.300003051758,867,710,2
13.7399997711182,93.5,39.4000015258789,0.96399998664856,84.5,6916,299.299987792969,108.300003051758,868,711,2
13.8999996185303,93.5,39.4000015258789,0.989000022411346,80.9000015258789,7087,307.100006103516,109,868,711,2
13.7200002670288,93.5,39.5,0.991999983787537,74.0999984741211,7223,300.299987792969,108.599998474121,868,712,2
13.7299995422363,93.5,39.5,0.955999970436096,66.5999984741211,7343,290.5,108.599998474121,867,714,2
13.8500003814697,93.5,39.5,0.894999980926514,52.7999992370605,7344,297.299987792969,108.599998474121,867,716,2
13.960000038147,93.5,39.5,0.967999994754791,53.5999984741211,7569,303.200012207031,108.599998474121,867,717,2
13.75,93.5,39.5,0.961000025272369,52.7000007629395,7593,311,108.300003051758,866,719,2
13.6599998474121,93.5,39.5,0.972000002861023,45.9000015258789,7615,312,108.599998474121,867,720,2
13.8800001144409,93.5,39.5,0.879999995231628,26.1000003814697,7403,302.200012207031,109,867,720,2
13.7200002670288,93.5,39.5,0.842999994754791,19.5,7245,306.100006103516,108.699996948242,867,721,2
13.8400001525879,93.5,39.5,0.825999975204468,18.8999996185303,7242,309,108.300003051758,867,723,2
13.8000001907349,93.5,39.5,0.861000001430511,18.7000007629395,7256,303.200012207031,108.599998474121,867,724,2
13.8199996948242,93.5,39.5,0.938000023365021,19.1000003814697,7024,306.100006103516,108.300003051758,867,724,2
13.8699998855591,93.5999984741211,39.5,1.32200002670288,19.7999992370605,6934,298.299987792969,108.599998474121,867,723,2
13.8900003433228,93.5,39.5,1.66700005531311,19.8999996185303,6850,299.299987792969,108.599998474121,868,723,2
13.8400001525879,93.5999984741211,39.5,1.91100001335144,19.7000007629395,6753,303.200012207031,108.800003051758,868,723,2
13.9300003051758,93.5999984741211,39.4000015258789,1.12699997425079,19,6755,308.100006103516,108.699996948242,868,721,2
13.7799997329712,93.5999984741211,39.4000015258789,0.91100001335144,19.1000003814697,6573,303.200012207031,108.300003051758,866,719,2
13.7200002670288,93.5999984741211,39.4000015258789,0.887000024318695,19,6385,292.399993896484,108.599998474121,865,717,2
13.6499996185303,93.5999984741211,39.4000015258789,0.879000008106232,19.8999996185303,5989,295.399993896484,108.300003051758,864,715,1
13.7299995422363,93.5999984741211,39.4000015258789,0.994000017642975,21.7999992370605,5965,292.399993896484,108.300003051758,863,713,1
13.8699998855591,93.5999984741211,39.4000015258789,1.64900004863739,23.2000007629395,5931,285.600006103516,108.300003051758,862,713,1
13.8299999237061,93.5999984741211,39.4000015258789,2.15799999237061,24,5830,293.399993896484,109,862,711,1
13.789999961853,93.5999984741211,39.4000015258789,2.40000009536743,24.7000007629395,5766,294.399993896484,108.699996948242,861,709,1
13.6499996185303,93.5999984741211,39.4000015258789,1.19000005722046,25.6000003814697,5529,288.5,108.599998474121,858,706,1
13.8900003433228,93.5999984741211,39.4000015258789,1.00999999046326,27.7000007629395,5058,277.799987792969,108.300003051758,857,703,1
13.8900003433228,93.5999984741211,39.4000015258789,0.962999999523163,29.8999996185303,4819,266.100006103516,108.300003051758,854,701,1
13.9200000762939,93.5999984741211,39.4000015258789,0.943000018596649,31.2999992370605,4659,257.299987792969,108.300003051758,852,701,1
13.6400003433228,93.5999984741211,39.4000015258789,0.958999991416931,32.5,4694,259.200012207031,108.300003051758,852,698,1
13.7799997329712,93.5999984741211,39.4000015258789,1.00300002098083,33.0999984741211,4534,254.399993896484,108.300003051758,851,696,1
13.8599996566772,93.5999984741211,39.4000015258789,1.04900002479553,33.2999992370605,4397,246.5,108.800003051758,851,694,1
13.7600002288818,93.5999984741211,39.4000015258789,1.08700001239777,33.2999992370605,4253,240.699996948242,108.699996948242,850,692,1
13.8800001144409,93.5999984741211,39.4000015258789,1.09099996089935,34,3988,234.800003051758,108.300003051758,850,691,1
13.789999961853,93.6999969482422,39.4000015258789,1.11600005626678,34.9000015258789,3891,228,108.300003051758,851,691,1
13.6700000762939,93.5999984741211,39.4000015258789,1.13999998569489,35.5999984741211,3793,225.100006103516,108.300003051758,851,689,1
13.8900003433228,93.5999984741211,39.4000015258789,1.14999997615814,37.5,3639,222.100006103516,108.300003051758,852,688,1
13.6999998092651,93.5999984741211,39.4000015258789,1.22099995613098,39.5,3499,218.199996948242,108.199996948242,854,687,1
13.8100004196167,93.6999969482422,39.4000015258789,1.20500004291534,41.5999984741211,3399,211.399993896484,108.800003051758,854,686,1
13.9399995803833,93.6999969482422,39.4000015258789,1.35699999332428,42.2999992370605,3636,214.300003051758,108.699996948242,855,685,1
14.0799999237061,93.6999969482422,39.4000015258789,1.35399997234344,42,3481,211.399993896484,108.599998474121,856,684,1
14.0200004577637,93.6999969482422,39.4000015258789,1.35399997234344,43.9000015258789,3318,211.399993896484,108.300003051758,856,684,1
13.9300003051758,93.6999969482422,39.4000015258789,1.36500000953674,53.5999984741211,3077,201.600006103516,108.300003051758,855,683,1
13.8599996566772,93.6999969482422,39.4000015258789,1.6599999666214,60.7000007629395,2985,197.699996948242,108.300003051758,856,681,1
13.8500003814697,93.6999969482422,39.4000015258789,1.82500004768372,67.0999984741211,3074,205.5,108.300003051758,855,681,1
14.0100002288818,93.6999969482422,39.4000015258789,1.96000003814697,73.4000015258789,2774,200.600006103516,108.300003051758,855,680,1
13.8900003433228,93.6999969482422,39.4000015258789,2.40000009536743,82.1999969482422,2719,207.5,108.800003051758,854,678,1
13.8299999237061,93.8000030517578,39.4000015258789,2.40000009536743,82.9000015258789,2637,197.699996948242,108.599998474121,852,678,1
13.8900003433228,93.8000030517578,39.4000015258789,2.40000009536743,83.9000015258789,2548,199.699996948242,108.300003051758,852,677,1
13.8199996948242,93.8000030517578,39.4000015258789,2.40000009536743,85.3000030517578,2429,191.899993896484,108.300003051758,849,675,1
13.8800001144409,93.8000030517578,39.5,2.40000009536743,89.1999969482422,2335,181.100006103516,108.300003051758,846,673,1
14.039999961853,93.8000030517578,39.5,2.40000009536743,93,2243,167.399993896484,108.199996948242,842,671,1
13.7299995422363,93.8000030517578,39.5,2.40000009536743,99.3000030517578,2083,157.699996948242,108.300003051758,837,669,1
14.0100002288818,93.8000030517578,39.5,2.40000009536743,99.6999969482422,1969,151.800003051758,108.800003051758,832,666,1
13.8000001907349,93.8000030517578,39.5,2.40000009536743,89.8000030517578,1980,143,108.599998474121,832,666,1
13.8400001525879,93.9000015258789,39.5,2.40000009536743,99.8000030517578,1801,135.199996948242,108.300003051758,827,662,1
13.289999961853,93.8000030517578,39.5999984741211,2.40000009536743,90.6999969482422,1835,132.300003051758,108.300003051758,821,659,1
13.8599996566772,93.9000015258789,39.5999984741211,2.40000009536743,99.5999984741211,1591,121.5,108.300003051758,815,656,1
13.8900003433228,93.8000030517578,39.5999984741211,2.40000009536743,96.1999969482422,1674,114.699996948242,108.199996948242,810,653,1
13.1400003433228,93.8000030517578,39.5999984741211,2.40000009536743,97.9000015258789,1595,110.800003051758,108.199996948242,805,650,1
13.8900003433228,93.9000015258789,39.5999984741211,2.40000009536743,99.1999969482422,1557,91.3000030517578,108.199996948242,798,650,1
13.8500003814697,93.8000030517578,39.5999984741211,2.40000009536743,100.699996948242,1182,90.3000030517578,108.800003051758,798,647,1
13.8900003433228,93.9000015258789,39.5999984741211,2.40000009536743,99.5,0,83.5,108.599998474121,794,644,1
13.75,93.9000015258789,39.5999984741211,2.40000009536743,99.5999984741211,0,64.9000015258789,108.300003051758,788,641,1
13.6800003051758,93.8000030517578,39.5999984741211,2.40000009536743,100,0,37.5999984741211,108.199996948242,783,638,1
13.5799999237061,93.8000030517578,39.7000007629395,2.40000009536743,100.099998474121,0,23.8999996185303,108.300003051758,778,635,1
13.6099996566772,93.9000015258789,39.7000007629395,2.40000009536743,100.099998474121,0,19,108.199996948242,773,635,1
13.5799999237061,93.9000015258789,39.7000007629395,2.40000009536743,100.099998474121,0,15.1000003814697,108.300003051758,773,632,1
13.5500001907349,94,39.7000007629395,2.40000009536743,100.199996948242,0,13.1000003814697,108.199996948242,769,630,1
13.5100002288818,93.9000015258789,39.7000007629395,2.40000009536743,100,0,13.1000003814697,108.800003051758,765,628,1
13.5,93.9000015258789,39.7000007629395,2.40000009536743,100.099998474121,0,13.1000003814697,108.599998474121,761,626,1
13.4300003051758,93.8000030517578,39.7000007629395,2.40000009536743,100.099998474121,0,14.1000003814697,108.199996948242,758,624,1
13.5,93.8000030517578,39.7000007629395,2.40000009536743,100.099998474121,0,13.1000003814697,108.199996948242,755,624,1
13.4399995803833,93.8000030517578,39.7000007629395,2.40000009536743,100.099998474121,0,14.1000003814697,108.199996948242,755,622,1
13.3199996948242,93.8000030517578,39.7000007629395,2.40000009536743,100.099998474121,0,13.1000003814697,108.199996948242,753,621,1
13.3999996185303,93.8000030517578,39.7000007629395,2.40000009536743,100.099998474121,0,13.1000003814697,108,751,620,1
13.3699998855591,93.8000030517578,39.7000007629395,2.40000009536743,100.099998474121,0,13.1000003814697,108.199996948242,750,619,0
13.2799997329712,93.8000030517578,39.7000007629395,2.40000009536743,100.099998474121,0,13.1000003814697,108.699996948242,748,618,0
13.3400001525879,93.8000030517578,39.7000007629395,2.40000009536743,100.099998474121,0,13.1000003814697,108.300003051758,747,618,0
13.3100004196167,93.8000030517578,39.7000007629395,2.40000009536743,100.099998474121,0,13.1000003814697,108.199996948242,747,617,0
13.1800003051758,93.8000030517578,39.7999992370605,2.40000009536743,100.099998474121,0,13.1000003814697,108,746,617,0
13.2700004577637,93.8000030517578,39.7999992370605,2.40000009536743,100.099998474121,0,13.1000003814697,108.199996948242,745,617,0
13.1999998092651,93.8000030517578,39.7999992370605,2.40000009536743,100,0,13.1000003814697,108,744,616,0
13.1300001144409,93.8000030517578,39.7999992370605,2.40000009536743,100.099998474121,0,13.1000003814697,108,743,616,0
13.1999998092651,93.8000030517578,39.7999992370605,2.40000009536743,100.099998474121,0,13.1000003814697,108.199996948242,742,616,0
13.1899995803833,93.8000030517578,39.7999992370605,2.40000009536743,100.099998474121,0,13.1000003814697,108.599998474121,742,615,0
13.1800003051758,93.8000030517578,39.7999992370605,2.40000009536743,100.099998474121,0,13.1000003814697,108.300003051758,741,614,0
13.2700004577637,93.8000030517578,39.7999992370605,2.40000009536743,100.099998474121,0,13.1000003814697,108.199996948242,740,614,0
13.2200002670288,93.8000030517578,39.7999992370605,2.40000009536743,100.099998474121,0,13.1000003814697,108.199996948242,740,613,0
13.1499996185303,93.8000030517578,39.7999992370605,2.40000009536743,100.099998474121,0,13.1000003814697,108,739,613,0
13.1999998092651,93.8000030517578,39.7999992370605,2.40000009536743,100.099998474121,0,13.1000003814697,108.199996948242,739,612,0
13.2399997711182,93.8000030517578,39.7999992370605,2.40000009536743,100.099998474121,0,13.1000003814697,108.199996948242,739,612,0
13.1099996566772,93.6999969482422,39.7999992370605,2.40000009536743,100.099998474121,0,13.1000003814697,108.300003051758,738,611,0
13.2200002670288,93.8000030517578,39.7999992370605,2.40000009536743,100.099998474121,0,13.1000003814697,108.699996948242,737,611,0
13.1899995803833,93.6999969482422,39.7999992370605,2.40000009536743,100.099998474121,0,13.1000003814697,108.300003051758,737,609,0
13.1800003051758,93.6999969482422,39.7999992370605,2.40000009536743,100,0,13.1000003814697,108.199996948242,736,609,0
13.1700000762939,93.8000030517578,39.7999992370605,2.40000009536743,100.099998474121,0,13.1000003814697,108,735,608,0
13.1899995803833,93.6999969482422,39.7999992370605,2.40000009536743,100.099998474121,0,13.1000003814697,108,735,608,0
13.1099996566772,93.6999969482422,39.9000015258789,2.40000009536743,100.099998474121,0,13.1000003814697,108,735,607,0
13.1800003051758,93.6999969482422,39.9000015258789,2.40000009536743,100.099998474121,0,13.1000003814697,108,735,607,0
13.1800003051758,93.6999969482422,39.9000015258789,2.40000009536743,100.099998474121,0,13.1000003814697,108.599998474121,734,605,0
13.0900001525879,93.6999969482422,39.9000015258789,2.40000009536743,100.099998474121,0,13.1000003814697,108.599998474121,734,605,0
13.1199998855591,93.6999969482422,39.9000015258789,2.40000009536743,100.099998474121,0,13.1000003814697,108.300003051758,733,604,0
13.1400003433228,93.6999969482422,39.9000015258789,2.40000009536743,100.099998474121,0,13.1000003814697,108.199996948242,733,604,0
13.0200004577637,93.6999969482422,39.9000015258789,2.40000009536743,100.099998474121,0,13.1000003814697,108.199996948242,733,603,0
13.1099996566772,93.6999969482422,39.9000015258789,2.40000009536743,100.099998474121,0,13.1000003814697,108.199996948242,732,603,0
13.1400003433228,93.6999969482422,39.9000015258789,2.40000009536743,100.099998474121,0,13.1000003814697,108.199996948242,731,602,0
13.0100002288818,93.6999969482422,39.9000015258789,2.40000009536743,100.099998474121,0,13.1000003814697,108,731,601,0
13.1400003433228,93.6999969482422,39.9000015258789,2.40000009536743,100.099998474121,0,13.1000003814697,108.699996948242,730,600,0
13.1099996566772,93.6999969482422,39.9000015258789,2.40000009536743,100.099998474121,0,13.1000003814697,108.599998474121,730,600,0
13.0600004196167,93.6999969482422,39.9000015258789,2.40000009536743,100.099998474121,0,13.1000003814697,108.300003051758,730,599,0
13.1099996566772,93.6999969482422,39.9000015258789,2.40000009536743,100.099998474121,0,13.1000003814697,108.199996948242,729,599,0
13.1099996566772,93.6999969482422,39.9000015258789,2.40000009536743,100.099998474121,0,13.1000003814697,108,729,598,0
13.0299997329712,93.6999969482422,39.9000015258789,2.40000009536743,100.099998474121,0,13.1000003814697,108,728,597,0
13.0500001907349,93.6999969482422,39.9000015258789,2.40000009536743,100.099998474121,0,12.1999998092651,108.199996948242,728,596,0
13.1199998855591,93.6999969482422,39.9000015258789,2.40000009536743,100.099998474121,0,13.1000003814697,108.199996948242,727,596,0
12.9700002670288,93.6999969482422,39.9000015258789,2.40000009536743,100.099998474121,0,13.1000003814697,108.699996948242,727,595,0
13.0900001525879,93.6999969482422,39.9000015258789,2.40000009536743,100.099998474121,0,13.1000003814697,108.599998474121,726,594,0
13.0600004196167,93.6999969482422,39.9000015258789,2.40000009536743,100.099998474121,0,13.1000003814697,108.300003051758,726,594,0
12.9700002670288,93.6999969482422,39.9000015258789,2.40000009536743,100.099998474121,0,12.1999998092651,108.199996948242,725,593,0
13.0900001525879,93.6999969482422,39.9000015258789,2.40000009536743,100.099998474121,0,13.1000003814697,108.199996948242,724,592,0
13.0699996948242,93.6999969482422,39.9000015258789,2.40000009536743,100.099998474121,0,12.1999998092651,108.199996948242,724,592,0
13.0100002288818,93.6999969482422,39.9000015258789,2.40000009536743,100.099998474121,0,12.1999998092651,108.199996948242,724,591,0
13.0299997329712,93.6999969482422,39.9000015258789,2.40000009536743,100.099998474121,0,12.1999998092651,108,723,590,0
13.0600004196167,93.6999969482422,39.9000015258789,2.40000009536743,100.099998474121,0,12.1999998092651,108.699996948242,722,590,0
12.960000038147,93.6999969482422,39.9000015258789,2.40000009536743,100.099998474121,0,12.1999998092651,108.599998474121,722,588,0
13.0299997329712,93.6999969482422,39.9000015258789,2.40000009536743,100.099998474121,0,12.1999998092651,108.300003051758,722,588,0
13,93.6999969482422,39.9000015258789,2.40000009536743,100.099998474121,0,13.1000003814697,108.199996948242,721,588,0
12.9499998092651,93.6999969482422,39.9000015258789,2.40000009536743,100.099998474121,0,12.1999998092651,108,721,587,0
13.0299997329712,93.6999969482422,39.9000015258789,2.40000009536743,100.099998474121,0,12.1999998092651,108.199996948242,720,586,0
9.23999977111816,93.8000030517578,39.9000015258789,2.40000009536743,100.099998474121,0,12.1999998092651,108.300003051758,720,586,0
10.4700002670288,93.8000030517578,39.9000015258789,2.40000009536743,100.099998474121,0,23.8999996185303,108.300003051758,719,585,0
11.4099998474121,93.9000015258789,39.9000015258789,2.40000009536743,100.099998474121,0,16.1000003814697,108.800003051758,719,584,0
11.5600004196167,93.8000030517578,39.9000015258789,2.40000009536743,90.0999984741211,0,27.7999992370605,108.599998474121,718,584,0
11.3199996948242,93.8000030517578,40,2.40000009536743,99.1999969482422,0,25.7999992370605,108.599998474121,718,584,0
11.6899995803833,93.8000030517578,40,2.40000009536743,95.8000030517578,0,19,108.300003051758,717,583,0
11.6499996185303,93.8000030517578,40,2.40000009536743,99.9000015258789,426,20,108.300003051758,716,582,0
11.5500001907349,93.8000030517578,40,2.40000009536743,100.099998474121,488,24.8999996185303,108.300003051758,715,581,0
11.3999996185303,93.8000030517578,40,2.40000009536743,87,435,26.7999992370605,108.300003051758,714,580,0
11.4899997711182,93.8000030517578,40,2.40000009536743,100.099998474121,435,21.8999996185303,108.300003051758,712,580,0
11.6599998474121,93.8000030517578,40,2.40000009536743,99.8000030517578,495,24.8999996185303,108.800003051758,712,579,0
11.6999998092651,93.6999969482422,40,2.40000009536743,99.5999984741211,439,23.8999996185303,108.300003051758,710,578,0
11.4499998092651,93.8000030517578,40,2.40000009536743,100.099998474121,500,27.7999992370605,108.599998474121,709,577,0
11.5299997329712,93.8000030517578,40,2.40000009536743,88.4000015258789,444,23.8999996185303,108.599998474121,706,576,0
11.3999996185303,93.8000030517578,40,2.40000009536743,100,444,24.8999996185303,108.599998474121,704,575,0
11.75,93.8000030517578,40,2.40000009536743,99.4000015258789,511,27.7999992370605,108.300003051758,702,575,0
11.6099996566772,93.8000030517578,40,2.40000009536743,99.6999969482422,499,28.7999992370605,108.300003051758,702,574,0
12.6000003814697,93.8000030517578,40,2.36700010299683,84.5999984741211,1275,37.5999984741211,109,699,573,0
8.47999954223633,94.0999984741211,40.4000015258789,1.98099994659424,107.800003051758,0,22.8999996185303,108.800003051758,697,572,0
10.8100004196167,93.8000030517578,40.0999984741211,1.73000001907349,101.300003051758,0,23.8999996185303,108.599998474121,695,571,0
10.789999961853,93.6999969482422,40.0999984741211,1.55599999427795,100,0,23.8999996185303,108.300003051758,692,571,0
11.3000001907349,93.6999969482422,40,1.38300001621246,99.6999969482422,0,22.8999996185303,108.300003051758,691,571,0
11.4899997711182,93.6999969482422,40.0999984741211,1.32400000095367,97.0999984741211,401,23.8999996185303,108.300003051758,691,571,0
11.1099996566772,93.6999969482422,40.0999984741211,1.17400002479553,100,481,27.7999992370605,108.300003051758,689,570,0
11.3599996566772,93.6999969482422,40.0999984741211,1.05900001525879,90.3000030517578,481,26.7999992370605,108.300003051758,687,570,0
11.1899995803833,93.6999969482422,40.0999984741211,1.04499995708466,100.099998474121,434,25.7999992370605,108.800003051758,685,570,0
11.5299997329712,93.6999969482422,40.0999984741211,1.16600000858307,100.099998474121,501,27.7999992370605,108.800003051758,684,569,0
11.539999961853,93.6999969482422,40.0999984741211,1.08200001716614,96.8000030517578,469,27.7999992370605,108.599998474121,681,569,0
11.3999996185303,93.6999969482422,40.0999984741211,0.987999975681305,100.099998474121,509,29.7000007629395,108.599998474121,681,569,0
11.25,93.6999969482422,40.0999984741211,0.950999975204468,90.5999984741211,476,28.7999992370605,108.599998474121,680,568,0
11.2700004577637,93.5999984741211,40.2000007629395,0.889999985694885,100.199996948242,476,28.7999992370605,108.599998474121,678,567,0
11.6400003433228,93.6999969482422,40.2000007629395,0.887000024318695,95.1999969482422,518,32.7000007629395,108.599998474121,676,567,0
11.3000001907349,93.6999969482422,40.2000007629395,0.836000025272369,99.9000015258789,617,30.7000007629395,108.699996948242,673,566,0
12.2200002670288,93.6999969482422,40.2000007629395,0.805999994277954,89.5999984741211,1220,42.4000015258789,109,672,565,0
9.57999992370605,93.9000015258789,40.5,0.757000029087067,98.6999969482422,0,25.7999992370605,108.800003051758,672,565,0
10.5299997329712,93.6999969482422,40.2999992370605,0.703999996185303,100.099998474121,0,24.8999996185303,108.699996948242,670,564,0
10.8299999237061,93.6999969482422,40.2999992370605,0.671000003814697,100,0,26.7999992370605,108.599998474121,668,564,0
10.9899997711182,93.6999969482422,40.2999992370605,0.635999977588654,84.9000015258789,391,25.7999992370605,108.599998474121,666,563,0
11.0799999237061,93.6999969482422,40.2999992370605,0.619000017642975,100.099998474121,391,26.7999992370605,108.599998474121,665,562,0
12.3699998855591,93.6999969482422,40.2999992370605,0.666000008583069,89.5999984741211,857,33.7000007629395,108.599998474121,663,561,0
11.3199996948242,93.6999969482422,40.2999992370605,0.727999985218048,92.3000030517578,0,41.5,108.800003051758,663,561,0
11.4700002670288,93.6999969482422,40.2999992370605,0.790000021457672,97,0,48.2999992370605,109.099998474121,661,560,0
11.5,93.6999969482422,40.2999992370605,0.794000029563904,93,0,50.2999992370605,108.800003051758,660,560,0
11.5100002288818,93.6999969482422,40.2999992370605,0.865000009536743,86.4000015258789,0,45.4000015258789,108.699996948242,658,559,0
11.3299999237061,93.6999969482422,40.2999992370605,0.864000022411346,100.199996948242,595,39.5,108.599998474121,657,558,0
11.4300003051758,93.6999969482422,40.2999992370605,0.938000023365021,100,526,37.5999984741211,108.599998474121,655,557,0
11.4799995422363,93.6999969482422,40.2999992370605,1.07299995422363,100.800003051758,453,35.5999984741211,108.599998474121,655,557,0
11.4499998092651,93.6999969482422,40.4000015258789,1.17599999904633,94.4000015258789,1258,40.5,108.699996948242,653,556,0
7.65999984741211,94.6999969482422,41.5999984741211,1.2960000038147,110.300003051758,0,25.7999992370605,110,652,556,0
10.5100002288818,93.8000030517578,40.5999984741211,1.067999958992,99.6999969482422,0,23.8999996185303,109,649,555,0
10.8199996948242,93.6999969482422,40.5,0.957000017166138,100,0,25.7999992370605,108.800003051758,647,554,0
12.3199996948242,93.6999969482422,40.5,0.879999995231628,100,0,25.7999992370605,108.699996948242,645,552,0
12.1400003433228,93.6999969482422,40.5,0.861000001430511,86.6999969482422,367,25.7999992370605,108.699996948242,645,552,0
12.3100004196167,93.5999984741211,40.5,0.818000018596649,100.099998474121,0,22.8999996185303,108.599998474121,644,552,0
12.3500003814697,93.6999969482422,40.5,0.754000008106232,100.099998474121,0,21.8999996185303,108.599998474121,643,551,0
12.4200000762939,93.6999969482422,40.5,0.740000009536743,100.099998474121,0,18,108.699996948242,641,550,0
12.4200000762939,93.6999969482422,40.5,0.723999977111816,100.099998474121,0,16.1000003814697,109.099998474121,640,549,0
12.2700004577637,93.6999969482422,40.5,0.703999996185303,100.099998474121,0,15.1000003814697,108.800003051758,639,549,0
12.2600002288818,93.6999969482422,40.5999984741211,0.694000005722046,100.099998474121,0,14.1000003814697,108.800003051758,640,549,0
12.1999998092651,93.6999969482422,40.5999984741211,0.685999989509583,100.099998474121,0,13.1000003814697,108.699996948242,637,548,0
12.3100004196167,93.6999969482422,40.5999984741211,0.679000020027161,100.099998474121,0,13.1000003814697,108.699996948242,636,547,0
12.289999961853,93.6999969482422,40.5999984741211,0.671999990940094,100.099998474121,0,13.1000003814697,108.699996948242,635,547,0
12.1999998092651,93.6999969482422,40.5999984741211,0.667999982833862,100.099998474121,0,13.1000003814697,108.699996948242,634,546,0
12.2799997329712,93.6999969482422,40.7000007629395,0.665000021457672,100.099998474121,0,13.1000003814697,108.800003051758,634,545,0
12.4399995803833,93.6999969482422,40.7000007629395,0.660000026226044,100.099998474121,0,13.1000003814697,109.099998474121,634,545,0
12.3400001525879,93.6999969482422,40.7000007629395,0.657000005245209,100.099998474121,0,13.1000003814697,109,634,545,0
12.4499998092651,93.6999969482422,40.7000007629395,0.651000022888184,100.099998474121,0,13.1000003814697,108.800003051758,633,544,0
12.4899997711182,93.6999969482422,40.7000007629395,0.65200001001358,100.099998474121,0,13.1000003814697,108.699996948242,633,544,0
12.3999996185303,93.6999969482422,40.7000007629395,0.647000014781952,100.099998474121,0,13.1000003814697,108.699996948242,632,543,0
12.4899997711182,93.6999969482422,40.7999992370605,0.648000001907349,100.099998474121,0,13.1000003814697,108.699996948242,632,543,0
12.4899997711182,93.6999969482422,40.7999992370605,0.646000027656555,100.099998474121,0,13.1000003814697,108.699996948242,632,543,0
12.4099998474121,93.6999969482422,40.7999992370605,0.647000014781952,100.099998474121,0,13.1000003814697,108.800003051758,632,543,0
12.4099998474121,93.6999969482422,40.7999992370605,0.646000027656555,100.099998474121,0,13.1000003814697,109.400001525879,632,543,0
12.5299997329712,93.6999969482422,40.7999992370605,0.647000014781952,100.099998474121,0,13.1000003814697,109,632,543,0
12.4899997711182,93.6999969482422,40.7999992370605,0.647000014781952,100.099998474121,0,13.1000003814697,108.800003051758,632,543,0
12.4099998474121,93.6999969482422,40.7999992370605,0.646000027656555,100.099998474121,0,13.1000003814697,108.800003051758,632,543,0
12.5600004196167,93.6999969482422,40.7999992370605,0.646000027656555,100.099998474121,0,13.1000003814697,108.800003051758,632,543,0
12.4700002670288,93.6999969482422,40.7999992370605,0.646000027656555,100,0,13.1000003814697,108.800003051758,632,543,0
12.4300003051758,93.6999969482422,40.9000015258789,0.648000001907349,100.099998474121,0,13.1000003814697,108.800003051758,632,543,0
12.5500001907349,93.6999969482422,40.9000015258789,0.648000001907349,100.099998474121,0,13.1000003814697,108.800003051758,632,542,0
12.4799995422363,93.6999969482422,40.9000015258789,0.648999989032745,100.099998474121,0,13.1000003814697,109.400001525879,632,542,0
12.4399995803833,93.6999969482422,40.9000015258789,0.648000001907349,100,0,13.1000003814697,109.099998474121,632,542,0
12.5699996948242,93.5999984741211,40.9000015258789,0.648999989032745,100.099998474121,0,13.1000003814697,109,632,542,0
12.5200004577637,93.6999969482422,40.9000015258789,0.649999976158142,100.099998474121,0,12.1999998092651,108.800003051758,632,541,0
12.6800003051758,93.5999984741211,40.9000015258789,0.65200001001358,100.099998474121,0,13.1000003814697,108.800003051758,632,540,0
12.789999961853,93.5999984741211,40.9000015258789,0.65200001001358,100.099998474121,0,13.1000003814697,108.800003051758,632,541,0
12.8000001907349,93.5999984741211,40.9000015258789,0.653999984264374,100.099998474121,0,12.1999998092651,108.800003051758,632,540,0
12.7399997711182,93.5999984741211,40.9000015258789,0.653999984264374,100.099998474121,0,12.1999998092651,109.099998474121,632,539,0
12.8000001907349,93.5999984741211,40.9000015258789,0.652999997138977,100.099998474121,0,12.1999998092651,109.400001525879,632,539,0
12.7200002670288,93.5999984741211,41,0.656000018119812,100.099998474121,0,12.1999998092651,109,632,539,0
12.6899995803833,93.5999984741211,41,0.656000018119812,100.099998474121,0,12.1999998092651,109,632,538,0
12.8199996948242,93.5999984741211,41,0.657000005245209,100.099998474121,0,12.1999998092651,108.800003051758,631,538,0
12.8100004196167,93.5999984741211,41,0.657999992370605,100.099998474121,0,12.1999998092651,108.800003051758,632,537,0
12.75,93.5999984741211,41,0.657999992370605,100.099998474121,0,12.1999998092651,108.800003051758,632,537,0
12.789999961853,93.5999984741211,41,0.658999979496002,100,0,12.1999998092651,109,632,537,0
12.8100004196167,93.5999984741211,41,0.660000026226044,100.099998474121,0,12.1999998092651,109.099998474121,631,536,0
12.8000001907349,93.5999984741211,41,0.660000026226044,100.099998474121,0,12.1999998092651,109.400001525879,632,536,0
12.8199996948242,93.5,41,0.66100001335144,100.099998474121,0,12.1999998092651,109,632,535,0
12.8199996948242,93.5,41,0.66100001335144,100.099998474121,0,12.1999998092651,109,631,535,0
12.6999998092651,93.5,41.0999984741211,0.662000000476837,100,0,12.1999998092651,109,632,535,0
12.8199996948242,93.5,41.0999984741211,0.662000000476837,100.099998474121,0,12.1999998092651,109,631,535,0
12.7200002670288,93.5,41.0999984741211,0.662999987602234,100.099998474121,0,12.1999998092651,109,631,534,0
12.6999998092651,93.5,41.0999984741211,0.663999974727631,100.099998474121,0,12.1999998092651,109,632,533,0
10.039999961853,93.5,41.0999984741211,0.665000021457672,100.099998474121,0,15.1000003814697,109.400001525879,631,533,0
11.1700000762939,93.5,41.0999984741211,0.663999974727631,98,0,12.1999998092651,109.400001525879,631,532,0
11.4300003051758,93.5,41.0999984741211,0.675000011920929,95,0,12.1999998092651,109,631,532,0
11.4899997711182,93.5,41.0999984741211,0.708000004291534,99.5,0,18,109,631,532,0
11.5600004196167,93.5,41.0999984741211,0.776000022888184,86.4000015258789,437,15.1000003814697,109,631,532,0
11.25,93.5,41.0999984741211,0.781000018119812,100.300003051758,437,15.1000003814697,109,630,531,0
11.6300001144409,93.5,41.0999984741211,0.828999996185303,100,499,20,109,630,530,0
11.8599996566772,93.5,41.0999984741211,0.883000016212463,100.900001525879,450,18,109,628,529,0
11.5900001525879,93.5,41.0999984741211,0.908999979496002,100.199996948242,505,22.8999996185303,109.5,627,529,0
11.6300001144409,93.5,41.0999984741211,1.01600003242493,99,453,22.8999996185303,109.5,625,529,0
11.2399997711182,93.5,41.0999984741211,1.10599994659424,100.5,453,23.8999996185303,109.099998474121,625,528,0
11.6000003814697,93.5,41.0999984741211,1.22599995136261,100.099998474121,506,26.7999992370605,109,624,527,0
11.8100004196167,93.5,41.0999984741211,1.40199995040894,100.900001525879,453,26.7999992370605,109.099998474121,622,527,0
11.5500001907349,93.5,41.0999984741211,1.59099996089935,100.300003051758,506,28.7999992370605,109.099998474121,620,526,0
11.5500001907349,93.5,41.0999984741211,1.82799994945526,98.9000015258789,506,27.7999992370605,109.099998474121,618,525,0
11.2799997329712,93.4000015258789,41.0999984741211,2.11299991607666,100.400001525879,452,27.7999992370605,109,616,525,0
11.5600004196167,93.5,41.0999984741211,2.36700010299683,100.099998474121,506,27.7999992370605,109.5,616,524,0
11.7700004577637,93.5,41.0999984741211,2.40000009536743,100.800003051758,451,27.7999992370605,109.5,615,524,0
11.5299997329712,93.4000015258789,41.0999984741211,2.40000009536743,100.300003051758,505,28.7999992370605,109.099998474121,612,523,0
11.5299997329712,93.5,41.0999984741211,2.40000009536743,98.6999969482422,505,28.7999992370605,109,611,522,0
11.1499996185303,93.4000015258789,41.2000007629395,2.40000009536743,99.9000015258789,451,28.7999992370605,109.099998474121,608,521,0
11.5799999237061,93.5,41.2000007629395,2.40000009536743,100.199996948242,505,28.7999992370605,109.099998474121,606,521,0
11.75,93.5,41.2000007629395,2.40000009536743,100.699996948242,451,28.7999992370605,109.099998474121,607,520,0
11.5600004196167,93.5,41.2000007629395,2.40000009536743,100.099998474121,506,29.7000007629395,109.099998474121,604,520,0
11.5100002288818,93.5,41.2000007629395,2.40000009536743,98.5,506,28.7999992370605,109.599998474121,603,519,0
11.1099996566772,93.4000015258789,41.2000007629395,2.40000009536743,99.5999984741211,451,28.7999992370605,109.5,601,519,0
11.5699996948242,93.5,41.2000007629395,2.40000009536743,100.199996948242,506,29.7000007629395,109.400001525879,599,518,0
11.7200002670288,93.5,41.2999992370605,2.40000009536743,100.5,451,28.7999992370605,109.099998474121,597,518,0
11.539999961853,93.5,41.2999992370605,2.40000009536743,100,505,31.7000007629395,109.099998474121,597,517,0
11.4899997711182,93.5,41.2999992370605,2.40000009536743,98.5,505,28.7999992370605,109.099998474121,595,516,0
11.1300001144409,93.5,41.2999992370605,2.40000009536743,99.4000015258789,450,28.7999992370605,109.099998474121,593,516,0
11.5699996948242,93.5,41.2999992370605,2.40000009536743,100.099998474121,506,29.7000007629395,109.099998474121,591,515,0
11.6899995803833,93.5,41.2999992370605,2.40000009536743,100.5,453,29.7000007629395,109.599998474121,589,514,0
11.5100002288818,93.5,41.2999992370605,2.40000009536743,99.9000015258789,505,30.7000007629395,109.599998474121,587,514,0
11.5299997329712,93.5,41.2999992370605,2.40000009536743,98.5,505,28.7999992370605,109.400001525879,587,513,0
11.1499996185303,93.5,41.2999992370605,2.40000009536743,99.5999984741211,451,28.7999992370605,109.099998474121,585,513,0
11.5500001907349,93.5,41.2999992370605,2.40000009536743,100.099998474121,506,30.7000007629395,109.099998474121,583,511,0
11.710000038147,93.5,41.4000015258789,2.40000009536743,100.5,452,29.7000007629395,109.400001525879,582,511,0
11.4700002670288,93.5,41.4000015258789,2.40000009536743,99.9000015258789,506,31.7000007629395,109.400001525879,580,510,0
11.539999961853,93.5,41.4000015258789,2.40000009536743,98.5999984741211,506,28.7999992370605,109.099998474121,578,510,0
11.2200002670288,93.5,41.4000015258789,2.40000009536743,100,452,28.7999992370605,109.800003051758,578,510,0
11.5100002288818,93.5999984741211,41.4000015258789,2.40000009536743,100,506,29.7000007629395,109.5,576,509,0
11.6999998092651,93.5999984741211,41.4000015258789,2.40000009536743,100.599998474121,453,29.7000007629395,109.400001525879,575,508,0
11.4200000762939,93.5999984741211,41.4000015258789,2.40000009536743,99.9000015258789,506,31.7000007629395,109.400001525879,573,507,0
11.6000003814697,93.5999984741211,41.4000015258789,2.40000009536743,98.5999984741211,506,28.7999992370605,109.400001525879,571,507,0
11.3000001907349,93.5999984741211,41.4000015258789,2.40000009536743,100.300003051758,452,29.7000007629395,109.400001525879,569,506,0
11.5299997329712,93.5999984741211,41.5,2.40000009536743,99.9000015258789,506,30.7000007629395,109.400001525879,569,506,0
11.6599998474121,93.5999984741211,41.5,2.40000009536743,100.699996948242,453,29.7000007629395,109.099998474121,568,506,0
11.3900003433228,93.5999984741211,41.5,2.40000009536743,100,506,31.7000007629395,109.800003051758,566,505,0
11.5,93.5999984741211,41.5,2.40000009536743,98.9000015258789,506,28.7999992370605,109.5,566,505,0
12.6300001144409,93.5999984741211,41.5,2.40000009536743,100.900001525879,452,29.7000007629395,109.400001525879,562,503,0
12.6599998474121,93.6999969482422,41.5,2.40000009536743,100,480,28.7999992370605,109.400001525879,561,503,0
12.5799999237061,93.6999969482422,41.5999984741211,2.40000009536743,99.6999969482422,0,24.8999996185303,109.400001525879,561,503,0
12.6599998474121,93.6999969482422,41.5999984741211,2.40000009536743,90.0999984741211,0,22.8999996185303,109.400001525879,559,502,0
12.7200002670288,93.8000030517578,41.5999984741211,2.40000009536743,96.6999969482422,0,21.8999996185303,109.400001525879,558,502,0
12.6499996185303,93.6999969482422,41.5999984741211,2.40000009536743,100.199996948242,0,19,109.400001525879,556,501,0
12.710000038147,93.6999969482422,41.5999984741211,2.40000009536743,100.099998474121,0,16.1000003814697,109.599998474121,555,501,0
12.7200002670288,93.6999969482422,41.5999984741211,2.40000009536743,100.099998474121,0,14.1000003814697,109.5,554,500,0
12.7200002670288,93.6999969482422,41.5999984741211,2.40000009536743,100.099998474121,0,13.1000003814697,109.400001525879,554,500,0
12.6899995803833,93.8000030517578,41.5999984741211,2.40000009536743,100.099998474121,0,13.1000003814697,109.099998474121,552,499,0
12.7299995422363,93.8000030517578,41.5999984741211,2.40000009536743,100.099998474121,0,13.1000003814697,109.099998474121,552,499,0
12.6400003433228,93.8000030517578,41.5999984741211,2.40000009536743,100.099998474121,0,13.1000003814697,109.400001525879,551,498,0
12.5600004196167,93.9000015258789,41.5999984741211,2.40000009536743,100,0,13.1000003814697,109.099998474121,550,498,0
12.6499996185303,93.9000015258789,41.5999984741211,2.40000009536743,100.099998474121,0,13.1000003814697,109.599998474121,550,497,0
12.4899997711182,93.9000015258789,41.5999984741211,2.40000009536743,100.099998474121,0,13.1000003814697,109.800003051758,550,497,0
12.6599998474121,94,41.5999984741211,2.40000009536743,100.099998474121,0,13.1000003814697,109.5,549,497,0
12.6199998855591,94,41.5999984741211,2.40000009536743,100.099998474121,0,13.1000003814697,109.400001525879,549,497,0
12.5699996948242,94,41.5999984741211,2.40000009536743,100.099998474121,0,13.1000003814697,109.400001525879,549,496,0
12.4899997711182,94,41.5999984741211,2.40000009536743,100.099998474121,0,13.1000003814697,109.099998474121,548,496,0
12.6000003814697,94.0999984741211,41.5999984741211,2.40000009536743,100.099998474121,0,13.1000003814697,109.099998474121,548,496,0
12.4799995422363,94.0999984741211,41.5999984741211,2.40000009536743,100.099998474121,0,13.1000003814697,109.099998474121,548,496,0
12.4899997711182,94.0999984741211,41.5999984741211,2.40000009536743,100.099998474121,0,13.1000003814697,109.5,548,495,0
12.4799995422363,94.0999984741211,41.5999984741211,2.40000009536743,100,0,13.1000003814697,109.599998474121,548,495,0
12.3800001144409,94.0999984741211,41.5999984741211,2.40000009536743,100.099998474121,0,13.1000003814697,109.5,549,495,0
12.4700002670288,94.0999984741211,41.5999984741211,2.40000009536743,100.099998474121,0,13.1000003814697,109.400001525879,549,494,0
12.460000038147,94.1999969482422,41.7000007629395,2.40000009536743,100,0,13.1000003814697,109.400001525879,549,494,0
12.4099998474121,94.1999969482422,41.7000007629395,2.40000009536743,100.099998474121,0,13.1000003814697,109.400001525879,549,494,0
12.4799995422363,94.1999969482422,41.7000007629395,2.40000009536743,100.099998474121,0,13.1000003814697,109.400001525879,549,494,0
12.5100002288818,94.1999969482422,41.7000007629395,2.40000009536743,100.099998474121,0,13.1000003814697,109.400001525879,549,493,0
12.4399995803833,94.1999969482422,41.7000007629395,2.40000009536743,100.099998474121,0,13.1000003814697,109.800003051758,549,493,0
12.5299997329712,94.3000030517578,41.7000007629395,2.40000009536743,100.099998474121,0,13.1000003814697,109.599998474121,549,492,0
12.5,94.3000030517578,41.7000007629395,2.40000009536743,100.099998474121,0,13.1000003814697,109.5,549,492,0
12.4200000762939,94.4000015258789,41.7000007629395,2.40000009536743,100.099998474121,0,13.1000003814697,109.400001525879,549,492,0
12.460000038147,94.4000015258789,41.7000007629395,2.40000009536743,100.099998474121,0,13.1000003814697,109.5,549,492,0
12.539999961853,94.4000015258789,41.7000007629395,2.40000009536743,100.099998474121,0,13.1000003814697,109.400001525879,549,491,0
12.5200004577637,94.4000015258789,41.7000007629395,2.40000009536743,100.099998474121,0,13.1000003814697,109.400001525879,550,491,0
12.3900003433228,94.5,41.7000007629395,2.40000009536743,100.099998474121,0,13.1000003814697,109.400001525879,550,491,0
12.4899997711182,94.5,41.7000007629395,2.40000009536743,100.099998474121,0,13.1000003814697,109.800003051758,551,490,0
12.4099998474121,94.5,41.7000007629395,2.40000009536743,100,0,13.1000003814697,109.800003051758,551,490,0
12.3900003433228,94.5,41.7000007629395,2.40000009536743,100.099998474121,0,13.1000003814697,109.5,550,490,0
12.5,94.5,41.7999992370605,2.40000009536743,100.099998474121,0,13.1000003814697,109.5,551,490,0
12.539999961853,94.5,41.7999992370605,2.40000009536743,100.099998474121,0,13.1000003814697,109.400001525879,551,489,0
12.4099998474121,94.5999984741211,41.7999992370605,2.40000009536743,100.099998474121,0,13.1000003814697,109.5,551,489,0
8.28999996185303,94.5999984741211,41.7999992370605,2.40000009536743,100.099998474121,0,13.1000003814697,109.400001525879,552,489,0
10.3299999237061,94.6999969482422,41.7999992370605,2.40000009536743,100,0,14.1000003814697,109.5,552,489,0
10.7200002670288,94.6999969482422,41.7999992370605,2.40000009536743,100,0,21,110.199996948242,552,488,0
11.1800003051758,94.6999969482422,41.7999992370605,2.40000009536743,84.8000030517578,0,21.8999996185303,110,552,488,0
11.1599998474121,94.6999969482422,41.7999992370605,2.40000009536743,97.6999969482422,0,15.1000003814697,109.599998474121,552,488,0
11.4099998474121,94.6999969482422,41.7999992370605,2.40000009536743,100,0,18,109.599998474121,552,488,0
11.5,94.6999969482422,41.7999992370605,2.40000009536743,91.3000030517578,435,23.8999996185303,109.599998474121,552,487,0
11.3800001144409,94.8000030517578,41.7999992370605,2.40000009536743,100.099998474121,498,27.7999992370605,109.5,552,487,0
11.3999996185303,94.8000030517578,41.7999992370605,2.40000009536743,90.5,498,19,109.599998474121,552,487,0
11.1300001144409,94.8000030517578,41.7999992370605,2.40000009536743,100.199996948242,443,21.8999996185303,109.5,551,486,0
11.5200004577637,94.8000030517578,41.7999992370605,2.40000009536743,100.099998474121,501,24.8999996185303,110.199996948242,551,486,0
11.6099996566772,94.8000030517578,41.7999992370605,2.40000009536743,92.5,446,24.8999996185303,110,549,486,0
11.3299999237061,94.8000030517578,41.7999992370605,2.40000009536743,100.099998474121,502,26.7999992370605,109.599998474121,549,485,0
11.3900003433228,94.8000030517578,41.7999992370605,2.40000009536743,93.5,502,25.7999992370605,109.599998474121,549,485,0
11.1000003814697,94.8000030517578,41.7999992370605,2.40000009536743,100.300003051758,447,26.7999992370605,109.599998474121,547,485,0
11.460000038147,94.8000030517578,41.7999992370605,2.40000009536743,100.099998474121,500,28.7999992370605,109.599998474121,546,484,0
11.5200004577637,94.9000015258789,41.7999992370605,2.40000009536743,90.3000030517578,448,27.7999992370605,109.599998474121,545,484,0
11.3000001907349,94.9000015258789,41.9000015258789,2.40000009536743,100.099998474121,516,30.7000007629395,110,544,483,0
11.5900001525879,94.9000015258789,41.9000015258789,2.27699995040894,86.4000015258789,593,30.7000007629395,110,542,483,0
11.3699998855591,94.9000015258789,41.9000015258789,2.06399989128113,100.199996948242,547,31.7000007629395,109.800003051758,541,483,0
12.3400001525879,94.9000015258789,41.9000015258789,1.96300005912781,97.8000030517578,1008,38.5,109.599998474121,541,483,0
12.6899995803833,94.9000015258789,41.9000015258789,1.6710000038147,100.199996948242,1677,53.2000007629395,109.599998474121,541,483,0
12.7799997329712,94.9000015258789,41.9000015258789,1.02100002765656,95.5,3998,133.300003051758,109.599998474121,540,484,0
12.8999996185303,94.9000015258789,41.9000015258789,0.936999976634979,84.6999969482422,6475,324.700012207031,109.599998474121,541,485,0
12.8900003433228,94.9000015258789,41.9000015258789,0.889999985694885,40.9000015258789,7648,337.399993896484,109.599998474121,541,485,0
12.7200002670288,94.9000015258789,41.9000015258789,0.846000015735626,23.7999992370605,7657,332.5,110.199996948242,541,486,0
12.9300003051758,94.9000015258789,41.9000015258789,0.816999971866608,56.5999984741211,7255,324.700012207031,110.199996948242,542,486,0
12.7700004577637,94.9000015258789,41.9000015258789,0.945999979972839,38.7999992370605,7890,338.299987792969,110,542,488,0
12.789999961853,94.9000015258789,41.9000015258789,0.887000024318695,24.2999992370605,7954,340.299987792969,109.800003051758,546,490,0
12.0200004577637,94.9000015258789,41.9000015258789,0.866999983787537,18.5,7677,338.299987792969,109.800003051758,549,493,0
11.8100004196167,94.9000015258789,41.9000015258789,0.860000014305115,17.3999996185303,7197,325.600006103516,109.800003051758,552,496,0
12.2700004577637,94.9000015258789,41.9000015258789,0.816999971866608,21.5,6852,327.600006103516,109.800003051758,558,498,0
12.3100004196167,94.9000015258789,41.9000015258789,0.961000025272369,23.7999992370605,6640,314.899993896484,109.800003051758,562,502,0
12.4399995803833,94.9000015258789,41.9000015258789,1.04900002479553,27.7000007629395,6389,313,110.599998474121,562,502,0
12.2299995422363,94.9000015258789,41.9000015258789,1.16100001335144,30.7999992370605,6204,296.299987792969,110.199996948242,568,505,0
12.5500001907349,94.9000015258789,41.9000015258789,1.20700001716614,32.2000007629395,5995,302.200012207031,110,575,507,0
12.5799999237061,94.9000015258789,41.9000015258789,1.28199994564056,33.7000007629395,5592,284.600006103516,110,581,509,0
12.539999961853,94.9000015258789,41.9000015258789,1.36800003051758,36.9000015258789,5171,279.700012207031,110,588,512,0
12.6400003433228,94.9000015258789,41.9000015258789,1.60099995136261,39.7000007629395,4728,263.100006103516,110,595,515,0
12.7200002670288,94.9000015258789,41.9000015258789,2.07100009918213,42.7999992370605,4118,245.600006103516,110,602,515,0
12.6499996185303,94.8000030517578,41.9000015258789,2.3840000629425,43.5,3723,231.899993896484,110.599998474121,602,517,0
12.6499996185303,94.8000030517578,41.9000015258789,2.40000009536743,48.5,3314,215.300003051758,110.599998474121,608,520,0
12.5699996948242,94.8000030517578,41.9000015258789,2.40000009536743,57.7999992370605,2887,203.600006103516,110.400001525879,612,522,0
12.5699996948242,94.8000030517578,41.9000015258789,2.40000009536743,77.6999969482422,2520,201.600006103516,110.199996948242,615,523,0
12.6499996185303,94.8000030517578,41.9000015258789,2.40000009536743,85.5,2000,165.5,110,617,523,0
12.5900001525879,94.8000030517578,41.9000015258789,2.40000009536743,90.1999969482422,1605,127.400001525879,110.199996948242,618,524,0
12.4099998474121,94.8000030517578,41.9000015258789,2.40000009536743,86.4000015258789,1224,94.1999969482422,110,618,524,0
12.3299999237061,94.8000030517578,41.9000015258789,2.40000009536743,99.5999984741211,0,34.5999984741211,110.199996948242,618,524,0
12.4099998474121,94.8000030517578,42,2.40000009536743,100.900001525879,0,20,110.800003051758,617,522,0
12.3699998855591,94.8000030517578,42,2.40000009536743,100.099998474121,0,15.1000003814697,110.599998474121,616,523,0
12.289999961853,94.8000030517578,42,2.40000009536743,100.099998474121,0,14.1000003814697,110.400001525879,614,522,0
12.3800001144409,94.8000030517578,42.0999984741211,2.40000009536743,100.099998474121,0,13.1000003814697,110.199996948242,613,521,0
12.3999996185303,94.8000030517578,42.0999984741211,2.40000009536743,100.099998474121,0,13.1000003814697,110.199996948242,613,521,0
12.2600002288818,94.6999969482422,42.0999984741211,2.40000009536743,100,0,13.1000003814697,110.199996948242,611,520,0
12.25,94.6999969482422,42.2000007629395,2.40000009536743,100.099998474121,0,13.1000003814697,110,610,520,0
12.2600002288818,94.6999969482422,42.2000007629395,2.40000009536743,100,0,13.1000003814697,110,609,519,0
12.1599998474121,94.6999969482422,42.2000007629395,2.40000009536743,100,0,13.1000003814697,110.599998474121,608,519,0
12.3000001907349,94.6999969482422,42.2000007629395,2.40000009536743,100.099998474121,0,13.1000003814697,110.400001525879,607,518,0
12.3000001907349,94.6999969482422,42.2999992370605,2.40000009536743,100.099998474121,0,13.1000003814697,110.400001525879,607,518,0
12.2399997711182,94.6999969482422,42.2999992370605,2.40000009536743,100.099998474121,0,13.1000003814697,110.199996948242,607,517,0
12.2700004577637,94.6999969482422,42.2999992370605,2.40000009536743,100.099998474121,0,13.1000003814697,110.199996948242,606,517,0
12.3000001907349,94.6999969482422,42.4000015258789,2.40000009536743,100.099998474121,0,13.1000003814697,110.199996948242,605,516,0
12.2399997711182,94.6999969482422,42.4000015258789,2.40000009536743,100.099998474121,0,13.1000003814697,110,605,516,0
12.3100004196167,94.5999984741211,42.4000015258789,2.40000009536743,100.099998474121,0,13.1000003814697,110,605,515,0
12.3400001525879,94.5999984741211,42.4000015258789,2.40000009536743,100.099998474121,0,13.1000003814697,110.800003051758,605,515,0
12.1899995803833,94.5999984741211,42.4000015258789,2.40000009536743,100.099998474121,0,13.1000003814697,110.599998474121,605,515,0
12.3100004196167,94.5999984741211,42.5,2.40000009536743,100.099998474121,0,13.1000003814697,110.199996948242,605,515,0
12.3100004196167,94.5999984741211,42.5,2.40000009536743,100.099998474121,0,13.1000003814697,110.199996948242,605,515,0
12.210000038147,94.5999984741211,42.5,2.40000009536743,100.099998474121,0,13.1000003814697,110,605,515,0
12.3100004196167,94.5999984741211,42.5,2.40000009536743,100.099998474121,0,13.1000003814697,110.199996948242,605,516,0
12.3299999237061,94.5999984741211,42.5,2.40000009536743,100.099998474121,0,13.1000003814697,110,605,516,0
12.210000038147,94.5999984741211,42.5,2.40000009536743,100.099998474121,0,13.1000003814697,110,605,516,0
12.3299999237061,94.5999984741211,42.5999984741211,2.40000009536743,100.099998474121,0,13.1000003814697,110.800003051758,605,516,0
12.3400001525879,94.5999984741211,42.5999984741211,2.40000009536743,100.099998474121,0,13.1000003814697,110.599998474121,606,516,0
12.2299995422363,94.5999984741211,42.5999984741211,2.40000009536743,100.099998474121,0,13.1000003814697,110.400001525879,606,517,0
12.3400001525879,94.5999984741211,42.5999984741211,2.40000009536743,100.099998474121,0,13.1000003814697,110,606,516,0
12.3199996948242,94.5,42.5999984741211,2.40000009536743,100.099998474121,0,13.1000003814697,110.199996948242,606,516,0
12.2299995422363,94.5,42.5999984741211,2.40000009536743,100.099998474121,0,13.1000003814697,110,606,516,0
12.3000001907349,94.5,42.7000007629395,2.40000009536743,100,0,13.1000003814697,110.199996948242,606,516,0
12.3199996948242,94.5,42.7000007629395,2.40000009536743,100.099998474121,0,13.1000003814697,110,606,516,0
12.1800003051758,94.5,42.7000007629395,2.40000009536743,100.099998474121,0,13.1000003814697,110.800003051758,605,516,0
12.3400001525879,94.5,42.7000007629395,2.40000009536743,100.099998474121,0,13.1000003814697,110.400001525879,606,516,0
12.3299999237061,94.4000015258789,42.7000007629395,2.40000009536743,100.099998474121,0,13.1000003814697,110.400001525879,606,516,0
12.2299995422363,94.4000015258789,42.7000007629395,2.40000009536743,100.099998474121,0,13.1000003814697,110,606,515,0
12.3100004196167,94.4000015258789,42.7000007629395,2.40000009536743,100,0,13.1000003814697,110.199996948242,606,515,0
9.60000038146973,94.3000030517578,42.7000007629395,2.40000009536743,100.099998474121,0,14.1000003814697,110,605,515,0
10.3400001525879,94.3000030517578,42.7000007629395,2.40000009536743,100.099998474121,0,15.1000003814697,110.199996948242,605,515,0
11,94.3000030517578,42.7000007629395,2.40000009536743,100.099998474121,0,11.1999998092651,110.400001525879,605,514,0
11.2600002288818,94.3000030517578,42.7000007629395,2.40000009536743,89.3000030517578,0,19,110.800003051758,605,514,0
11.1099996566772,94.1999969482422,42.7000007629395,2.40000009536743,99,0,20,110.400001525879,605,513,0
11.3100004196167,94.1999969482422,42.7000007629395,2.40000009536743,93.4000015258789,0,20,110.199996948242,605,513,0
11.1000003814697,94.1999969482422,42.7000007629395,2.40000009536743,100.199996948242,436,23.8999996185303,110.199996948242,604,513,0
11.2200002670288,94.1999969482422,42.7000007629395,2.40000009536743,100.099998474121,492,26.7999992370605,110.199996948242,603,512,0
11.2399997711182,94.1999969482422,42.7000007629395,2.40000009536743,88.3000030517578,442,26.7999992370605,110,602,511,0
11.1700000762939,94.0999984741211,42.7000007629395,2.40000009536743,100.099998474121,498,29.7000007629395,110,602,511,0
11.2799997329712,94.0999984741211,42.7999992370605,2.40000009536743,99.0999984741211,498,28.7999992370605,110.599998474121,600,511,0
11.3599996566772,94.0999984741211,42.7999992370605,2.40000009536743,99.5,445,29.7000007629395,110.599998474121,599,510,0
11.1400003433228,94.0999984741211,42.7999992370605,2.40000009536743,100,497,25.7999992370605,110.400001525879,597,509,0
11.1499996185303,94.0999984741211,42.7999992370605,2.40000009536743,87.4000015258789,445,26.7999992370605,110.199996948242,596,509,0
11.1000003814697,94,42.7999992370605,2.40000009536743,100.099998474121,445,28.7999992370605,110.199996948242,594,508,0
11.3000001907349,94,42.7999992370605,2.40000009536743,99.8000030517578,498,28.7999992370605,110.199996948242,592,508,0
11.2600002288818,94,42.7999992370605,2.40000009536743,99.5,446,25.7999992370605,110,592,507,0
11.039999961853,93.9000015258789,42.7999992370605,2.40000009536743,100.099998474121,499,29.7000007629395,110.199996948242,590,507,0
11.1800003051758,93.9000015258789,42.7999992370605,2.40000009536743,87.8000030517578,446,26.7999992370605,110.800003051758,588,506,0
11.0200004577637,93.8000030517578,42.7999992370605,2.40000009536743,100,446,27.7999992370605,110.400001525879,586,505,0
11.2700004577637,93.8000030517578,42.7999992370605,2.40000009536743,100.099998474121,499,28.7999992370605,110.400001525879,584,504,0
11.2600002288818,93.6999969482422,42.7999992370605,2.40000009536743,97.9000015258789,447,28.7999992370605,110.199996948242,584,504,0
11.1400003433228,93.6999969482422,42.7999992370605,2.40000009536743,100.099998474121,500,30.7000007629395,110.199996948242,582,503,0
11.25,93.5999984741211,42.9000015258789,2.40000009536743,88.3000030517578,500,28.7999992370605,110.199996948242,580,503,0
11.0200004577637,93.5999984741211,42.9000015258789,2.40000009536743,100.300003051758,450,28.7999992370605,110.199996948242,577,502,0
11.1000003814697,93.5999984741211,42.9000015258789,2.40000009536743,100.099998474121,499,29.7000007629395,110.599998474121,576,501,0
11.1499996185303,93.5999984741211,42.9000015258789,2.40000009536743,101.199996948242,447,28.7999992370605,110.800003051758,574,500,0
11.1999998092651,93.5,42.9000015258789,2.40000009536743,100.199996948242,500,31.7000007629395,110.400001525879,572,501,0
11.289999961853,93.5,42.9000015258789,2.40000009536743,98.3000030517578,500,28.7999992370605,110.400001525879,571,500,0
10.9399995803833,93.5,42.9000015258789,2.40000009536743,99.6999969482422,447,28.7999992370605,110.199996948242,570,498,0
11.1400003433228,93.5,42.9000015258789,2.40000009536743,100.099998474121,502,29.7000007629395,110.199996948242,568,498,0
11.3800001144409,93.5,42.9000015258789,2.40000009536743,94.8000030517578,448,29.7000007629395,110.199996948242,566,497,0
11.1700000762939,93.4000015258789,42.9000015258789,2.40000009536743,100.099998474121,500,31.7000007629395,110.199996948242,564,496,0
11.2299995422363,93.4000015258789,42.9000015258789,2.40000009536743,94.3000030517578,500,28.7999992370605,110.800003051758,561,496,0
10.5299997329712,93.4000015258789,42.9000015258789,2.40000009536743,100,445,28.7999992370605,110.800003051758,561,495,0
11.1199998855591,93.4000015258789,42.9000015258789,2.40000009536743,100.099998474121,498,29.7000007629395,110.400001525879,560,494,0
11.3299999237061,93.4000015258789,42.9000015258789,2.40000009536743,98.3000030517578,446,28.7999992370605,110.199996948242,558,494,0
11.1400003433228,93.3000030517578,42.9000015258789,2.40000009536743,100.099998474121,497,31.7000007629395,110.400001525879,556,493,0
11.210000038147,93.3000030517578,42.9000015258789,2.40000009536743,98.9000015258789,497,28.7999992370605,110.199996948242,554,492,0
11.1999998092651,93.3000030517578,42.9000015258789,2.40000009536743,100.300003051758,445,28.7999992370605,110.199996948242,552,491,0
11.1700000762939,93.3000030517578,42.9000015258789,2.40000009536743,100.099998474121,500,30.7000007629395,110.199996948242,552,491,0
11.25,93.3000030517578,42.9000015258789,2.40000009536743,99.4000015258789,447,28.7999992370605,111.099998474121,550,490,0
11.1400003433228,93.1999969482422,42.9000015258789,2.40000009536743,100.099998474121,447,31.7000007629395,110.599998474121,549,490,0
12.1999998092651,93.1999969482422,42.9000015258789,2.40000009536743,99.5999984741211,499,28.7999992370605,110.400001525879,547,489,0
12.0600004196167,93.1999969482422,42.9000015258789,2.40000009536743,97.3000030517578,427,27.7999992370605,110.199996948242,545,488,0
12.2399997711182,93.1999969482422,43,2.40000009536743,100.099998474121,0,25.7999992370605,110.199996948242,543,488,0
12.2600002288818,93.0999984741211,43,2.40000009536743,100.099998474121,0,21.8999996185303,110.199996948242,543,488,0
12.2399997711182,93.0999984741211,43,2.40000009536743,100.099998474121,0,17.1000003814697,110.400001525879,541,487,0
12.2700004577637,93.0999984741211,43,2.40000009536743,100.099998474121,0,14.1000003814697,110.400001525879,540,486,0
12.289999961853,93,43,2.40000009536743,100.099998474121,0,13.1000003814697,111.099998474121,538,485,0
12.1899995803833,93,43,2.40000009536743,100.099998474121,0,13.1000003814697,110.800003051758,537,485,0
12.1999998092651,93,43,2.40000009536743,100.099998474121,0,13.1000003814697,110.599998474121,535,484,0
12.2700004577637,93,43,2.40000009536743,100,0,13.1000003814697,110.400001525879,535,484,0
12.2399997711182,93,43,2.40000009536743,100.099998474121,0,13.1000003814697,110.400001525879,535,483,0
12.1800003051758,93,43,2.40000009536743,100.099998474121,0,13.1000003814697,110.400001525879,534,483,0
12.1800003051758,92.9000015258789,43,2.40000009536743,100.099998474121,0,13.1000003814697,110.199996948242,534,483,0
12.1599998474121,92.9000015258789,43,2.40000009536743,100.099998474121,0,13.1000003814697,110.400001525879,533,482,0
12.1099996566772,92.9000015258789,43,2.40000009536743,100.099998474121,0,13.1000003814697,111.099998474121,533,482,0
12.210000038147,92.9000015258789,43,2.40000009536743,100.099998474121,0,13.1000003814697,110.599998474121,533,482,0
12.1899995803833,92.9000015258789,43,2.40000009536743,100,0,13.1000003814697,110.400001525879,533,482,0
12.1700000762939,92.8000030517578,43,2.40000009536743,100.099998474121,0,13.1000003814697,110.400001525879,532,481,0
12.2299995422363,92.8000030517578,43,2.40000009536743,100.099998474121,0,13.1000003814697,110.400001525879,533,481,0
12.1199998855591,92.8000030517578,43,2.40000009536743,100.099998474121,0,13.1000003814697,110.400001525879,532,480,0
12.1800003051758,92.8000030517578,43,2.40000009536743,100.099998474121,0,13.1000003814697,110.400001525879,532,480,0
12.2399997711182,92.8000030517578,43,2.40000009536743,100.099998474121,0,13.1000003814697,110.400001525879,532,480,0
12.2399997711182,92.6999969482422,43,2.40000009536743,100,0,13.1000003814697,111.099998474121,533,480,0
12.1300001144409,92.6999969482422,43,2.40000009536743,100.099998474121,0,13.1000003814697,110.599998474121,533,480,0
12.2799997329712,92.6999969482422,43,2.40000009536743,100.099998474121,0,13.1000003814697,110.599998474121,534,480,0
12.25,92.5999984741211,43,2.40000009536743,100.099998474121,0,13.1000003814697,110.400001525879,534,480,0
12.2799997329712,92.5999984741211,43,2.40000009536743,100.099998474121,0,13.1000003814697,110.400001525879,535,481,0
8.06999969482422,92.5,43,2.40000009536743,100.099998474121,0,13.1000003814697,110.400001525879,535,481,0
10.3599996566772,92.5,43,2.40000009536743,99.8000030517578,0,14.1000003814697,110.400001525879,535,481,0
11.0799999237061,92.5,43,2.39800000190735,89.8000030517578,0,18,111.099998474121,536,481,0
11.0900001525879,92.5,43,2.40000009536743,99.3000030517578,0,17.1000003814697,111.099998474121,536,481,0
11.1000003814697,92.5,43,2.40000009536743,97.8000030517578,0,16.1000003814697,110.599998474121,537,482,0
11.2799997329712,92.4000015258789,43,2.40000009536743,100,426,22.8999996185303,110.400001525879,537,482,0
11.1700000762939,92.4000015258789,43.0999984741211,2.40000009536743,100.099998474121,493,25.7999992370605,110.400001525879,537,482,0
11.210000038147,92.4000015258789,43.0999984741211,2.40000009536743,87.0999984741211,444,24.8999996185303,110.400001525879,536,482,0
10.9399995803833,92.4000015258789,43.0999984741211,2.40000009536743,100.099998474121,444,27.7999992370605,110.400001525879,535,482,0
11.1700000762939,92.3000030517578,43.0999984741211,2.40000009536743,99.9000015258789,498,27.7999992370605,110.400001525879,535,481,0
11.3599996566772,92.3000030517578,43.0999984741211,2.40000009536743,100.800003051758,446,28.7999992370605,111.099998474121,534,481,0
11.1700000762939,92.3000030517578,43.0999984741211,2.40000009536743,100.099998474121,498,29.7000007629395,111.099998474121,532,481,0
11.2399997711182,92.3000030517578,43.0999984741211,2.40000009536743,88.1999969482422,447,28.7999992370605,110.599998474121,532,481,0
10.9300003051758,92.3000030517578,43.0999984741211,2.40000009536743,100,447,28.7999992370605,110.400001525879,531,480,0
11.1199998855591,92.1999969482422,43.0999984741211,2.40000009536743,100.099998474121,500,29.7000007629395,110.400001525879,530,479,0
11.3800001144409,92.1999969482422,43.0999984741211,2.40000009536743,97.4000015258789,447,27.7999992370605,110.400001525879,529,479,0
11.1599998474121,92.1999969482422,43.0999984741211,2.40000009536743,100.099998474121,499,29.7000007629395,110.400001525879,528,478,0
11.1999998092651,92.1999969482422,43.0999984741211,2.40000009536743,89,448,26.7999992370605,110.400001525879,526,478,0
10.8699998855591,92.0999984741211,43.0999984741211,2.40000009536743,100.099998474121,448,27.7999992370605,111.099998474121,526,478,0
11.2299995422363,92.0999984741211,43.0999984741211,2.40000009536743,100.099998474121,500,28.7999992370605,110.800003051758,524,477,0
11.3199996948242,92.0999984741211,43.0999984741211,2.40000009536743,95.1999969482422,447,28.7999992370605,110.599998474121,523,476,0
11.210000038147,92,43.0999984741211,2.40000009536743,100.099998474121,500,30.7000007629395,110.400001525879,521,476,0
11.1000003814697,92,43.0999984741211,2.40000009536743,92.3000030517578,500,28.7999992370605,110.400001525879,520,475,0
10.789999961853,91.9000015258789,43.0999984741211,2.40000009536743,100.300003051758,450,28.7999992370605,110.400001525879,518,475,0
11.2299995422363,91.9000015258789,43.0999984741211,2.40000009536743,100.099998474121,500,29.7000007629395,110.599998474121,517,475,0
11.2799997329712,91.8000030517578,43.0999984741211,2.40000009536743,97.5,447,28.7999992370605,110.400001525879,517,474,0
11.1499996185303,91.8000030517578,43.0999984741211,2.40000009536743,100.099998474121,499,31.7000007629395,111.300003051758,515,473,0
11.0699996948242,91.8000030517578,43.0999984741211,2.40000009536743,95.9000015258789,499,28.7999992370605,110.800003051758,514,472,0
10.8000001907349,91.6999969482422,43.0999984741211,2.40000009536743,100.300003051758,448,28.7999992370605,110.599998474121,512,471,0
11.1700000762939,91.6999969482422,43.0999984741211,2.40000009536743,100.099998474121,498,30.7000007629395,110.599998474121,510,471,0
11.2399997711182,91.6999969482422,43.0999984741211,2.40000009536743,99.0999984741211,447,28.7999992370605,110.400001525879,509,470,0
11.1300001144409,91.5999984741211,43.0999984741211,2.40000009536743,100.099998474121,499,31.7000007629395,110.400001525879,509,470,0
11.1499996185303,91.5999984741211,43.0999984741211,2.40000009536743,97.8000030517578,499,28.7999992370605,110.599998474121,508,470,0
11.9300003051758,91.5999984741211,43.0999984741211,2.40000009536743,100,448,28.7999992370605,110.400001525879,506,469,0
12.1400003433228,91.5999984741211,43.0999984741211,2.40000009536743,100.099998474121,495,29.7000007629395,111.300003051758,505,469,0
12.210000038147,91.5999984741211,43.2000007629395,2.40000009536743,95.5999984741211,0,23.8999996185303,111.099998474121,503,468,0
12.1400003433228,91.5,43.2000007629395,2.40000009536743,92.6999969482422,0,22.8999996185303,110.599998474121,502,468,0
12.2600002288818,91.4000015258789,43.2000007629395,2.40000009536743,100.099998474121,0,19,110.400001525879,502,468,0
12.2299995422363,91.4000015258789,43.2000007629395,2.40000009536743,100.099998474121,0,13.1000003814697,110.199996948242,500,466,0
12.1300001144409,91.3000030517578,43.2000007629395,2.40000009536743,100.099998474121,0,12.1999998092651,110.400001525879,499,466,0
12.25,91.3000030517578,43.2000007629395,2.40000009536743,100,0,13.1000003814697,110.199996948242,498,465,0
12.2600002288818,91.1999969482422,43.2000007629395,2.40000009536743,100,0,13.1000003814697,110.400001525879,496,465,0
12.1599998474121,91.1999969482422,43.2000007629395,2.40000009536743,100.099998474121,0,13.1000003814697,111.099998474121,495,464,0
12.2600002288818,91.1999969482422,43.2000007629395,2.40000009536743,100.099998474121,0,13.1000003814697,110.800003051758,495,464,0
12.2799997329712,91.1999969482422,43.2000007629395,2.40000009536743,100.099998474121,0,13.1000003814697,110.400001525879,495,464,0
12.1800003051758,91.0999984741211,43.2000007629395,2.40000009536743,100.099998474121,0,13.1000003814697,110.400001525879,494,463,0
12.2600002288818,91.0999984741211,43.2000007629395,2.40000009536743,100.099998474121,0,13.1000003814697,110.400001525879,494,463,0
12.3500003814697,91.0999984741211,43.2000007629395,2.40000009536743,100.099998474121,0,13.1000003814697,110.400001525879,494,462,0
12.2399997711182,91.0999984741211,43.2000007629395,2.40000009536743,100.099998474121,0,13.1000003814697,110.400001525879,493,462,0
12.3400001525879,91,43.2000007629395,2.40000009536743,100.099998474121,0,13.1000003814697,110.800003051758,493,462,0
12.3599996566772,91,43.2000007629395,2.40000009536743,100.099998474121,0,13.1000003814697,111.099998474121,493,462,0
12.2399997711182,91,43.2000007629395,2.40000009536743,100.099998474121,0,13.1000003814697,110.599998474121,493,461,0
12.2700004577637,91,43.2000007629395,2.40000009536743,100.099998474121,0,13.1000003814697,110.599998474121,493,461,0
12.3299999237061,91,43.2000007629395,2.40000009536743,100,0,13.1000003814697,110.400001525879,493,461,0
12.2399997711182,90.9000015258789,43.2000007629395,2.40000009536743,100.099998474121,0,13.1000003814697,110.400001525879,494,460,0
12.2799997329712,90.9000015258789,43.2000007629395,2.40000009536743,100.099998474121,0,13.1000003814697,110.400001525879,494,460,0
12.25,90.8000030517578,43.2000007629395,2.40000009536743,100.099998474121,0,13.1000003814697,110.400001525879,493,460,0
12.1700000762939,90.6999969482422,43.2000007629395,2.40000009536743,100.099998474121,0,13.1000003814697,110.599998474121,494,460,0
12.1899995803833,90.6999969482422,43.2000007629395,2.40000009536743,100.099998474121,0,13.1000003814697,111.300003051758,494,459,0
12.2600002288818,90.6999969482422,43.2000007629395,2.40000009536743,100.099998474121,0,13.1000003814697,110.800003051758,494,459,0
12.1199998855591,90.6999969482422,43.2000007629395,2.40000009536743,100.099998474121,0,13.1000003814697,110.599998474121,494,458,0
12.210000038147,90.6999969482422,43.2000007629395,2.40000009536743,100.099998474121,0,13.1000003814697,110.400001525879,494,458,0
12.2600002288818,90.5999984741211,43.2000007629395,2.40000009536743,100.099998474121,0,13.1000003814697,110.400001525879,494,459,0
12.1199998855591,90.5999984741211,43.2000007629395,2.40000009536743,100.099998474121,0,13.1000003814697,110.400001525879,495,459,0
12.2299995422363,90.5999984741211,43.2000007629395,2.40000009536743,100.099998474121,0,13.1000003814697,110.400001525879,496,459,0
12.2200002670288,90.5999984741211,43.2000007629395,2.40000009536743,100.099998474121,0,13.1000003814697,111.300003051758,497,460,0
12.210000038147,90.5,43.2000007629395,2.40000009536743,100.099998474121,0,13.1000003814697,111.300003051758,498,460,0
12.1400003433228,90.5,43.2999992370605,2.40000009536743,100.099998474121,0,13.1000003814697,110.800003051758,498,460,0
12.4799995422363,90.5,43.2999992370605,2.40000009536743,100.099998474121,0,13.1000003814697,110.599998474121,498,461,0
12.3699998855591,90.4000015258789,43.2999992370605,2.3840000629425,100.099998474121,0,13.1000003814697,110.599998474121,499,461,0
12.3400001525879,90.4000015258789,43.2999992370605,2.3529999256134,100.099998474121,0,13.1000003814697,110.400001525879,500,462,0
12.4799995422363,90.4000015258789,43.2999992370605,2.36700010299683,100.099998474121,0,13.1000003814697,110.599998474121,500,462,0
12.3800001144409,90.3000030517578,43.2999992370605,2.31100010871887,100.099998474121,0,13.1000003814697,110.400001525879,501,462,0
12.4700002670288,90.3000030517578,43.2999992370605,2.31100010871887,100.099998474121,0,13.1000003814697,111.300003051758,502,462,0
12.4899997711182,90.1999969482422,43.2999992370605,2.26600003242493,100.099998474121,0,13.1000003814697,111.099998474121,502,462,0
12.3999996185303,90.1999969482422,43.2999992370605,2.25200009346008,100.099998474121,0,12.1999998092651,110.800003051758,502,462,0
12.3800001144409,90.1999969482422,43.2999992370605,2.24499988555908,100.099998474121,0,13.1000003814697,110.599998474121,502,462,0
12.4899997711182,90.0999984741211,43.2999992370605,2.23099994659424,100.099998474121,0,13.1000003814697,110.599998474121,503,462,0
9.46000003814697,90.0999984741211,43.2999992370605,2.25200009346008,100.099998474121,0,13.1000003814697,110.599998474121,503,461,0
10.2399997711182,90.1999969482422,43.2999992370605,2.19000005722046,100.099998474121,0,21,110.800003051758,503,461,0
11.1000003814697,90.0999984741211,43.2999992370605,2.18300008773804,99.9000015258789,0,12.1999998092651,110.800003051758,503,462,0
11.289999961853,90.0999984741211,43.2999992370605,2.16100001335144,91.8000030517578,0,21.8999996185303,111.5,504,461,0
11.1099996566772,90,43.2999992370605,2.22099995613098,99.0999984741211,0,25.7999992370605,111.300003051758,504,461,0
11.3299999237061,90,43.2999992370605,2.40000009536743,89.8000030517578,0,19,111.099998474121,503,460,0
10.8999996185303,90,43.2999992370605,2.40000009536743,99.9000015258789,438,20,110.800003051758,503,460,0
11.2600002288818,90,43.2999992370605,2.40000009536743,100.199996948242,500,23.8999996185303,110.800003051758,503,460,0
11.6700000762939,89.9000015258789,43.2999992370605,2.40000009536743,100.599998474121,447,24.8999996185303,110.800003051758,503,460,0
11.5600004196167,89.9000015258789,43.2999992370605,2.40000009536743,100,508,25.7999992370605,110.800003051758,502,460,0
11.5900001525879,89.9000015258789,43.2999992370605,2.40000009536743,98.4000015258789,508,25.7999992370605,110.800003051758,502,459,0
11.1000003814697,89.9000015258789,43.2999992370605,2.40000009536743,99.4000015258789,455,27.7999992370605,111.5,501,459,0
11.5600004196167,89.9000015258789,43.2999992370605,2.40000009536743,100.199996948242,509,29.7000007629395,111.099998474121,500,458,0
11.7299995422363,89.8000030517578,43.4000015258789,2.40000009536743,100.599998474121,457,28.7999992370605,111.099998474121,499,458,0
11.4399995803833,89.8000030517578,43.4000015258789,2.40000009536743,100.099998474121,509,26.7999992370605,110.800003051758,499,458,0
12.5200004577637,89.6999969482422,43.4000015258789,2.40000009536743,93.3000030517578,509,23.8999996185303,110.800003051758,497,457,0
12.539999961853,89.6999969482422,43.4000015258789,2.40000009536743,99.9000015258789,440,25.7999992370605,110.800003051758,496,456,0
12.6599998474121,89.6999969482422,43.4000015258789,2.40000009536743,100.099998474121,0,23.8999996185303,110.800003051758,495,456,0
12.6800003051758,89.6999969482422,43.4000015258789,2.40000009536743,100.099998474121,0,20,110.800003051758,493,456,0
12.5900001525879,89.6999969482422,43.4000015258789,2.40000009536743,100.099998474121,0,16.1000003814697,111.5,492,455,0
12.6800003051758,89.6999969482422,43.4000015258789,2.40000009536743,100.099998474121,0,13.1000003814697,111.300003051758,492,455,0
12.6400003433228,89.6999969482422,43.4000015258789,2.40000009536743,100.099998474121,0,12.1999998092651,111.099998474121,491,454,0
12.5,89.5999984741211,43.4000015258789,2.40000009536743,100.099998474121,0,13.1000003814697,111.099998474121,490,454,0
12.5699996948242,89.5999984741211,43.4000015258789,2.40000009536743,100.099998474121,0,13.1000003814697,110.800003051758,489,454,0
12.5,89.5999984741211,43.4000015258789,2.40000009536743,100.099998474121,0,13.1000003814697,110.800003051758,488,453,0
12.4300003051758,89.5999984741211,43.5,2.40000009536743,100.099998474121,0,13.1000003814697,110.800003051758,488,453,0
12.5299997329712,89.5999984741211,43.5,2.40000009536743,100.099998474121,0,13.1000003814697,111.5,488,452,0
12.5,89.5999984741211,43.5,2.40000009536743,100.099998474121,0,13.1000003814697,111.5,487,452,0
12.4099998474121,89.5,43.5,2.40000009536743,100.099998474121,0,13.1000003814697,111.300003051758,487,452,0
12.5,89.5,43.5,2.40000009536743,100.099998474121,0,13.1000003814697,111.099998474121,487,451,0
12.6099996566772,89.5,43.5,2.40000009536743,100.099998474121,0,13.1000003814697,110.800003051758,486,451,0
12.4399995803833,89.5,43.5,2.40000009536743,100.099998474121,0,13.1000003814697,111.099998474121,486,451,0
12.5,89.5,43.5,2.40000009536743,100.099998474121,0,13.1000003814697,110.800003051758,486,451,0
12.4200000762939,89.4000015258789,43.5,2.40000009536743,100,0,13.1000003814697,110.800003051758,486,451,0
12.3900003433228,89.4000015258789,43.5,2.40000009536743,100.099998474121,0,13.1000003814697,111.300003051758,486,450,0
9.02000045776367,89.4000015258789,43.5,2.40000009536743,100.099998474121,0,13.1000003814697,111.5,486,450,0
10.6099996566772,89.4000015258789,43.5,2.40000009536743,88.5,0,15.1000003814697,111.300003051758,486,450,0
10.8400001525879,89.4000015258789,43.5,2.40000009536743,97.0999984741211,0,17.1000003814697,111.099998474121,486,450,0
11.25,89.4000015258789,43.5,2.40000009536743,100.099998474121,0,27.7999992370605,111.099998474121,486,449,0
11.1400003433228,89.4000015258789,43.5,2.40000009536743,84.1999969482422,423,23.8999996185303,111.099998474121,486,449,0
11.1099996566772,89.4000015258789,43.5,2.40000009536743,100.099998474121,423,24.8999996185303,111.099998474121,486,449,0
11.4499998092651,89.4000015258789,43.5,2.40000009536743,99.9000015258789,496,26.7999992370605,111.099998474121,486,449,0
11.5900001525879,89.3000030517578,43.5,2.40000009536743,100.699996948242,445,28.7999992370605,111.300003051758,485,448,0
11.4200000762939,89.3000030517578,43.5,2.40000009536743,100.099998474121,504,29.7000007629395,111.5,485,448,0
11.3500003814697,89.3000030517578,43.5,2.40000009536743,86.5999984741211,450,29.7000007629395,111.300003051758,485,448,0
11.1000003814697,89.3000030517578,43.5,2.40000009536743,100,450,29.7000007629395,111.099998474121,484,447,0
11.3699998855591,89.3000030517578,43.5,2.40000009536743,100,505,30.7000007629395,111.099998474121,482,447,0
11.5500001907349,89.3000030517578,43.5,2.40000009536743,99.6999969482422,452,30.7000007629395,110.800003051758,481,446,0
11.3900003433228,89.3000030517578,43.5999984741211,2.40000009536743,100.099998474121,505,31.7000007629395,111.099998474121,481,445,0
11.3500003814697,89.3000030517578,43.5999984741211,2.40000009536743,89.9000015258789,452,21.8999996185303,111.099998474121,479,445,0
11.0699996948242,89.3000030517578,43.5999984741211,2.40000009536743,99.9000015258789,452,23.8999996185303,111.699996948242,479,445,0
11.4099998474121,89.3000030517578,43.5999984741211,2.40000009536743,100.099998474121,504,26.7999992370605,111.5,478,445,0
11.5600004196167,89.3000030517578,43.5999984741211,2.40000009536743,102.5,452,27.7999992370605,111.300003051758,477,444,0
11.3199996948242,89.3000030517578,43.5999984741211,2.40000009536743,100.099998474121,505,29.7000007629395,111.099998474121,476,444,0
11.289999961853,89.3000030517578,43.5999984741211,2.40000009536743,95.6999969482422,460,28.7999992370605,111.099998474121,475,443,0
11.0900001525879,89.3000030517578,43.5999984741211,2.40000009536743,100.300003051758,460,29.7000007629395,111.099998474121,473,443,0
11.5200004577637,89.3000030517578,43.5999984741211,2.40000009536743,99.9000015258789,511,30.7000007629395,111.099998474121,472,443,0
11.5600004196167,89.3000030517578,43.5999984741211,2.40000009536743,100.5,468,30.7000007629395,110.800003051758,472,442,0
11.4499998092651,89.3000030517578,43.5999984741211,2.40000009536743,100.099998474121,511,31.7000007629395,111.699996948242,471,442,0
11.2799997329712,89.3000030517578,43.5999984741211,2.40000009536743,91,465,29.7000007629395,111.5,469,441,0
11.25,89.3000030517578,43.5999984741211,2.40000009536743,100.099998474121,465,29.7000007629395,111.300003051758,468,441,0
11.4799995422363,89.3000030517578,43.5999984741211,2.40000009536743,99.8000030517578,508,30.7000007629395,111.099998474121,467,440,0
11.5600004196167,89.3000030517578,43.5999984741211,2.40000009536743,100.300003051758,456,30.7000007629395,111.099998474121,465,440,0
11.3800001144409,89.3000030517578,43.5999984741211,2.40000009536743,100.099998474121,507,31.7000007629395,111.099998474121,465,440,0
11.3000001907349,89.1999969482422,43.5999984741211,2.40000009536743,87.5999984741211,456,28.7999992370605,111.099998474121,464,439,0
11.1700000762939,89.1999969482422,43.5999984741211,2.40000009536743,100.099998474121,456,30.7000007629395,110.800003051758,463,438,0
11.4799995422363,89.1999969482422,43.5999984741211,2.40000009536743,99.6999969482422,507,29.7000007629395,112,461,437,0
11.4899997711182,89.1999969482422,43.5999984741211,2.40000009536743,100.199996948242,457,30.7000007629395,111.300003051758,460,437,0
11.25,89.1999969482422,43.7000007629395,2.40000009536743,100.099998474121,505,31.7000007629395,111.300003051758,459,437,0
11.3299999237061,89.1999969482422,43.7000007629395,2.40000009536743,96.0999984741211,455,29.7000007629395,111.300003051758,459,437,0
11.25,89.1999969482422,43.7000007629395,2.40000009536743,100.099998474121,455,30.7000007629395,111.099998474121,457,436,0
11.4700002670288,89.1999969482422,43.7000007629395,2.40000009536743,99.8000030517578,505,31.7000007629395,111.099998474121,457,436,0
11.5299997329712,89.1999969482422,43.7000007629395,2.40000009536743,101.699996948242,455,28.7999992370605,110.800003051758,456,435,0
11.2200002670288,89.1999969482422,43.7000007629395,2.40000009536743,100.099998474121,506,31.7000007629395,111.300003051758,454,435,0
11.3199996948242,89.1999969482422,43.7000007629395,2.40000009536743,89,456,28.7999992370605,111.699996948242,453,435,0
11.210000038147,89.0999984741211,43.7000007629395,2.40000009536743,100.099998474121,456,30.7000007629395,111.5,453,434,0
11.4300003051758,89.0999984741211,43.7000007629395,2.40000009536743,99.5999984741211,507,29.7000007629395,111.300003051758,451,433,0
11.4300003051758,89.0999984741211,43.7000007629395,2.40000009536743,99.0999984741211,456,30.7000007629395,110.800003051758,451,433,0
11.2700004577637,89.0999984741211,43.7000007629395,2.40000009536743,100.099998474121,507,31.7000007629395,111.099998474121,449,432,0
11.2700004577637,89.0999984741211,43.7000007629395,2.40000009536743,88.3000030517578,457,29.7000007629395,111.099998474121,448,432,0
11.1800003051758,89.0999984741211,43.7000007629395,2.40000009536743,100.099998474121,457,29.7000007629395,111.099998474121,447,432,0
11.3699998855591,89.0999984741211,43.7000007629395,2.40000009536743,99.5999984741211,507,30.7000007629395,111.699996948242,447,431,0
11.5500001907349,89.0999984741211,43.7000007629395,2.40000009536743,99.3000030517578,456,29.7000007629395,111.5,446,431,0
11.25,89.0999984741211,43.7000007629395,2.40000009536743,100,506,31.7000007629395,111.5,444,430,0
11.4399995803833,89.0999984741211,43.7000007629395,2.40000009536743,96.9000015258789,457,29.7000007629395,111.099998474121,443,430,0
11.2600002288818,89,43.7000007629395,2.40000009536743,100,457,30.7000007629395,111.300003051758,442,429,0
11.4799995422363,89,43.7000007629395,2.40000009536743,99.5,508,29.7000007629395,111.099998474121,441,429,0
11.5600004196167,89,43.7999992370605,2.40000009536743,99.3000030517578,459,30.7000007629395,111.099998474121,441,429,0
11.3199996948242,89,43.7999992370605,2.40000009536743,100.099998474121,508,31.7000007629395,111.099998474121,440,429,0
12.3500003814697,89,43.7999992370605,2.40000009536743,88.6999969482422,457,29.7000007629395,111.699996948242,439,428,0
12.4399995803833,89,43.7999992370605,2.40000009536743,100.099998474121,0,28.7999992370605,111.699996948242,437,427,0
12.3500003814697,88.9000015258789,43.7999992370605,2.40000009536743,100,0,26.7999992370605,111.300003051758,436,427,0
